id,name,category,price,stock
1,stationery-1,stationery,1.37,7
2,peripherals-2,peripherals,2.74,14
3,storage-3,storage,4.11,21
4,lighting-4,lighting,5.48,28
5,breakroom-5,breakroom,6.85,35
6,furniture-6,furniture,8.22,42
7,stationery-7,stationery,9.59,49
8,peripherals-8,peripherals,10.96,56
9,storage-9,storage,12.33,63
10,lighting-10,lighting,13.70,70
11,breakroom-11,breakroom,15.07,77
12,furniture-12,furniture,16.44,84
13,stationery-13,stationery,17.81,91
14,peripherals-14,peripherals,19.18,98
15,storage-15,storage,20.55,105
16,lighting-16,lighting,21.92,112
17,breakroom-17,breakroom,23.29,119
18,furniture-18,furniture,24.66,126
19,stationery-19,stationery,26.03,133
20,peripherals-20,peripherals,27.40,140
21,storage-21,storage,28.77,147
22,lighting-22,lighting,30.14,154
23,breakroom-23,breakroom,31.51,161
24,furniture-24,furniture,32.88,168
25,stationery-25,stationery,34.25,175
26,peripherals-26,peripherals,35.62,182
27,storage-27,storage,36.99,189
28,lighting-28,lighting,38.36,196
29,breakroom-29,breakroom,39.73,203
30,furniture-30,furniture,41.10,210
31,stationery-31,stationery,42.47,217
32,peripherals-32,peripherals,43.84,224
33,storage-33,storage,45.21,231
34,lighting-34,lighting,46.58,238
35,breakroom-35,breakroom,47.95,245
36,furniture-36,furniture,49.32,252
37,stationery-37,stationery,50.69,259
38,peripherals-38,peripherals,52.06,266
39,storage-39,storage,53.43,273
40,lighting-40,lighting,54.80,280
41,breakroom-41,breakroom,56.17,287
42,furniture-42,furniture,57.54,294
43,stationery-43,stationery,58.91,301
44,peripherals-44,peripherals,60.28,308
45,storage-45,storage,61.65,315
46,lighting-46,lighting,63.02,322
47,breakroom-47,breakroom,64.39,329
48,furniture-48,furniture,65.76,336
49,stationery-49,stationery,67.13,343
50,peripherals-50,peripherals,68.50,350
51,storage-51,storage,69.87,357
52,lighting-52,lighting,71.24,364
53,breakroom-53,breakroom,72.61,371
54,furniture-54,furniture,73.98,378
55,stationery-55,stationery,75.35,385
56,peripherals-56,peripherals,76.72,392
57,storage-57,storage,78.09,399
58,lighting-58,lighting,79.46,406
59,breakroom-59,breakroom,80.83,413
60,furniture-60,furniture,82.20,420
61,stationery-61,stationery,83.57,427
62,peripherals-62,peripherals,84.94,434
63,storage-63,storage,86.31,441
64,lighting-64,lighting,87.68,448
65,breakroom-65,breakroom,89.05,455
66,furniture-66,furniture,90.42,462
67,stationery-67,stationery,91.79,469
68,peripherals-68,peripherals,93.16,476
69,storage-69,storage,94.53,483
70,lighting-70,lighting,95.90,490
71,breakroom-71,breakroom,97.27,497
72,furniture-72,furniture,98.64,4
73,stationery-73,stationery,0.01,11
74,peripherals-74,peripherals,1.38,18
75,storage-75,storage,2.75,25
76,lighting-76,lighting,4.12,32
77,breakroom-77,breakroom,5.49,39
78,furniture-78,furniture,6.86,46
79,stationery-79,stationery,8.23,53
80,peripherals-80,peripherals,9.60,60
81,storage-81,storage,10.97,67
82,lighting-82,lighting,12.34,74
83,breakroom-83,breakroom,13.71,81
84,furniture-84,furniture,15.08,88
85,stationery-85,stationery,16.45,95
86,peripherals-86,peripherals,17.82,102
87,storage-87,storage,19.19,109
88,lighting-88,lighting,20.56,116
89,breakroom-89,breakroom,21.93,123
90,furniture-90,furniture,23.30,130
91,stationery-91,stationery,24.67,137
92,peripherals-92,peripherals,26.04,144
93,storage-93,storage,27.41,151
94,lighting-94,lighting,28.78,158
95,breakroom-95,breakroom,30.15,165
96,furniture-96,furniture,31.52,172
97,stationery-97,stationery,32.89,179
98,peripherals-98,peripherals,34.26,186
99,storage-99,storage,35.63,193
100,lighting-100,lighting,37.00,200
101,breakroom-101,breakroom,38.37,207
102,furniture-102,furniture,39.74,214
103,stationery-103,stationery,41.11,221
104,peripherals-104,peripherals,42.48,228
105,storage-105,storage,43.85,235
106,lighting-106,lighting,45.22,242
107,breakroom-107,breakroom,46.59,249
108,furniture-108,furniture,47.96,256
109,stationery-109,stationery,49.33,263
110,peripherals-110,peripherals,50.70,270
111,storage-111,storage,52.07,277
112,lighting-112,lighting,53.44,284
113,breakroom-113,breakroom,54.81,291
114,furniture-114,furniture,56.18,298
115,stationery-115,stationery,57.55,305
116,peripherals-116,peripherals,58.92,312
117,storage-117,storage,60.29,319
118,lighting-118,lighting,61.66,326
119,breakroom-119,breakroom,63.03,333
120,furniture-120,furniture,64.40,340
121,stationery-121,stationery,65.77,347
122,peripherals-122,peripherals,67.14,354
123,storage-123,storage,68.51,361
124,lighting-124,lighting,69.88,368
125,breakroom-125,breakroom,71.25,375
126,furniture-126,furniture,72.62,382
127,stationery-127,stationery,73.99,389
128,peripherals-128,peripherals,75.36,396
129,storage-129,storage,76.73,403
130,lighting-130,lighting,78.10,410
131,breakroom-131,breakroom,79.47,417
132,furniture-132,furniture,80.84,424
133,stationery-133,stationery,82.21,431
134,peripherals-134,peripherals,83.58,438
135,storage-135,storage,84.95,445
136,lighting-136,lighting,86.32,452
137,breakroom-137,breakroom,87.69,459
138,furniture-138,furniture,89.06,466
139,stationery-139,stationery,90.43,473
140,peripherals-140,peripherals,91.80,480
141,storage-141,storage,93.17,487
142,lighting-142,lighting,94.54,494
143,breakroom-143,breakroom,95.91,1
144,furniture-144,furniture,97.28,8
145,stationery-145,stationery,98.65,15
146,peripherals-146,peripherals,0.02,22
147,storage-147,storage,1.39,29
148,lighting-148,lighting,2.76,36
149,breakroom-149,breakroom,4.13,43
150,furniture-150,furniture,5.50,50
151,stationery-151,stationery,6.87,57
152,peripherals-152,peripherals,8.24,64
153,storage-153,storage,9.61,71
154,lighting-154,lighting,10.98,78
155,breakroom-155,breakroom,12.35,85
156,furniture-156,furniture,13.72,92
157,stationery-157,stationery,15.09,99
158,peripherals-158,peripherals,16.46,106
159,storage-159,storage,17.83,113
160,lighting-160,lighting,19.20,120
161,breakroom-161,breakroom,20.57,127
162,furniture-162,furniture,21.94,134
163,stationery-163,stationery,23.31,141
164,peripherals-164,peripherals,24.68,148
165,storage-165,storage,26.05,155
166,lighting-166,lighting,27.42,162
167,breakroom-167,breakroom,28.79,169
168,furniture-168,furniture,30.16,176
169,stationery-169,stationery,31.53,183
170,peripherals-170,peripherals,32.90,190
171,storage-171,storage,34.27,197
172,lighting-172,lighting,35.64,204
173,breakroom-173,breakroom,37.01,211
174,furniture-174,furniture,38.38,218
175,stationery-175,stationery,39.75,225
176,peripherals-176,peripherals,41.12,232
177,storage-177,storage,42.49,239
178,lighting-178,lighting,43.86,246
179,breakroom-179,breakroom,45.23,253
180,furniture-180,furniture,46.60,260
181,stationery-181,stationery,47.97,267
182,peripherals-182,peripherals,49.34,274
183,storage-183,storage,50.71,281
184,lighting-184,lighting,52.08,288
185,breakroom-185,breakroom,53.45,295
186,furniture-186,furniture,54.82,302
187,stationery-187,stationery,56.19,309
188,peripherals-188,peripherals,57.56,316
189,storage-189,storage,58.93,323
190,lighting-190,lighting,60.30,330
191,breakroom-191,breakroom,61.67,337
192,furniture-192,furniture,63.04,344
193,stationery-193,stationery,64.41,351
194,peripherals-194,peripherals,65.78,358
195,storage-195,storage,67.15,365
196,lighting-196,lighting,68.52,372
197,breakroom-197,breakroom,69.89,379
198,furniture-198,furniture,71.26,386
199,stationery-199,stationery,72.63,393
200,peripherals-200,peripherals,74.00,400
201,storage-201,storage,75.37,407
202,lighting-202,lighting,76.74,414
203,breakroom-203,breakroom,78.11,421
204,furniture-204,furniture,79.48,428
205,stationery-205,stationery,80.85,435
206,peripherals-206,peripherals,82.22,442
207,storage-207,storage,83.59,449
208,lighting-208,lighting,84.96,456
209,breakroom-209,breakroom,86.33,463
210,furniture-210,furniture,87.70,470
211,stationery-211,stationery,89.07,477
212,peripherals-212,peripherals,90.44,484
213,storage-213,storage,91.81,491
214,lighting-214,lighting,93.18,498
215,breakroom-215,breakroom,94.55,5
216,furniture-216,furniture,95.92,12
217,stationery-217,stationery,97.29,19
218,peripherals-218,peripherals,98.66,26
219,storage-219,storage,0.03,33
220,lighting-220,lighting,1.40,40
221,breakroom-221,breakroom,2.77,47
222,furniture-222,furniture,4.14,54
223,stationery-223,stationery,5.51,61
224,peripherals-224,peripherals,6.88,68
225,storage-225,storage,8.25,75
226,lighting-226,lighting,9.62,82
227,breakroom-227,breakroom,10.99,89
228,furniture-228,furniture,12.36,96
229,stationery-229,stationery,13.73,103
230,peripherals-230,peripherals,15.10,110
231,storage-231,storage,16.47,117
232,lighting-232,lighting,17.84,124
233,breakroom-233,breakroom,19.21,131
234,furniture-234,furniture,20.58,138
235,stationery-235,stationery,21.95,145
236,peripherals-236,peripherals,23.32,152
237,storage-237,storage,24.69,159
238,lighting-238,lighting,26.06,166
239,breakroom-239,breakroom,27.43,173
240,furniture-240,furniture,28.80,180
241,stationery-241,stationery,30.17,187
242,peripherals-242,peripherals,31.54,194
243,storage-243,storage,32.91,201
244,lighting-244,lighting,34.28,208
245,breakroom-245,breakroom,35.65,215
246,furniture-246,furniture,37.02,222
247,stationery-247,stationery,38.39,229
248,peripherals-248,peripherals,39.76,236
249,storage-249,storage,41.13,243
250,lighting-250,lighting,42.50,250
251,breakroom-251,breakroom,43.87,257
252,furniture-252,furniture,45.24,264
253,stationery-253,stationery,46.61,271
254,peripherals-254,peripherals,47.98,278
255,storage-255,storage,49.35,285
256,lighting-256,lighting,50.72,292
257,breakroom-257,breakroom,52.09,299
258,furniture-258,furniture,53.46,306
259,stationery-259,stationery,54.83,313
260,peripherals-260,peripherals,56.20,320
261,storage-261,storage,57.57,327
262,lighting-262,lighting,58.94,334
263,breakroom-263,breakroom,60.31,341
264,furniture-264,furniture,61.68,348
265,stationery-265,stationery,63.05,355
266,peripherals-266,peripherals,64.42,362
267,storage-267,storage,65.79,369
268,lighting-268,lighting,67.16,376
269,breakroom-269,breakroom,68.53,383
270,furniture-270,furniture,69.90,390
271,stationery-271,stationery,71.27,397
272,peripherals-272,peripherals,72.64,404
273,storage-273,storage,74.01,411
274,lighting-274,lighting,75.38,418
275,breakroom-275,breakroom,76.75,425
276,furniture-276,furniture,78.12,432
277,stationery-277,stationery,79.49,439
278,peripherals-278,peripherals,80.86,446
279,storage-279,storage,82.23,453
280,lighting-280,lighting,83.60,460
281,breakroom-281,breakroom,84.97,467
282,furniture-282,furniture,86.34,474
283,stationery-283,stationery,87.71,481
284,peripherals-284,peripherals,89.08,488
285,storage-285,storage,90.45,495
286,lighting-286,lighting,91.82,2
287,breakroom-287,breakroom,93.19,9
288,furniture-288,furniture,94.56,16
289,stationery-289,stationery,95.93,23
290,peripherals-290,peripherals,97.30,30
291,storage-291,storage,98.67,37
292,lighting-292,lighting,0.04,44
293,breakroom-293,breakroom,1.41,51
294,furniture-294,furniture,2.78,58
295,stationery-295,stationery,4.15,65
296,peripherals-296,peripherals,5.52,72
297,storage-297,storage,6.89,79
298,lighting-298,lighting,8.26,86
299,breakroom-299,breakroom,9.63,93
300,furniture-300,furniture,11.00,100
301,stationery-301,stationery,12.37,107
302,peripherals-302,peripherals,13.74,114
303,storage-303,storage,15.11,121
304,lighting-304,lighting,16.48,128
305,breakroom-305,breakroom,17.85,135
306,furniture-306,furniture,19.22,142
307,stationery-307,stationery,20.59,149
308,peripherals-308,peripherals,21.96,156
309,storage-309,storage,23.33,163
310,lighting-310,lighting,24.70,170
311,breakroom-311,breakroom,26.07,177
312,furniture-312,furniture,27.44,184
313,stationery-313,stationery,28.81,191
314,peripherals-314,peripherals,30.18,198
315,storage-315,storage,31.55,205
316,lighting-316,lighting,32.92,212
317,breakroom-317,breakroom,34.29,219
318,furniture-318,furniture,35.66,226
319,stationery-319,stationery,37.03,233
320,peripherals-320,peripherals,38.40,240
321,storage-321,storage,39.77,247
322,lighting-322,lighting,41.14,254
323,breakroom-323,breakroom,42.51,261
324,furniture-324,furniture,43.88,268
325,stationery-325,stationery,45.25,275
326,peripherals-326,peripherals,46.62,282
327,storage-327,storage,47.99,289
328,lighting-328,lighting,49.36,296
329,breakroom-329,breakroom,50.73,303
330,furniture-330,furniture,52.10,310
331,stationery-331,stationery,53.47,317
332,peripherals-332,peripherals,54.84,324
333,storage-333,storage,56.21,331
334,lighting-334,lighting,57.58,338
335,breakroom-335,breakroom,58.95,345
336,furniture-336,furniture,60.32,352
337,stationery-337,stationery,61.69,359
338,peripherals-338,peripherals,63.06,366
339,storage-339,storage,64.43,373
340,lighting-340,lighting,65.80,380
341,breakroom-341,breakroom,67.17,387
342,furniture-342,furniture,68.54,394
343,stationery-343,stationery,69.91,401
344,peripherals-344,peripherals,71.28,408
345,storage-345,storage,72.65,415
346,lighting-346,lighting,74.02,422
347,breakroom-347,breakroom,75.39,429
348,furniture-348,furniture,76.76,436
349,stationery-349,stationery,78.13,443
350,peripherals-350,peripherals,79.50,450
351,storage-351,storage,80.87,457
352,lighting-352,lighting,82.24,464
353,breakroom-353,breakroom,83.61,471
354,furniture-354,furniture,84.98,478
355,stationery-355,stationery,86.35,485
356,peripherals-356,peripherals,87.72,492
357,storage-357,storage,89.09,499
358,lighting-358,lighting,90.46,6
359,breakroom-359,breakroom,91.83,13
360,furniture-360,furniture,93.20,20
361,stationery-361,stationery,94.57,27
362,peripherals-362,peripherals,95.94,34
363,storage-363,storage,97.31,41
364,lighting-364,lighting,98.68,48
365,breakroom-365,breakroom,0.05,55
366,furniture-366,furniture,1.42,62
367,stationery-367,stationery,2.79,69
368,peripherals-368,peripherals,4.16,76
369,storage-369,storage,5.53,83
370,lighting-370,lighting,6.90,90
371,breakroom-371,breakroom,8.27,97
372,furniture-372,furniture,9.64,104
373,stationery-373,stationery,11.01,111
374,peripherals-374,peripherals,12.38,118
375,storage-375,storage,13.75,125
376,lighting-376,lighting,15.12,132
377,breakroom-377,breakroom,16.49,139
378,furniture-378,furniture,17.86,146
379,stationery-379,stationery,19.23,153
380,peripherals-380,peripherals,20.60,160
381,storage-381,storage,21.97,167
382,lighting-382,lighting,23.34,174
383,breakroom-383,breakroom,24.71,181
384,furniture-384,furniture,26.08,188
385,stationery-385,stationery,27.45,195
386,peripherals-386,peripherals,28.82,202
387,storage-387,storage,30.19,209
388,lighting-388,lighting,31.56,216
389,breakroom-389,breakroom,32.93,223
390,furniture-390,furniture,34.30,230
391,stationery-391,stationery,35.67,237
392,peripherals-392,peripherals,37.04,244
393,storage-393,storage,38.41,251
394,lighting-394,lighting,39.78,258
395,breakroom-395,breakroom,41.15,265
396,furniture-396,furniture,42.52,272
397,stationery-397,stationery,43.89,279
398,peripherals-398,peripherals,45.26,286
399,storage-399,storage,46.63,293
400,lighting-400,lighting,48.00,300
401,breakroom-401,breakroom,49.37,307
402,furniture-402,furniture,50.74,314
403,stationery-403,stationery,52.11,321
404,peripherals-404,peripherals,53.48,328
405,storage-405,storage,54.85,335
406,lighting-406,lighting,56.22,342
407,breakroom-407,breakroom,57.59,349
408,furniture-408,furniture,58.96,356
409,stationery-409,stationery,60.33,363
410,peripherals-410,peripherals,61.70,370
411,storage-411,storage,63.07,377
412,lighting-412,lighting,64.44,384
413,breakroom-413,breakroom,65.81,391
414,furniture-414,furniture,67.18,398
415,stationery-415,stationery,68.55,405
416,peripherals-416,peripherals,69.92,412
417,storage-417,storage,71.29,419
418,lighting-418,lighting,72.66,426
419,breakroom-419,breakroom,74.03,433
420,furniture-420,furniture,75.40,440
421,stationery-421,stationery,76.77,447
422,peripherals-422,peripherals,78.14,454
423,storage-423,storage,79.51,461
424,lighting-424,lighting,80.88,468
425,breakroom-425,breakroom,82.25,475
426,furniture-426,furniture,83.62,482
427,stationery-427,stationery,84.99,489
428,peripherals-428,peripherals,86.36,496
429,storage-429,storage,87.73,3
430,lighting-430,lighting,89.10,10
431,breakroom-431,breakroom,90.47,17
432,furniture-432,furniture,91.84,24
433,stationery-433,stationery,93.21,31
434,peripherals-434,peripherals,94.58,38
435,storage-435,storage,95.95,45
436,lighting-436,lighting,97.32,52
437,breakroom-437,breakroom,98.69,59
438,furniture-438,furniture,0.06,66
439,stationery-439,stationery,1.43,73
440,peripherals-440,peripherals,2.80,80
441,storage-441,storage,4.17,87
442,lighting-442,lighting,5.54,94
443,breakroom-443,breakroom,6.91,101
444,furniture-444,furniture,8.28,108
445,stationery-445,stationery,9.65,115
446,peripherals-446,peripherals,11.02,122
447,storage-447,storage,12.39,129
448,lighting-448,lighting,13.76,136
449,breakroom-449,breakroom,15.13,143
450,furniture-450,furniture,16.50,150
451,stationery-451,stationery,17.87,157
452,peripherals-452,peripherals,19.24,164
453,storage-453,storage,20.61,171
454,lighting-454,lighting,21.98,178
455,breakroom-455,breakroom,23.35,185
456,furniture-456,furniture,24.72,192
457,stationery-457,stationery,26.09,199
458,peripherals-458,peripherals,27.46,206
459,storage-459,storage,28.83,213
460,lighting-460,lighting,30.20,220
461,breakroom-461,breakroom,31.57,227
462,furniture-462,furniture,32.94,234
463,stationery-463,stationery,34.31,241
464,peripherals-464,peripherals,35.68,248
465,storage-465,storage,37.05,255
466,lighting-466,lighting,38.42,262
467,breakroom-467,breakroom,39.79,269
468,furniture-468,furniture,41.16,276
469,stationery-469,stationery,42.53,283
470,peripherals-470,peripherals,43.90,290
471,storage-471,storage,45.27,297
472,lighting-472,lighting,46.64,304
473,breakroom-473,breakroom,48.01,311
474,furniture-474,furniture,49.38,318
475,stationery-475,stationery,50.75,325
476,peripherals-476,peripherals,52.12,332
477,storage-477,storage,53.49,339
478,lighting-478,lighting,54.86,346
479,breakroom-479,breakroom,56.23,353
480,furniture-480,furniture,57.60,360
481,stationery-481,stationery,58.97,367
482,peripherals-482,peripherals,60.34,374
483,storage-483,storage,61.71,381
484,lighting-484,lighting,63.08,388
485,breakroom-485,breakroom,64.45,395
486,furniture-486,furniture,65.82,402
487,stationery-487,stationery,67.19,409
488,peripherals-488,peripherals,68.56,416
489,storage-489,storage,69.93,423
490,lighting-490,lighting,71.30,430
491,breakroom-491,breakroom,72.67,437
492,furniture-492,furniture,74.04,444
493,stationery-493,stationery,75.41,451
494,peripherals-494,peripherals,76.78,458
495,storage-495,storage,78.15,465
496,lighting-496,lighting,79.52,472
497,breakroom-497,breakroom,80.89,479
498,furniture-498,furniture,82.26,486
499,stationery-499,stationery,83.63,493
500,peripherals-500,peripherals,85.00,0
501,storage-501,storage,86.37,7
502,lighting-502,lighting,87.74,14
503,breakroom-503,breakroom,89.11,21
504,furniture-504,furniture,90.48,28
505,stationery-505,stationery,91.85,35
506,peripherals-506,peripherals,93.22,42
507,storage-507,storage,94.59,49
508,lighting-508,lighting,95.96,56
509,breakroom-509,breakroom,97.33,63
510,furniture-510,furniture,98.70,70
511,stationery-511,stationery,0.07,77
512,peripherals-512,peripherals,1.44,84
513,storage-513,storage,2.81,91
514,lighting-514,lighting,4.18,98
515,breakroom-515,breakroom,5.55,105
516,furniture-516,furniture,6.92,112
517,stationery-517,stationery,8.29,119
518,peripherals-518,peripherals,9.66,126
519,storage-519,storage,11.03,133
520,lighting-520,lighting,12.40,140
521,breakroom-521,breakroom,13.77,147
522,furniture-522,furniture,15.14,154
523,stationery-523,stationery,16.51,161
524,peripherals-524,peripherals,17.88,168
525,storage-525,storage,19.25,175
526,lighting-526,lighting,20.62,182
527,breakroom-527,breakroom,21.99,189
528,furniture-528,furniture,23.36,196
529,stationery-529,stationery,24.73,203
530,peripherals-530,peripherals,26.10,210
531,storage-531,storage,27.47,217
532,lighting-532,lighting,28.84,224
533,breakroom-533,breakroom,30.21,231
534,furniture-534,furniture,31.58,238
535,stationery-535,stationery,32.95,245
536,peripherals-536,peripherals,34.32,252
537,storage-537,storage,35.69,259
538,lighting-538,lighting,37.06,266
539,breakroom-539,breakroom,38.43,273
540,furniture-540,furniture,39.80,280
541,stationery-541,stationery,41.17,287
542,peripherals-542,peripherals,42.54,294
543,storage-543,storage,43.91,301
544,lighting-544,lighting,45.28,308
545,breakroom-545,breakroom,46.65,315
546,furniture-546,furniture,48.02,322
547,stationery-547,stationery,49.39,329
548,peripherals-548,peripherals,50.76,336
549,storage-549,storage,52.13,343
550,lighting-550,lighting,53.50,350
551,breakroom-551,breakroom,54.87,357
552,furniture-552,furniture,56.24,364
553,stationery-553,stationery,57.61,371
554,peripherals-554,peripherals,58.98,378
555,storage-555,storage,60.35,385
556,lighting-556,lighting,61.72,392
557,breakroom-557,breakroom,63.09,399
558,furniture-558,furniture,64.46,406
559,stationery-559,stationery,65.83,413
560,peripherals-560,peripherals,67.20,420
561,storage-561,storage,68.57,427
562,lighting-562,lighting,69.94,434
563,breakroom-563,breakroom,71.31,441
564,furniture-564,furniture,72.68,448
565,stationery-565,stationery,74.05,455
566,peripherals-566,peripherals,75.42,462
567,storage-567,storage,76.79,469
568,lighting-568,lighting,78.16,476
569,breakroom-569,breakroom,79.53,483
570,furniture-570,furniture,80.90,490
571,stationery-571,stationery,82.27,497
572,peripherals-572,peripherals,83.64,4
573,storage-573,storage,85.01,11
574,lighting-574,lighting,86.38,18
575,breakroom-575,breakroom,87.75,25
576,furniture-576,furniture,89.12,32
577,stationery-577,stationery,90.49,39
578,peripherals-578,peripherals,91.86,46
579,storage-579,storage,93.23,53
580,lighting-580,lighting,94.60,60
581,breakroom-581,breakroom,95.97,67
582,furniture-582,furniture,97.34,74
583,stationery-583,stationery,98.71,81
584,peripherals-584,peripherals,0.08,88
585,storage-585,storage,1.45,95
586,lighting-586,lighting,2.82,102
587,breakroom-587,breakroom,4.19,109
588,furniture-588,furniture,5.56,116
589,stationery-589,stationery,6.93,123
590,peripherals-590,peripherals,8.30,130
591,storage-591,storage,9.67,137
592,lighting-592,lighting,11.04,144
593,breakroom-593,breakroom,12.41,151
594,furniture-594,furniture,13.78,158
595,stationery-595,stationery,15.15,165
596,peripherals-596,peripherals,16.52,172
597,storage-597,storage,17.89,179
598,lighting-598,lighting,19.26,186
599,breakroom-599,breakroom,20.63,193
600,furniture-600,furniture,22.00,200
601,stationery-601,stationery,23.37,207
602,peripherals-602,peripherals,24.74,214
603,storage-603,storage,26.11,221
604,lighting-604,lighting,27.48,228
605,breakroom-605,breakroom,28.85,235
606,furniture-606,furniture,30.22,242
607,stationery-607,stationery,31.59,249
608,peripherals-608,peripherals,32.96,256
609,storage-609,storage,34.33,263
610,lighting-610,lighting,35.70,270
611,breakroom-611,breakroom,37.07,277
612,furniture-612,furniture,38.44,284
613,stationery-613,stationery,39.81,291
614,peripherals-614,peripherals,41.18,298
615,storage-615,storage,42.55,305
616,lighting-616,lighting,43.92,312
617,breakroom-617,breakroom,45.29,319
618,furniture-618,furniture,46.66,326
619,stationery-619,stationery,48.03,333
620,peripherals-620,peripherals,49.40,340
621,storage-621,storage,50.77,347
622,lighting-622,lighting,52.14,354
623,breakroom-623,breakroom,53.51,361
624,furniture-624,furniture,54.88,368
625,stationery-625,stationery,56.25,375
626,peripherals-626,peripherals,57.62,382
627,storage-627,storage,58.99,389
628,lighting-628,lighting,60.36,396
629,breakroom-629,breakroom,61.73,403
630,furniture-630,furniture,63.10,410
631,stationery-631,stationery,64.47,417
632,peripherals-632,peripherals,65.84,424
633,storage-633,storage,67.21,431
634,lighting-634,lighting,68.58,438
635,breakroom-635,breakroom,69.95,445
636,furniture-636,furniture,71.32,452
637,stationery-637,stationery,72.69,459
638,peripherals-638,peripherals,74.06,466
639,storage-639,storage,75.43,473
640,lighting-640,lighting,76.80,480
641,breakroom-641,breakroom,78.17,487
642,furniture-642,furniture,79.54,494
643,stationery-643,stationery,80.91,1
644,peripherals-644,peripherals,82.28,8
645,storage-645,storage,83.65,15
646,lighting-646,lighting,85.02,22
647,breakroom-647,breakroom,86.39,29
648,furniture-648,furniture,87.76,36
649,stationery-649,stationery,89.13,43
650,peripherals-650,peripherals,90.50,50
651,storage-651,storage,91.87,57
652,lighting-652,lighting,93.24,64
653,breakroom-653,breakroom,94.61,71
654,furniture-654,furniture,95.98,78
655,stationery-655,stationery,97.35,85
656,peripherals-656,peripherals,98.72,92
657,storage-657,storage,0.09,99
658,lighting-658,lighting,1.46,106
659,breakroom-659,breakroom,2.83,113
660,furniture-660,furniture,4.20,120
661,stationery-661,stationery,5.57,127
662,peripherals-662,peripherals,6.94,134
663,storage-663,storage,8.31,141
664,lighting-664,lighting,9.68,148
665,breakroom-665,breakroom,11.05,155
666,furniture-666,furniture,12.42,162
667,stationery-667,stationery,13.79,169
668,peripherals-668,peripherals,15.16,176
669,storage-669,storage,16.53,183
670,lighting-670,lighting,17.90,190
671,breakroom-671,breakroom,19.27,197
672,furniture-672,furniture,20.64,204
673,stationery-673,stationery,22.01,211
674,peripherals-674,peripherals,23.38,218
675,storage-675,storage,24.75,225
676,lighting-676,lighting,26.12,232
677,breakroom-677,breakroom,27.49,239
678,furniture-678,furniture,28.86,246
679,stationery-679,stationery,30.23,253
680,peripherals-680,peripherals,31.60,260
681,storage-681,storage,32.97,267
682,lighting-682,lighting,34.34,274
683,breakroom-683,breakroom,35.71,281
684,furniture-684,furniture,37.08,288
685,stationery-685,stationery,38.45,295
686,peripherals-686,peripherals,39.82,302
687,storage-687,storage,41.19,309
688,lighting-688,lighting,42.56,316
689,breakroom-689,breakroom,43.93,323
690,furniture-690,furniture,45.30,330
691,stationery-691,stationery,46.67,337
692,peripherals-692,peripherals,48.04,344
693,storage-693,storage,49.41,351
694,lighting-694,lighting,50.78,358
695,breakroom-695,breakroom,52.15,365
696,furniture-696,furniture,53.52,372
697,stationery-697,stationery,54.89,379
698,peripherals-698,peripherals,56.26,386
699,storage-699,storage,57.63,393
700,lighting-700,lighting,59.00,400
701,breakroom-701,breakroom,60.37,407
702,furniture-702,furniture,61.74,414
703,stationery-703,stationery,63.11,421
704,peripherals-704,peripherals,64.48,428
705,storage-705,storage,65.85,435
706,lighting-706,lighting,67.22,442
707,breakroom-707,breakroom,68.59,449
708,furniture-708,furniture,69.96,456
709,stationery-709,stationery,71.33,463
710,peripherals-710,peripherals,72.70,470
711,storage-711,storage,74.07,477
712,lighting-712,lighting,75.44,484
713,breakroom-713,breakroom,76.81,491
714,furniture-714,furniture,78.18,498
715,stationery-715,stationery,79.55,5
716,peripherals-716,peripherals,80.92,12
717,storage-717,storage,82.29,19
718,lighting-718,lighting,83.66,26
719,breakroom-719,breakroom,85.03,33
720,furniture-720,furniture,86.40,40
721,stationery-721,stationery,87.77,47
722,peripherals-722,peripherals,89.14,54
723,storage-723,storage,90.51,61
724,lighting-724,lighting,91.88,68
725,breakroom-725,breakroom,93.25,75
726,furniture-726,furniture,94.62,82
727,stationery-727,stationery,95.99,89
728,peripherals-728,peripherals,97.36,96
729,storage-729,storage,98.73,103
730,lighting-730,lighting,0.10,110
731,breakroom-731,breakroom,1.47,117
732,furniture-732,furniture,2.84,124
733,stationery-733,stationery,4.21,131
734,peripherals-734,peripherals,5.58,138
735,storage-735,storage,6.95,145
736,lighting-736,lighting,8.32,152
737,breakroom-737,breakroom,9.69,159
738,furniture-738,furniture,11.06,166
739,stationery-739,stationery,12.43,173
740,peripherals-740,peripherals,13.80,180
741,storage-741,storage,15.17,187
742,lighting-742,lighting,16.54,194
743,breakroom-743,breakroom,17.91,201
744,furniture-744,furniture,19.28,208
745,stationery-745,stationery,20.65,215
746,peripherals-746,peripherals,22.02,222
747,storage-747,storage,23.39,229
748,lighting-748,lighting,24.76,236
749,breakroom-749,breakroom,26.13,243
750,furniture-750,furniture,27.50,250
751,stationery-751,stationery,28.87,257
752,peripherals-752,peripherals,30.24,264
753,storage-753,storage,31.61,271
754,lighting-754,lighting,32.98,278
755,breakroom-755,breakroom,34.35,285
756,furniture-756,furniture,35.72,292
757,stationery-757,stationery,37.09,299
758,peripherals-758,peripherals,38.46,306
759,storage-759,storage,39.83,313
760,lighting-760,lighting,41.20,320
761,breakroom-761,breakroom,42.57,327
762,furniture-762,furniture,43.94,334
763,stationery-763,stationery,45.31,341
764,peripherals-764,peripherals,46.68,348
765,storage-765,storage,48.05,355
766,lighting-766,lighting,49.42,362
767,breakroom-767,breakroom,50.79,369
768,furniture-768,furniture,52.16,376
769,stationery-769,stationery,53.53,383
770,peripherals-770,peripherals,54.90,390
771,storage-771,storage,56.27,397
772,lighting-772,lighting,57.64,404
773,breakroom-773,breakroom,59.01,411
774,furniture-774,furniture,60.38,418
775,stationery-775,stationery,61.75,425
776,peripherals-776,peripherals,63.12,432
777,storage-777,storage,64.49,439
778,lighting-778,lighting,65.86,446
779,breakroom-779,breakroom,67.23,453
780,furniture-780,furniture,68.60,460
781,stationery-781,stationery,69.97,467
782,peripherals-782,peripherals,71.34,474
783,storage-783,storage,72.71,481
784,lighting-784,lighting,74.08,488
785,breakroom-785,breakroom,75.45,495
786,furniture-786,furniture,76.82,2
787,stationery-787,stationery,78.19,9
788,peripherals-788,peripherals,79.56,16
789,storage-789,storage,80.93,23
790,lighting-790,lighting,82.30,30
791,breakroom-791,breakroom,83.67,37
792,furniture-792,furniture,85.04,44
793,stationery-793,stationery,86.41,51
794,peripherals-794,peripherals,87.78,58
795,storage-795,storage,89.15,65
796,lighting-796,lighting,90.52,72
797,breakroom-797,breakroom,91.89,79
798,furniture-798,furniture,93.26,86
799,stationery-799,stationery,94.63,93
800,peripherals-800,peripherals,96.00,100
801,storage-801,storage,97.37,107
802,lighting-802,lighting,98.74,114
803,breakroom-803,breakroom,0.11,121
804,furniture-804,furniture,1.48,128
805,stationery-805,stationery,2.85,135
806,peripherals-806,peripherals,4.22,142
807,storage-807,storage,5.59,149
808,lighting-808,lighting,6.96,156
809,breakroom-809,breakroom,8.33,163
810,furniture-810,furniture,9.70,170
811,stationery-811,stationery,11.07,177
812,peripherals-812,peripherals,12.44,184
813,storage-813,storage,13.81,191
814,lighting-814,lighting,15.18,198
815,breakroom-815,breakroom,16.55,205
816,furniture-816,furniture,17.92,212
817,stationery-817,stationery,19.29,219
818,peripherals-818,peripherals,20.66,226
819,storage-819,storage,22.03,233
820,lighting-820,lighting,23.40,240
821,breakroom-821,breakroom,24.77,247
822,furniture-822,furniture,26.14,254
823,stationery-823,stationery,27.51,261
824,peripherals-824,peripherals,28.88,268
825,storage-825,storage,30.25,275
826,lighting-826,lighting,31.62,282
827,breakroom-827,breakroom,32.99,289
828,furniture-828,furniture,34.36,296
829,stationery-829,stationery,35.73,303
830,peripherals-830,peripherals,37.10,310
831,storage-831,storage,38.47,317
832,lighting-832,lighting,39.84,324
833,breakroom-833,breakroom,41.21,331
834,furniture-834,furniture,42.58,338
835,stationery-835,stationery,43.95,345
836,peripherals-836,peripherals,45.32,352
837,storage-837,storage,46.69,359
838,lighting-838,lighting,48.06,366
839,breakroom-839,breakroom,49.43,373
840,furniture-840,furniture,50.80,380
841,stationery-841,stationery,52.17,387
842,peripherals-842,peripherals,53.54,394
843,storage-843,storage,54.91,401
844,lighting-844,lighting,56.28,408
845,breakroom-845,breakroom,57.65,415
846,furniture-846,furniture,59.02,422
847,stationery-847,stationery,60.39,429
848,peripherals-848,peripherals,61.76,436
849,storage-849,storage,63.13,443
850,lighting-850,lighting,64.50,450
851,breakroom-851,breakroom,65.87,457
852,furniture-852,furniture,67.24,464
853,stationery-853,stationery,68.61,471
854,peripherals-854,peripherals,69.98,478
855,storage-855,storage,71.35,485
856,lighting-856,lighting,72.72,492
857,breakroom-857,breakroom,74.09,499
858,furniture-858,furniture,75.46,6
859,stationery-859,stationery,76.83,13
860,peripherals-860,peripherals,78.20,20
861,storage-861,storage,79.57,27
862,lighting-862,lighting,80.94,34
863,breakroom-863,breakroom,82.31,41
864,furniture-864,furniture,83.68,48
865,stationery-865,stationery,85.05,55
866,peripherals-866,peripherals,86.42,62
867,storage-867,storage,87.79,69
868,lighting-868,lighting,89.16,76
869,breakroom-869,breakroom,90.53,83
870,furniture-870,furniture,91.90,90
871,stationery-871,stationery,93.27,97
872,peripherals-872,peripherals,94.64,104
873,storage-873,storage,96.01,111
874,lighting-874,lighting,97.38,118
875,breakroom-875,breakroom,98.75,125
876,furniture-876,furniture,0.12,132
877,stationery-877,stationery,1.49,139
878,peripherals-878,peripherals,2.86,146
879,storage-879,storage,4.23,153
880,lighting-880,lighting,5.60,160
881,breakroom-881,breakroom,6.97,167
882,furniture-882,furniture,8.34,174
883,stationery-883,stationery,9.71,181
884,peripherals-884,peripherals,11.08,188
885,storage-885,storage,12.45,195
886,lighting-886,lighting,13.82,202
887,breakroom-887,breakroom,15.19,209
888,furniture-888,furniture,16.56,216
889,stationery-889,stationery,17.93,223
890,peripherals-890,peripherals,19.30,230
891,storage-891,storage,20.67,237
892,lighting-892,lighting,22.04,244
893,breakroom-893,breakroom,23.41,251
894,furniture-894,furniture,24.78,258
895,stationery-895,stationery,26.15,265
896,peripherals-896,peripherals,27.52,272
897,storage-897,storage,28.89,279
898,lighting-898,lighting,30.26,286
899,breakroom-899,breakroom,31.63,293
900,furniture-900,furniture,33.00,300
901,stationery-901,stationery,34.37,307
902,peripherals-902,peripherals,35.74,314
903,storage-903,storage,37.11,321
904,lighting-904,lighting,38.48,328
905,breakroom-905,breakroom,39.85,335
906,furniture-906,furniture,41.22,342
907,stationery-907,stationery,42.59,349
908,peripherals-908,peripherals,43.96,356
909,storage-909,storage,45.33,363
910,lighting-910,lighting,46.70,370
911,breakroom-911,breakroom,48.07,377
912,furniture-912,furniture,49.44,384
913,stationery-913,stationery,50.81,391
914,peripherals-914,peripherals,52.18,398
915,storage-915,storage,53.55,405
916,lighting-916,lighting,54.92,412
917,breakroom-917,breakroom,56.29,419
918,furniture-918,furniture,57.66,426
919,stationery-919,stationery,59.03,433
920,peripherals-920,peripherals,60.40,440
921,storage-921,storage,61.77,447
922,lighting-922,lighting,63.14,454
923,breakroom-923,breakroom,64.51,461
924,furniture-924,furniture,65.88,468
925,stationery-925,stationery,67.25,475
926,peripherals-926,peripherals,68.62,482
927,storage-927,storage,69.99,489
928,lighting-928,lighting,71.36,496
929,breakroom-929,breakroom,72.73,3
930,furniture-930,furniture,74.10,10
931,stationery-931,stationery,75.47,17
932,peripherals-932,peripherals,76.84,24
933,storage-933,storage,78.21,31
934,lighting-934,lighting,79.58,38
935,breakroom-935,breakroom,80.95,45
936,furniture-936,furniture,82.32,52
937,stationery-937,stationery,83.69,59
938,peripherals-938,peripherals,85.06,66
939,storage-939,storage,86.43,73
940,lighting-940,lighting,87.80,80
941,breakroom-941,breakroom,89.17,87
942,furniture-942,furniture,90.54,94
943,stationery-943,stationery,91.91,101
944,peripherals-944,peripherals,93.28,108
945,storage-945,storage,94.65,115
946,lighting-946,lighting,96.02,122
947,breakroom-947,breakroom,97.39,129
948,furniture-948,furniture,98.76,136
949,stationery-949,stationery,0.13,143
950,peripherals-950,peripherals,1.50,150
951,storage-951,storage,2.87,157
952,lighting-952,lighting,4.24,164
953,breakroom-953,breakroom,5.61,171
954,furniture-954,furniture,6.98,178
955,stationery-955,stationery,8.35,185
956,peripherals-956,peripherals,9.72,192
957,storage-957,storage,11.09,199
958,lighting-958,lighting,12.46,206
959,breakroom-959,breakroom,13.83,213
960,furniture-960,furniture,15.20,220
961,stationery-961,stationery,16.57,227
962,peripherals-962,peripherals,17.94,234
963,storage-963,storage,19.31,241
964,lighting-964,lighting,20.68,248
965,breakroom-965,breakroom,22.05,255
966,furniture-966,furniture,23.42,262
967,stationery-967,stationery,24.79,269
968,peripherals-968,peripherals,26.16,276
969,storage-969,storage,27.53,283
970,lighting-970,lighting,28.90,290
971,breakroom-971,breakroom,30.27,297
972,furniture-972,furniture,31.64,304
973,stationery-973,stationery,33.01,311
974,peripherals-974,peripherals,34.38,318
975,storage-975,storage,35.75,325
976,lighting-976,lighting,37.12,332
977,breakroom-977,breakroom,38.49,339
978,furniture-978,furniture,39.86,346
979,stationery-979,stationery,41.23,353
980,peripherals-980,peripherals,42.60,360
981,storage-981,storage,43.97,367
982,lighting-982,lighting,45.34,374
983,breakroom-983,breakroom,46.71,381
984,furniture-984,furniture,48.08,388
985,stationery-985,stationery,49.45,395
986,peripherals-986,peripherals,50.82,402
987,storage-987,storage,52.19,409
988,lighting-988,lighting,53.56,416
989,breakroom-989,breakroom,54.93,423
990,furniture-990,furniture,56.30,430
991,stationery-991,stationery,57.67,437
992,peripherals-992,peripherals,59.04,444
993,storage-993,storage,60.41,451
994,lighting-994,lighting,61.78,458
995,breakroom-995,breakroom,63.15,465
996,furniture-996,furniture,64.52,472
997,stationery-997,stationery,65.89,479
998,peripherals-998,peripherals,67.26,486
999,storage-999,storage,68.63,493
1000,lighting-1000,lighting,70.00,0
1001,breakroom-1001,breakroom,71.37,7
1002,furniture-1002,furniture,72.74,14
1003,stationery-1003,stationery,74.11,21
1004,peripherals-1004,peripherals,75.48,28
1005,storage-1005,storage,76.85,35
1006,lighting-1006,lighting,78.22,42
1007,breakroom-1007,breakroom,79.59,49
1008,furniture-1008,furniture,80.96,56
1009,stationery-1009,stationery,82.33,63
1010,peripherals-1010,peripherals,83.70,70
1011,storage-1011,storage,85.07,77
1012,lighting-1012,lighting,86.44,84
1013,breakroom-1013,breakroom,87.81,91
1014,furniture-1014,furniture,89.18,98
1015,stationery-1015,stationery,90.55,105
1016,peripherals-1016,peripherals,91.92,112
1017,storage-1017,storage,93.29,119
1018,lighting-1018,lighting,94.66,126
1019,breakroom-1019,breakroom,96.03,133
1020,furniture-1020,furniture,97.40,140
1021,stationery-1021,stationery,98.77,147
1022,peripherals-1022,peripherals,0.14,154
1023,storage-1023,storage,1.51,161
1024,lighting-1024,lighting,2.88,168
1025,breakroom-1025,breakroom,4.25,175
1026,furniture-1026,furniture,5.62,182
1027,stationery-1027,stationery,6.99,189
1028,peripherals-1028,peripherals,8.36,196
1029,storage-1029,storage,9.73,203
1030,lighting-1030,lighting,11.10,210
1031,breakroom-1031,breakroom,12.47,217
1032,furniture-1032,furniture,13.84,224
1033,stationery-1033,stationery,15.21,231
1034,peripherals-1034,peripherals,16.58,238
1035,storage-1035,storage,17.95,245
1036,lighting-1036,lighting,19.32,252
1037,breakroom-1037,breakroom,20.69,259
1038,furniture-1038,furniture,22.06,266
1039,stationery-1039,stationery,23.43,273
1040,peripherals-1040,peripherals,24.80,280
1041,storage-1041,storage,26.17,287
1042,lighting-1042,lighting,27.54,294
1043,breakroom-1043,breakroom,28.91,301
1044,furniture-1044,furniture,30.28,308
1045,stationery-1045,stationery,31.65,315
1046,peripherals-1046,peripherals,33.02,322
1047,storage-1047,storage,34.39,329
1048,lighting-1048,lighting,35.76,336
1049,breakroom-1049,breakroom,37.13,343
1050,furniture-1050,furniture,38.50,350
1051,stationery-1051,stationery,39.87,357
1052,peripherals-1052,peripherals,41.24,364
1053,storage-1053,storage,42.61,371
1054,lighting-1054,lighting,43.98,378
1055,breakroom-1055,breakroom,45.35,385
1056,furniture-1056,furniture,46.72,392
1057,stationery-1057,stationery,48.09,399
1058,peripherals-1058,peripherals,49.46,406
1059,storage-1059,storage,50.83,413
1060,lighting-1060,lighting,52.20,420
1061,breakroom-1061,breakroom,53.57,427
1062,furniture-1062,furniture,54.94,434
1063,stationery-1063,stationery,56.31,441
1064,peripherals-1064,peripherals,57.68,448
1065,storage-1065,storage,59.05,455
1066,lighting-1066,lighting,60.42,462
1067,breakroom-1067,breakroom,61.79,469
1068,furniture-1068,furniture,63.16,476
1069,stationery-1069,stationery,64.53,483
1070,peripherals-1070,peripherals,65.90,490
1071,storage-1071,storage,67.27,497
1072,lighting-1072,lighting,68.64,4
1073,breakroom-1073,breakroom,70.01,11
1074,furniture-1074,furniture,71.38,18
1075,stationery-1075,stationery,72.75,25
1076,peripherals-1076,peripherals,74.12,32
1077,storage-1077,storage,75.49,39
1078,lighting-1078,lighting,76.86,46
1079,breakroom-1079,breakroom,78.23,53
1080,furniture-1080,furniture,79.60,60
1081,stationery-1081,stationery,80.97,67
1082,peripherals-1082,peripherals,82.34,74
1083,storage-1083,storage,83.71,81
1084,lighting-1084,lighting,85.08,88
1085,breakroom-1085,breakroom,86.45,95
1086,furniture-1086,furniture,87.82,102
1087,stationery-1087,stationery,89.19,109
1088,peripherals-1088,peripherals,90.56,116
1089,storage-1089,storage,91.93,123
1090,lighting-1090,lighting,93.30,130
1091,breakroom-1091,breakroom,94.67,137
1092,furniture-1092,furniture,96.04,144
1093,stationery-1093,stationery,97.41,151
1094,peripherals-1094,peripherals,98.78,158
1095,storage-1095,storage,0.15,165
1096,lighting-1096,lighting,1.52,172
1097,breakroom-1097,breakroom,2.89,179
1098,furniture-1098,furniture,4.26,186
1099,stationery-1099,stationery,5.63,193
1100,peripherals-1100,peripherals,7.00,200
1101,storage-1101,storage,8.37,207
1102,lighting-1102,lighting,9.74,214
1103,breakroom-1103,breakroom,11.11,221
1104,furniture-1104,furniture,12.48,228
1105,stationery-1105,stationery,13.85,235
1106,peripherals-1106,peripherals,15.22,242
1107,storage-1107,storage,16.59,249
1108,lighting-1108,lighting,17.96,256
1109,breakroom-1109,breakroom,19.33,263
1110,furniture-1110,furniture,20.70,270
1111,stationery-1111,stationery,22.07,277
1112,peripherals-1112,peripherals,23.44,284
1113,storage-1113,storage,24.81,291
1114,lighting-1114,lighting,26.18,298
1115,breakroom-1115,breakroom,27.55,305
1116,furniture-1116,furniture,28.92,312
1117,stationery-1117,stationery,30.29,319
1118,peripherals-1118,peripherals,31.66,326
1119,storage-1119,storage,33.03,333
1120,lighting-1120,lighting,34.40,340
1121,breakroom-1121,breakroom,35.77,347
1122,furniture-1122,furniture,37.14,354
1123,stationery-1123,stationery,38.51,361
1124,peripherals-1124,peripherals,39.88,368
1125,storage-1125,storage,41.25,375
1126,lighting-1126,lighting,42.62,382
1127,breakroom-1127,breakroom,43.99,389
1128,furniture-1128,furniture,45.36,396
1129,stationery-1129,stationery,46.73,403
1130,peripherals-1130,peripherals,48.10,410
1131,storage-1131,storage,49.47,417
1132,lighting-1132,lighting,50.84,424
1133,breakroom-1133,breakroom,52.21,431
1134,furniture-1134,furniture,53.58,438
1135,stationery-1135,stationery,54.95,445
1136,peripherals-1136,peripherals,56.32,452
1137,storage-1137,storage,57.69,459
1138,lighting-1138,lighting,59.06,466
1139,breakroom-1139,breakroom,60.43,473
1140,furniture-1140,furniture,61.80,480
1141,stationery-1141,stationery,63.17,487
1142,peripherals-1142,peripherals,64.54,494
1143,storage-1143,storage,65.91,1
1144,lighting-1144,lighting,67.28,8
1145,breakroom-1145,breakroom,68.65,15
1146,furniture-1146,furniture,70.02,22
1147,stationery-1147,stationery,71.39,29
1148,peripherals-1148,peripherals,72.76,36
1149,storage-1149,storage,74.13,43
1150,lighting-1150,lighting,75.50,50
1151,breakroom-1151,breakroom,76.87,57
1152,furniture-1152,furniture,78.24,64
1153,stationery-1153,stationery,79.61,71
1154,peripherals-1154,peripherals,80.98,78
1155,storage-1155,storage,82.35,85
1156,lighting-1156,lighting,83.72,92
1157,breakroom-1157,breakroom,85.09,99
1158,furniture-1158,furniture,86.46,106
1159,stationery-1159,stationery,87.83,113
1160,peripherals-1160,peripherals,89.20,120
1161,storage-1161,storage,90.57,127
1162,lighting-1162,lighting,91.94,134
1163,breakroom-1163,breakroom,93.31,141
1164,furniture-1164,furniture,94.68,148
1165,stationery-1165,stationery,96.05,155
1166,peripherals-1166,peripherals,97.42,162
1167,storage-1167,storage,98.79,169
1168,lighting-1168,lighting,0.16,176
1169,breakroom-1169,breakroom,1.53,183
1170,furniture-1170,furniture,2.90,190
1171,stationery-1171,stationery,4.27,197
1172,peripherals-1172,peripherals,5.64,204
1173,storage-1173,storage,7.01,211
1174,lighting-1174,lighting,8.38,218
1175,breakroom-1175,breakroom,9.75,225
1176,furniture-1176,furniture,11.12,232
1177,stationery-1177,stationery,12.49,239
1178,peripherals-1178,peripherals,13.86,246
1179,storage-1179,storage,15.23,253
1180,lighting-1180,lighting,16.60,260
1181,breakroom-1181,breakroom,17.97,267
1182,furniture-1182,furniture,19.34,274
1183,stationery-1183,stationery,20.71,281
1184,peripherals-1184,peripherals,22.08,288
1185,storage-1185,storage,23.45,295
1186,lighting-1186,lighting,24.82,302
1187,breakroom-1187,breakroom,26.19,309
1188,furniture-1188,furniture,27.56,316
1189,stationery-1189,stationery,28.93,323
1190,peripherals-1190,peripherals,30.30,330
1191,storage-1191,storage,31.67,337
1192,lighting-1192,lighting,33.04,344
1193,breakroom-1193,breakroom,34.41,351
1194,furniture-1194,furniture,35.78,358
1195,stationery-1195,stationery,37.15,365
1196,peripherals-1196,peripherals,38.52,372
1197,storage-1197,storage,39.89,379
1198,lighting-1198,lighting,41.26,386
1199,breakroom-1199,breakroom,42.63,393
1200,furniture-1200,furniture,44.00,400
1201,stationery-1201,stationery,45.37,407
1202,peripherals-1202,peripherals,46.74,414
1203,storage-1203,storage,48.11,421
1204,lighting-1204,lighting,49.48,428
1205,breakroom-1205,breakroom,50.85,435
1206,furniture-1206,furniture,52.22,442
1207,stationery-1207,stationery,53.59,449
1208,peripherals-1208,peripherals,54.96,456
1209,storage-1209,storage,56.33,463
1210,lighting-1210,lighting,57.70,470
1211,breakroom-1211,breakroom,59.07,477
1212,furniture-1212,furniture,60.44,484
1213,stationery-1213,stationery,61.81,491
1214,peripherals-1214,peripherals,63.18,498
1215,storage-1215,storage,64.55,5
1216,lighting-1216,lighting,65.92,12
1217,breakroom-1217,breakroom,67.29,19
1218,furniture-1218,furniture,68.66,26
1219,stationery-1219,stationery,70.03,33
1220,peripherals-1220,peripherals,71.40,40
1221,storage-1221,storage,72.77,47
1222,lighting-1222,lighting,74.14,54
1223,breakroom-1223,breakroom,75.51,61
1224,furniture-1224,furniture,76.88,68
1225,stationery-1225,stationery,78.25,75
1226,peripherals-1226,peripherals,79.62,82
1227,storage-1227,storage,80.99,89
1228,lighting-1228,lighting,82.36,96
1229,breakroom-1229,breakroom,83.73,103
1230,furniture-1230,furniture,85.10,110
1231,stationery-1231,stationery,86.47,117
1232,peripherals-1232,peripherals,87.84,124
1233,storage-1233,storage,89.21,131
1234,lighting-1234,lighting,90.58,138
1235,breakroom-1235,breakroom,91.95,145
1236,furniture-1236,furniture,93.32,152
1237,stationery-1237,stationery,94.69,159
1238,peripherals-1238,peripherals,96.06,166
1239,storage-1239,storage,97.43,173
1240,lighting-1240,lighting,98.80,180
1241,breakroom-1241,breakroom,0.17,187
1242,furniture-1242,furniture,1.54,194
1243,stationery-1243,stationery,2.91,201
1244,peripherals-1244,peripherals,4.28,208
1245,storage-1245,storage,5.65,215
1246,lighting-1246,lighting,7.02,222
1247,breakroom-1247,breakroom,8.39,229
1248,furniture-1248,furniture,9.76,236
1249,stationery-1249,stationery,11.13,243
1250,peripherals-1250,peripherals,12.50,250
1251,storage-1251,storage,13.87,257
1252,lighting-1252,lighting,15.24,264
1253,breakroom-1253,breakroom,16.61,271
1254,furniture-1254,furniture,17.98,278
1255,stationery-1255,stationery,19.35,285
1256,peripherals-1256,peripherals,20.72,292
1257,storage-1257,storage,22.09,299
1258,lighting-1258,lighting,23.46,306
1259,breakroom-1259,breakroom,24.83,313
1260,furniture-1260,furniture,26.20,320
1261,stationery-1261,stationery,27.57,327
1262,peripherals-1262,peripherals,28.94,334
1263,storage-1263,storage,30.31,341
1264,lighting-1264,lighting,31.68,348
1265,breakroom-1265,breakroom,33.05,355
1266,furniture-1266,furniture,34.42,362
1267,stationery-1267,stationery,35.79,369
1268,peripherals-1268,peripherals,37.16,376
1269,storage-1269,storage,38.53,383
1270,lighting-1270,lighting,39.90,390
1271,breakroom-1271,breakroom,41.27,397
1272,furniture-1272,furniture,42.64,404
1273,stationery-1273,stationery,44.01,411
1274,peripherals-1274,peripherals,45.38,418
1275,storage-1275,storage,46.75,425
1276,lighting-1276,lighting,48.12,432
1277,breakroom-1277,breakroom,49.49,439
1278,furniture-1278,furniture,50.86,446
1279,stationery-1279,stationery,52.23,453
1280,peripherals-1280,peripherals,53.60,460
1281,storage-1281,storage,54.97,467
1282,lighting-1282,lighting,56.34,474
1283,breakroom-1283,breakroom,57.71,481
1284,furniture-1284,furniture,59.08,488
1285,stationery-1285,stationery,60.45,495
1286,peripherals-1286,peripherals,61.82,2
1287,storage-1287,storage,63.19,9
1288,lighting-1288,lighting,64.56,16
1289,breakroom-1289,breakroom,65.93,23
1290,furniture-1290,furniture,67.30,30
1291,stationery-1291,stationery,68.67,37
1292,peripherals-1292,peripherals,70.04,44
1293,storage-1293,storage,71.41,51
1294,lighting-1294,lighting,72.78,58
1295,breakroom-1295,breakroom,74.15,65
1296,furniture-1296,furniture,75.52,72
1297,stationery-1297,stationery,76.89,79
1298,peripherals-1298,peripherals,78.26,86
1299,storage-1299,storage,79.63,93
1300,lighting-1300,lighting,81.00,100
1301,breakroom-1301,breakroom,82.37,107
1302,furniture-1302,furniture,83.74,114
1303,stationery-1303,stationery,85.11,121
1304,peripherals-1304,peripherals,86.48,128
1305,storage-1305,storage,87.85,135
1306,lighting-1306,lighting,89.22,142
1307,breakroom-1307,breakroom,90.59,149
1308,furniture-1308,furniture,91.96,156
1309,stationery-1309,stationery,93.33,163
1310,peripherals-1310,peripherals,94.70,170
1311,storage-1311,storage,96.07,177
1312,lighting-1312,lighting,97.44,184
1313,breakroom-1313,breakroom,98.81,191
1314,furniture-1314,furniture,0.18,198
1315,stationery-1315,stationery,1.55,205
1316,peripherals-1316,peripherals,2.92,212
1317,storage-1317,storage,4.29,219
1318,lighting-1318,lighting,5.66,226
1319,breakroom-1319,breakroom,7.03,233
1320,furniture-1320,furniture,8.40,240
1321,stationery-1321,stationery,9.77,247
1322,peripherals-1322,peripherals,11.14,254
1323,storage-1323,storage,12.51,261
1324,lighting-1324,lighting,13.88,268
1325,breakroom-1325,breakroom,15.25,275
1326,furniture-1326,furniture,16.62,282
1327,stationery-1327,stationery,17.99,289
1328,peripherals-1328,peripherals,19.36,296
1329,storage-1329,storage,20.73,303
1330,lighting-1330,lighting,22.10,310
1331,breakroom-1331,breakroom,23.47,317
1332,furniture-1332,furniture,24.84,324
1333,stationery-1333,stationery,26.21,331
1334,peripherals-1334,peripherals,27.58,338
1335,storage-1335,storage,28.95,345
1336,lighting-1336,lighting,30.32,352
1337,breakroom-1337,breakroom,31.69,359
1338,furniture-1338,furniture,33.06,366
1339,stationery-1339,stationery,34.43,373
1340,peripherals-1340,peripherals,35.80,380
1341,storage-1341,storage,37.17,387
1342,lighting-1342,lighting,38.54,394
1343,breakroom-1343,breakroom,39.91,401
1344,furniture-1344,furniture,41.28,408
1345,stationery-1345,stationery,42.65,415
1346,peripherals-1346,peripherals,44.02,422
1347,storage-1347,storage,45.39,429
1348,lighting-1348,lighting,46.76,436
1349,breakroom-1349,breakroom,48.13,443
1350,furniture-1350,furniture,49.50,450
1351,stationery-1351,stationery,50.87,457
1352,peripherals-1352,peripherals,52.24,464
1353,storage-1353,storage,53.61,471
1354,lighting-1354,lighting,54.98,478
1355,breakroom-1355,breakroom,56.35,485
1356,furniture-1356,furniture,57.72,492
1357,stationery-1357,stationery,59.09,499
1358,peripherals-1358,peripherals,60.46,6
1359,storage-1359,storage,61.83,13
1360,lighting-1360,lighting,63.20,20
1361,breakroom-1361,breakroom,64.57,27
1362,furniture-1362,furniture,65.94,34
1363,stationery-1363,stationery,67.31,41
1364,peripherals-1364,peripherals,68.68,48
1365,storage-1365,storage,70.05,55
1366,lighting-1366,lighting,71.42,62
1367,breakroom-1367,breakroom,72.79,69
1368,furniture-1368,furniture,74.16,76
1369,stationery-1369,stationery,75.53,83
1370,peripherals-1370,peripherals,76.90,90
1371,storage-1371,storage,78.27,97
1372,lighting-1372,lighting,79.64,104
1373,breakroom-1373,breakroom,81.01,111
1374,furniture-1374,furniture,82.38,118
1375,stationery-1375,stationery,83.75,125
1376,peripherals-1376,peripherals,85.12,132
1377,storage-1377,storage,86.49,139
1378,lighting-1378,lighting,87.86,146
1379,breakroom-1379,breakroom,89.23,153
1380,furniture-1380,furniture,90.60,160
1381,stationery-1381,stationery,91.97,167
1382,peripherals-1382,peripherals,93.34,174
1383,storage-1383,storage,94.71,181
1384,lighting-1384,lighting,96.08,188
1385,breakroom-1385,breakroom,97.45,195
1386,furniture-1386,furniture,98.82,202
1387,stationery-1387,stationery,0.19,209
1388,peripherals-1388,peripherals,1.56,216
1389,storage-1389,storage,2.93,223
1390,lighting-1390,lighting,4.30,230
1391,breakroom-1391,breakroom,5.67,237
1392,furniture-1392,furniture,7.04,244
1393,stationery-1393,stationery,8.41,251
1394,peripherals-1394,peripherals,9.78,258
1395,storage-1395,storage,11.15,265
1396,lighting-1396,lighting,12.52,272
1397,breakroom-1397,breakroom,13.89,279
1398,furniture-1398,furniture,15.26,286
1399,stationery-1399,stationery,16.63,293
1400,peripherals-1400,peripherals,18.00,300
1401,storage-1401,storage,19.37,307
1402,lighting-1402,lighting,20.74,314
1403,breakroom-1403,breakroom,22.11,321
1404,furniture-1404,furniture,23.48,328
1405,stationery-1405,stationery,24.85,335
1406,peripherals-1406,peripherals,26.22,342
1407,storage-1407,storage,27.59,349
1408,lighting-1408,lighting,28.96,356
1409,breakroom-1409,breakroom,30.33,363
1410,furniture-1410,furniture,31.70,370
1411,stationery-1411,stationery,33.07,377
1412,peripherals-1412,peripherals,34.44,384
1413,storage-1413,storage,35.81,391
1414,lighting-1414,lighting,37.18,398
1415,breakroom-1415,breakroom,38.55,405
1416,furniture-1416,furniture,39.92,412
1417,stationery-1417,stationery,41.29,419
1418,peripherals-1418,peripherals,42.66,426
1419,storage-1419,storage,44.03,433
1420,lighting-1420,lighting,45.40,440
1421,breakroom-1421,breakroom,46.77,447
1422,furniture-1422,furniture,48.14,454
1423,stationery-1423,stationery,49.51,461
1424,peripherals-1424,peripherals,50.88,468
1425,storage-1425,storage,52.25,475
1426,lighting-1426,lighting,53.62,482
1427,breakroom-1427,breakroom,54.99,489
1428,furniture-1428,furniture,56.36,496
1429,stationery-1429,stationery,57.73,3
1430,peripherals-1430,peripherals,59.10,10
1431,storage-1431,storage,60.47,17
1432,lighting-1432,lighting,61.84,24
1433,breakroom-1433,breakroom,63.21,31
1434,furniture-1434,furniture,64.58,38
1435,stationery-1435,stationery,65.95,45
1436,peripherals-1436,peripherals,67.32,52
1437,storage-1437,storage,68.69,59
1438,lighting-1438,lighting,70.06,66
1439,breakroom-1439,breakroom,71.43,73
1440,furniture-1440,furniture,72.80,80
1441,stationery-1441,stationery,74.17,87
1442,peripherals-1442,peripherals,75.54,94
1443,storage-1443,storage,76.91,101
1444,lighting-1444,lighting,78.28,108
1445,breakroom-1445,breakroom,79.65,115
1446,furniture-1446,furniture,81.02,122
1447,stationery-1447,stationery,82.39,129
1448,peripherals-1448,peripherals,83.76,136
1449,storage-1449,storage,85.13,143
1450,lighting-1450,lighting,86.50,150
1451,breakroom-1451,breakroom,87.87,157
1452,furniture-1452,furniture,89.24,164
1453,stationery-1453,stationery,90.61,171
1454,peripherals-1454,peripherals,91.98,178
1455,storage-1455,storage,93.35,185
1456,lighting-1456,lighting,94.72,192
1457,breakroom-1457,breakroom,96.09,199
1458,furniture-1458,furniture,97.46,206
1459,stationery-1459,stationery,98.83,213
1460,peripherals-1460,peripherals,0.20,220
1461,storage-1461,storage,1.57,227
1462,lighting-1462,lighting,2.94,234
1463,breakroom-1463,breakroom,4.31,241
1464,furniture-1464,furniture,5.68,248
1465,stationery-1465,stationery,7.05,255
1466,peripherals-1466,peripherals,8.42,262
1467,storage-1467,storage,9.79,269
1468,lighting-1468,lighting,11.16,276
1469,breakroom-1469,breakroom,12.53,283
1470,furniture-1470,furniture,13.90,290
1471,stationery-1471,stationery,15.27,297
1472,peripherals-1472,peripherals,16.64,304
1473,storage-1473,storage,18.01,311
1474,lighting-1474,lighting,19.38,318
1475,breakroom-1475,breakroom,20.75,325
1476,furniture-1476,furniture,22.12,332
1477,stationery-1477,stationery,23.49,339
1478,peripherals-1478,peripherals,24.86,346
1479,storage-1479,storage,26.23,353
1480,lighting-1480,lighting,27.60,360
1481,breakroom-1481,breakroom,28.97,367
1482,furniture-1482,furniture,30.34,374
1483,stationery-1483,stationery,31.71,381
1484,peripherals-1484,peripherals,33.08,388
1485,storage-1485,storage,34.45,395
1486,lighting-1486,lighting,35.82,402
1487,breakroom-1487,breakroom,37.19,409
1488,furniture-1488,furniture,38.56,416
1489,stationery-1489,stationery,39.93,423
1490,peripherals-1490,peripherals,41.30,430
1491,storage-1491,storage,42.67,437
1492,lighting-1492,lighting,44.04,444
1493,breakroom-1493,breakroom,45.41,451
1494,furniture-1494,furniture,46.78,458
1495,stationery-1495,stationery,48.15,465
1496,peripherals-1496,peripherals,49.52,472
1497,storage-1497,storage,50.89,479
1498,lighting-1498,lighting,52.26,486
1499,breakroom-1499,breakroom,53.63,493
1500,furniture-1500,furniture,55.00,0
1501,stationery-1501,stationery,56.37,7
1502,peripherals-1502,peripherals,57.74,14
1503,storage-1503,storage,59.11,21
1504,lighting-1504,lighting,60.48,28
1505,breakroom-1505,breakroom,61.85,35
1506,furniture-1506,furniture,63.22,42
1507,stationery-1507,stationery,64.59,49
1508,peripherals-1508,peripherals,65.96,56
1509,storage-1509,storage,67.33,63
1510,lighting-1510,lighting,68.70,70
1511,breakroom-1511,breakroom,70.07,77
1512,furniture-1512,furniture,71.44,84
1513,stationery-1513,stationery,72.81,91
1514,peripherals-1514,peripherals,74.18,98
1515,storage-1515,storage,75.55,105
1516,lighting-1516,lighting,76.92,112
1517,breakroom-1517,breakroom,78.29,119
1518,furniture-1518,furniture,79.66,126
1519,stationery-1519,stationery,81.03,133
1520,peripherals-1520,peripherals,82.40,140
1521,storage-1521,storage,83.77,147
1522,lighting-1522,lighting,85.14,154
1523,breakroom-1523,breakroom,86.51,161
1524,furniture-1524,furniture,87.88,168
1525,stationery-1525,stationery,89.25,175
1526,peripherals-1526,peripherals,90.62,182
1527,storage-1527,storage,91.99,189
1528,lighting-1528,lighting,93.36,196
1529,breakroom-1529,breakroom,94.73,203
1530,furniture-1530,furniture,96.10,210
1531,stationery-1531,stationery,97.47,217
1532,peripherals-1532,peripherals,98.84,224
1533,storage-1533,storage,0.21,231
1534,lighting-1534,lighting,1.58,238
1535,breakroom-1535,breakroom,2.95,245
1536,furniture-1536,furniture,4.32,252
1537,stationery-1537,stationery,5.69,259
1538,peripherals-1538,peripherals,7.06,266
1539,storage-1539,storage,8.43,273
1540,lighting-1540,lighting,9.80,280
1541,breakroom-1541,breakroom,11.17,287
1542,furniture-1542,furniture,12.54,294
1543,stationery-1543,stationery,13.91,301
1544,peripherals-1544,peripherals,15.28,308
1545,storage-1545,storage,16.65,315
1546,lighting-1546,lighting,18.02,322
1547,breakroom-1547,breakroom,19.39,329
1548,furniture-1548,furniture,20.76,336
1549,stationery-1549,stationery,22.13,343
1550,peripherals-1550,peripherals,23.50,350
1551,storage-1551,storage,24.87,357
1552,lighting-1552,lighting,26.24,364
1553,breakroom-1553,breakroom,27.61,371
1554,furniture-1554,furniture,28.98,378
1555,stationery-1555,stationery,30.35,385
1556,peripherals-1556,peripherals,31.72,392
1557,storage-1557,storage,33.09,399
1558,lighting-1558,lighting,34.46,406
1559,breakroom-1559,breakroom,35.83,413
1560,furniture-1560,furniture,37.20,420
1561,stationery-1561,stationery,38.57,427
1562,peripherals-1562,peripherals,39.94,434
1563,storage-1563,storage,41.31,441
1564,lighting-1564,lighting,42.68,448
1565,breakroom-1565,breakroom,44.05,455
1566,furniture-1566,furniture,45.42,462
1567,stationery-1567,stationery,46.79,469
1568,peripherals-1568,peripherals,48.16,476
1569,storage-1569,storage,49.53,483
1570,lighting-1570,lighting,50.90,490
1571,breakroom-1571,breakroom,52.27,497
1572,furniture-1572,furniture,53.64,4
1573,stationery-1573,stationery,55.01,11
1574,peripherals-1574,peripherals,56.38,18
1575,storage-1575,storage,57.75,25
1576,lighting-1576,lighting,59.12,32
1577,breakroom-1577,breakroom,60.49,39
1578,furniture-1578,furniture,61.86,46
1579,stationery-1579,stationery,63.23,53
1580,peripherals-1580,peripherals,64.60,60
1581,storage-1581,storage,65.97,67
1582,lighting-1582,lighting,67.34,74
1583,breakroom-1583,breakroom,68.71,81
1584,furniture-1584,furniture,70.08,88
1585,stationery-1585,stationery,71.45,95
1586,peripherals-1586,peripherals,72.82,102
1587,storage-1587,storage,74.19,109
1588,lighting-1588,lighting,75.56,116
1589,breakroom-1589,breakroom,76.93,123
1590,furniture-1590,furniture,78.30,130
1591,stationery-1591,stationery,79.67,137
1592,peripherals-1592,peripherals,81.04,144
1593,storage-1593,storage,82.41,151
1594,lighting-1594,lighting,83.78,158
1595,breakroom-1595,breakroom,85.15,165
1596,furniture-1596,furniture,86.52,172
1597,stationery-1597,stationery,87.89,179
1598,peripherals-1598,peripherals,89.26,186
1599,storage-1599,storage,90.63,193
1600,lighting-1600,lighting,92.00,200
1601,breakroom-1601,breakroom,93.37,207
1602,furniture-1602,furniture,94.74,214
1603,stationery-1603,stationery,96.11,221
1604,peripherals-1604,peripherals,97.48,228
1605,storage-1605,storage,98.85,235
1606,lighting-1606,lighting,0.22,242
1607,breakroom-1607,breakroom,1.59,249
1608,furniture-1608,furniture,2.96,256
1609,stationery-1609,stationery,4.33,263
1610,peripherals-1610,peripherals,5.70,270
1611,storage-1611,storage,7.07,277
1612,lighting-1612,lighting,8.44,284
1613,breakroom-1613,breakroom,9.81,291
1614,furniture-1614,furniture,11.18,298
1615,stationery-1615,stationery,12.55,305
1616,peripherals-1616,peripherals,13.92,312
1617,storage-1617,storage,15.29,319
1618,lighting-1618,lighting,16.66,326
1619,breakroom-1619,breakroom,18.03,333
1620,furniture-1620,furniture,19.40,340
1621,stationery-1621,stationery,20.77,347
1622,peripherals-1622,peripherals,22.14,354
1623,storage-1623,storage,23.51,361
1624,lighting-1624,lighting,24.88,368
1625,breakroom-1625,breakroom,26.25,375
1626,furniture-1626,furniture,27.62,382
1627,stationery-1627,stationery,28.99,389
1628,peripherals-1628,peripherals,30.36,396
1629,storage-1629,storage,31.73,403
1630,lighting-1630,lighting,33.10,410
1631,breakroom-1631,breakroom,34.47,417
1632,furniture-1632,furniture,35.84,424
1633,stationery-1633,stationery,37.21,431
1634,peripherals-1634,peripherals,38.58,438
1635,storage-1635,storage,39.95,445
1636,lighting-1636,lighting,41.32,452
1637,breakroom-1637,breakroom,42.69,459
1638,furniture-1638,furniture,44.06,466
1639,stationery-1639,stationery,45.43,473
1640,peripherals-1640,peripherals,46.80,480
1641,storage-1641,storage,48.17,487
1642,lighting-1642,lighting,49.54,494
1643,breakroom-1643,breakroom,50.91,1
1644,furniture-1644,furniture,52.28,8
1645,stationery-1645,stationery,53.65,15
1646,peripherals-1646,peripherals,55.02,22
1647,storage-1647,storage,56.39,29
1648,lighting-1648,lighting,57.76,36
1649,breakroom-1649,breakroom,59.13,43
1650,furniture-1650,furniture,60.50,50
1651,stationery-1651,stationery,61.87,57
1652,peripherals-1652,peripherals,63.24,64
1653,storage-1653,storage,64.61,71
1654,lighting-1654,lighting,65.98,78
1655,breakroom-1655,breakroom,67.35,85
1656,furniture-1656,furniture,68.72,92
1657,stationery-1657,stationery,70.09,99
1658,peripherals-1658,peripherals,71.46,106
1659,storage-1659,storage,72.83,113
1660,lighting-1660,lighting,74.20,120
1661,breakroom-1661,breakroom,75.57,127
1662,furniture-1662,furniture,76.94,134
1663,stationery-1663,stationery,78.31,141
1664,peripherals-1664,peripherals,79.68,148
1665,storage-1665,storage,81.05,155
1666,lighting-1666,lighting,82.42,162
1667,breakroom-1667,breakroom,83.79,169
1668,furniture-1668,furniture,85.16,176
1669,stationery-1669,stationery,86.53,183
1670,peripherals-1670,peripherals,87.90,190
1671,storage-1671,storage,89.27,197
1672,lighting-1672,lighting,90.64,204
1673,breakroom-1673,breakroom,92.01,211
1674,furniture-1674,furniture,93.38,218
1675,stationery-1675,stationery,94.75,225
1676,peripherals-1676,peripherals,96.12,232
1677,storage-1677,storage,97.49,239
1678,lighting-1678,lighting,98.86,246
1679,breakroom-1679,breakroom,0.23,253
1680,furniture-1680,furniture,1.60,260
1681,stationery-1681,stationery,2.97,267
1682,peripherals-1682,peripherals,4.34,274
1683,storage-1683,storage,5.71,281
1684,lighting-1684,lighting,7.08,288
1685,breakroom-1685,breakroom,8.45,295
1686,furniture-1686,furniture,9.82,302
1687,stationery-1687,stationery,11.19,309
1688,peripherals-1688,peripherals,12.56,316
1689,storage-1689,storage,13.93,323
1690,lighting-1690,lighting,15.30,330
1691,breakroom-1691,breakroom,16.67,337
1692,furniture-1692,furniture,18.04,344
1693,stationery-1693,stationery,19.41,351
1694,peripherals-1694,peripherals,20.78,358
1695,storage-1695,storage,22.15,365
1696,lighting-1696,lighting,23.52,372
1697,breakroom-1697,breakroom,24.89,379
1698,furniture-1698,furniture,26.26,386
1699,stationery-1699,stationery,27.63,393
1700,peripherals-1700,peripherals,29.00,400
1701,storage-1701,storage,30.37,407
1702,lighting-1702,lighting,31.74,414
1703,breakroom-1703,breakroom,33.11,421
1704,furniture-1704,furniture,34.48,428
1705,stationery-1705,stationery,35.85,435
1706,peripherals-1706,peripherals,37.22,442
1707,storage-1707,storage,38.59,449
1708,lighting-1708,lighting,39.96,456
1709,breakroom-1709,breakroom,41.33,463
1710,furniture-1710,furniture,42.70,470
1711,stationery-1711,stationery,44.07,477
1712,peripherals-1712,peripherals,45.44,484
1713,storage-1713,storage,46.81,491
1714,lighting-1714,lighting,48.18,498
1715,breakroom-1715,breakroom,49.55,5
1716,furniture-1716,furniture,50.92,12
1717,stationery-1717,stationery,52.29,19
1718,peripherals-1718,peripherals,53.66,26
1719,storage-1719,storage,55.03,33
1720,lighting-1720,lighting,56.40,40
1721,breakroom-1721,breakroom,57.77,47
1722,furniture-1722,furniture,59.14,54
1723,stationery-1723,stationery,60.51,61
1724,peripherals-1724,peripherals,61.88,68
1725,storage-1725,storage,63.25,75
1726,lighting-1726,lighting,64.62,82
1727,breakroom-1727,breakroom,65.99,89
1728,furniture-1728,furniture,67.36,96
1729,stationery-1729,stationery,68.73,103
1730,peripherals-1730,peripherals,70.10,110
1731,storage-1731,storage,71.47,117
1732,lighting-1732,lighting,72.84,124
1733,breakroom-1733,breakroom,74.21,131
1734,furniture-1734,furniture,75.58,138
1735,stationery-1735,stationery,76.95,145
1736,peripherals-1736,peripherals,78.32,152
1737,storage-1737,storage,79.69,159
1738,lighting-1738,lighting,81.06,166
1739,breakroom-1739,breakroom,82.43,173
1740,furniture-1740,furniture,83.80,180
1741,stationery-1741,stationery,85.17,187
1742,peripherals-1742,peripherals,86.54,194
1743,storage-1743,storage,87.91,201
1744,lighting-1744,lighting,89.28,208
1745,breakroom-1745,breakroom,90.65,215
1746,furniture-1746,furniture,92.02,222
1747,stationery-1747,stationery,93.39,229
1748,peripherals-1748,peripherals,94.76,236
1749,storage-1749,storage,96.13,243
1750,lighting-1750,lighting,97.50,250
1751,breakroom-1751,breakroom,98.87,257
1752,furniture-1752,furniture,0.24,264
1753,stationery-1753,stationery,1.61,271
1754,peripherals-1754,peripherals,2.98,278
1755,storage-1755,storage,4.35,285
1756,lighting-1756,lighting,5.72,292
1757,breakroom-1757,breakroom,7.09,299
1758,furniture-1758,furniture,8.46,306
1759,stationery-1759,stationery,9.83,313
1760,peripherals-1760,peripherals,11.20,320
1761,storage-1761,storage,12.57,327
1762,lighting-1762,lighting,13.94,334
1763,breakroom-1763,breakroom,15.31,341
1764,furniture-1764,furniture,16.68,348
1765,stationery-1765,stationery,18.05,355
1766,peripherals-1766,peripherals,19.42,362
1767,storage-1767,storage,20.79,369
1768,lighting-1768,lighting,22.16,376
1769,breakroom-1769,breakroom,23.53,383
1770,furniture-1770,furniture,24.90,390
1771,stationery-1771,stationery,26.27,397
1772,peripherals-1772,peripherals,27.64,404
1773,storage-1773,storage,29.01,411
1774,lighting-1774,lighting,30.38,418
1775,breakroom-1775,breakroom,31.75,425
1776,furniture-1776,furniture,33.12,432
1777,stationery-1777,stationery,34.49,439
1778,peripherals-1778,peripherals,35.86,446
1779,storage-1779,storage,37.23,453
1780,lighting-1780,lighting,38.60,460
1781,breakroom-1781,breakroom,39.97,467
1782,furniture-1782,furniture,41.34,474
1783,stationery-1783,stationery,42.71,481
1784,peripherals-1784,peripherals,44.08,488
1785,storage-1785,storage,45.45,495
1786,lighting-1786,lighting,46.82,2
1787,breakroom-1787,breakroom,48.19,9
1788,furniture-1788,furniture,49.56,16
1789,stationery-1789,stationery,50.93,23
1790,peripherals-1790,peripherals,52.30,30
1791,storage-1791,storage,53.67,37
1792,lighting-1792,lighting,55.04,44
1793,breakroom-1793,breakroom,56.41,51
1794,furniture-1794,furniture,57.78,58
1795,stationery-1795,stationery,59.15,65
1796,peripherals-1796,peripherals,60.52,72
1797,storage-1797,storage,61.89,79
1798,lighting-1798,lighting,63.26,86
1799,breakroom-1799,breakroom,64.63,93
1800,furniture-1800,furniture,66.00,100
1801,stationery-1801,stationery,67.37,107
1802,peripherals-1802,peripherals,68.74,114
1803,storage-1803,storage,70.11,121
1804,lighting-1804,lighting,71.48,128
1805,breakroom-1805,breakroom,72.85,135
1806,furniture-1806,furniture,74.22,142
1807,stationery-1807,stationery,75.59,149
1808,peripherals-1808,peripherals,76.96,156
1809,storage-1809,storage,78.33,163
1810,lighting-1810,lighting,79.70,170
1811,breakroom-1811,breakroom,81.07,177
1812,furniture-1812,furniture,82.44,184
1813,stationery-1813,stationery,83.81,191
1814,peripherals-1814,peripherals,85.18,198
1815,storage-1815,storage,86.55,205
1816,lighting-1816,lighting,87.92,212
1817,breakroom-1817,breakroom,89.29,219
1818,furniture-1818,furniture,90.66,226
1819,stationery-1819,stationery,92.03,233
1820,peripherals-1820,peripherals,93.40,240
1821,storage-1821,storage,94.77,247
1822,lighting-1822,lighting,96.14,254
1823,breakroom-1823,breakroom,97.51,261
1824,furniture-1824,furniture,98.88,268
1825,stationery-1825,stationery,0.25,275
1826,peripherals-1826,peripherals,1.62,282
1827,storage-1827,storage,2.99,289
1828,lighting-1828,lighting,4.36,296
1829,breakroom-1829,breakroom,5.73,303
1830,furniture-1830,furniture,7.10,310
1831,stationery-1831,stationery,8.47,317
1832,peripherals-1832,peripherals,9.84,324
1833,storage-1833,storage,11.21,331
1834,lighting-1834,lighting,12.58,338
1835,breakroom-1835,breakroom,13.95,345
1836,furniture-1836,furniture,15.32,352
1837,stationery-1837,stationery,16.69,359
1838,peripherals-1838,peripherals,18.06,366
1839,storage-1839,storage,19.43,373
1840,lighting-1840,lighting,20.80,380
1841,breakroom-1841,breakroom,22.17,387
1842,furniture-1842,furniture,23.54,394
1843,stationery-1843,stationery,24.91,401
1844,peripherals-1844,peripherals,26.28,408
1845,storage-1845,storage,27.65,415
1846,lighting-1846,lighting,29.02,422
1847,breakroom-1847,breakroom,30.39,429
1848,furniture-1848,furniture,31.76,436
1849,stationery-1849,stationery,33.13,443
1850,peripherals-1850,peripherals,34.50,450
1851,storage-1851,storage,35.87,457
1852,lighting-1852,lighting,37.24,464
1853,breakroom-1853,breakroom,38.61,471
1854,furniture-1854,furniture,39.98,478
1855,stationery-1855,stationery,41.35,485
1856,peripherals-1856,peripherals,42.72,492
1857,storage-1857,storage,44.09,499
1858,lighting-1858,lighting,45.46,6
1859,breakroom-1859,breakroom,46.83,13
1860,furniture-1860,furniture,48.20,20
1861,stationery-1861,stationery,49.57,27
1862,peripherals-1862,peripherals,50.94,34
1863,storage-1863,storage,52.31,41
1864,lighting-1864,lighting,53.68,48
1865,breakroom-1865,breakroom,55.05,55
1866,furniture-1866,furniture,56.42,62
1867,stationery-1867,stationery,57.79,69
1868,peripherals-1868,peripherals,59.16,76
1869,storage-1869,storage,60.53,83
1870,lighting-1870,lighting,61.90,90
1871,breakroom-1871,breakroom,63.27,97
1872,furniture-1872,furniture,64.64,104
1873,stationery-1873,stationery,66.01,111
1874,peripherals-1874,peripherals,67.38,118
1875,storage-1875,storage,68.75,125
1876,lighting-1876,lighting,70.12,132
1877,breakroom-1877,breakroom,71.49,139
1878,furniture-1878,furniture,72.86,146
1879,stationery-1879,stationery,74.23,153
1880,peripherals-1880,peripherals,75.60,160
1881,storage-1881,storage,76.97,167
1882,lighting-1882,lighting,78.34,174
1883,breakroom-1883,breakroom,79.71,181
1884,furniture-1884,furniture,81.08,188
1885,stationery-1885,stationery,82.45,195
1886,peripherals-1886,peripherals,83.82,202
1887,storage-1887,storage,85.19,209
1888,lighting-1888,lighting,86.56,216
1889,breakroom-1889,breakroom,87.93,223
1890,furniture-1890,furniture,89.30,230
1891,stationery-1891,stationery,90.67,237
1892,peripherals-1892,peripherals,92.04,244
1893,storage-1893,storage,93.41,251
1894,lighting-1894,lighting,94.78,258
1895,breakroom-1895,breakroom,96.15,265
1896,furniture-1896,furniture,97.52,272
1897,stationery-1897,stationery,98.89,279
1898,peripherals-1898,peripherals,0.26,286
1899,storage-1899,storage,1.63,293
1900,lighting-1900,lighting,3.00,300
1901,breakroom-1901,breakroom,4.37,307
1902,furniture-1902,furniture,5.74,314
1903,stationery-1903,stationery,7.11,321
1904,peripherals-1904,peripherals,8.48,328
1905,storage-1905,storage,9.85,335
1906,lighting-1906,lighting,11.22,342
1907,breakroom-1907,breakroom,12.59,349
1908,furniture-1908,furniture,13.96,356
1909,stationery-1909,stationery,15.33,363
1910,peripherals-1910,peripherals,16.70,370
1911,storage-1911,storage,18.07,377
1912,lighting-1912,lighting,19.44,384
1913,breakroom-1913,breakroom,20.81,391
1914,furniture-1914,furniture,22.18,398
1915,stationery-1915,stationery,23.55,405
1916,peripherals-1916,peripherals,24.92,412
1917,storage-1917,storage,26.29,419
1918,lighting-1918,lighting,27.66,426
1919,breakroom-1919,breakroom,29.03,433
1920,furniture-1920,furniture,30.40,440
1921,stationery-1921,stationery,31.77,447
1922,peripherals-1922,peripherals,33.14,454
1923,storage-1923,storage,34.51,461
1924,lighting-1924,lighting,35.88,468
1925,breakroom-1925,breakroom,37.25,475
1926,furniture-1926,furniture,38.62,482
1927,stationery-1927,stationery,39.99,489
1928,peripherals-1928,peripherals,41.36,496
1929,storage-1929,storage,42.73,3
1930,lighting-1930,lighting,44.10,10
1931,breakroom-1931,breakroom,45.47,17
1932,furniture-1932,furniture,46.84,24
1933,stationery-1933,stationery,48.21,31
1934,peripherals-1934,peripherals,49.58,38
1935,storage-1935,storage,50.95,45
1936,lighting-1936,lighting,52.32,52
1937,breakroom-1937,breakroom,53.69,59
1938,furniture-1938,furniture,55.06,66
1939,stationery-1939,stationery,56.43,73
1940,peripherals-1940,peripherals,57.80,80
1941,storage-1941,storage,59.17,87
1942,lighting-1942,lighting,60.54,94
1943,breakroom-1943,breakroom,61.91,101
1944,furniture-1944,furniture,63.28,108
1945,stationery-1945,stationery,64.65,115
1946,peripherals-1946,peripherals,66.02,122
1947,storage-1947,storage,67.39,129
1948,lighting-1948,lighting,68.76,136
1949,breakroom-1949,breakroom,70.13,143
1950,furniture-1950,furniture,71.50,150
1951,stationery-1951,stationery,72.87,157
1952,peripherals-1952,peripherals,74.24,164
1953,storage-1953,storage,75.61,171
1954,lighting-1954,lighting,76.98,178
1955,breakroom-1955,breakroom,78.35,185
1956,furniture-1956,furniture,79.72,192
1957,stationery-1957,stationery,81.09,199
1958,peripherals-1958,peripherals,82.46,206
1959,storage-1959,storage,83.83,213
1960,lighting-1960,lighting,85.20,220
1961,breakroom-1961,breakroom,86.57,227
1962,furniture-1962,furniture,87.94,234
1963,stationery-1963,stationery,89.31,241
1964,peripherals-1964,peripherals,90.68,248
1965,storage-1965,storage,92.05,255
1966,lighting-1966,lighting,93.42,262
1967,breakroom-1967,breakroom,94.79,269
1968,furniture-1968,furniture,96.16,276
1969,stationery-1969,stationery,97.53,283
1970,peripherals-1970,peripherals,98.90,290
1971,storage-1971,storage,0.27,297
1972,lighting-1972,lighting,1.64,304
1973,breakroom-1973,breakroom,3.01,311
1974,furniture-1974,furniture,4.38,318
1975,stationery-1975,stationery,5.75,325
1976,peripherals-1976,peripherals,7.12,332
1977,storage-1977,storage,8.49,339
1978,lighting-1978,lighting,9.86,346
1979,breakroom-1979,breakroom,11.23,353
1980,furniture-1980,furniture,12.60,360
1981,stationery-1981,stationery,13.97,367
1982,peripherals-1982,peripherals,15.34,374
1983,storage-1983,storage,16.71,381
1984,lighting-1984,lighting,18.08,388
1985,breakroom-1985,breakroom,19.45,395
1986,furniture-1986,furniture,20.82,402
1987,stationery-1987,stationery,22.19,409
1988,peripherals-1988,peripherals,23.56,416
1989,storage-1989,storage,24.93,423
1990,lighting-1990,lighting,26.30,430
1991,breakroom-1991,breakroom,27.67,437
1992,furniture-1992,furniture,29.04,444
1993,stationery-1993,stationery,30.41,451
1994,peripherals-1994,peripherals,31.78,458
1995,storage-1995,storage,33.15,465
1996,lighting-1996,lighting,34.52,472
1997,breakroom-1997,breakroom,35.89,479
1998,furniture-1998,furniture,37.26,486
1999,stationery-1999,stationery,38.63,493
2000,peripherals-2000,peripherals,40.00,0
2001,storage-2001,storage,41.37,7
2002,lighting-2002,lighting,42.74,14
2003,breakroom-2003,breakroom,44.11,21
2004,furniture-2004,furniture,45.48,28
2005,stationery-2005,stationery,46.85,35
2006,peripherals-2006,peripherals,48.22,42
2007,storage-2007,storage,49.59,49
2008,lighting-2008,lighting,50.96,56
2009,breakroom-2009,breakroom,52.33,63
2010,furniture-2010,furniture,53.70,70
2011,stationery-2011,stationery,55.07,77
2012,peripherals-2012,peripherals,56.44,84
2013,storage-2013,storage,57.81,91
2014,lighting-2014,lighting,59.18,98
2015,breakroom-2015,breakroom,60.55,105
2016,furniture-2016,furniture,61.92,112
2017,stationery-2017,stationery,63.29,119
2018,peripherals-2018,peripherals,64.66,126
2019,storage-2019,storage,66.03,133
2020,lighting-2020,lighting,67.40,140
2021,breakroom-2021,breakroom,68.77,147
2022,furniture-2022,furniture,70.14,154
2023,stationery-2023,stationery,71.51,161
2024,peripherals-2024,peripherals,72.88,168
2025,storage-2025,storage,74.25,175
2026,lighting-2026,lighting,75.62,182
2027,breakroom-2027,breakroom,76.99,189
2028,furniture-2028,furniture,78.36,196
2029,stationery-2029,stationery,79.73,203
2030,peripherals-2030,peripherals,81.10,210
2031,storage-2031,storage,82.47,217
2032,lighting-2032,lighting,83.84,224
2033,breakroom-2033,breakroom,85.21,231
2034,furniture-2034,furniture,86.58,238
2035,stationery-2035,stationery,87.95,245
2036,peripherals-2036,peripherals,89.32,252
2037,storage-2037,storage,90.69,259
2038,lighting-2038,lighting,92.06,266
2039,breakroom-2039,breakroom,93.43,273
2040,furniture-2040,furniture,94.80,280
2041,stationery-2041,stationery,96.17,287
2042,peripherals-2042,peripherals,97.54,294
2043,storage-2043,storage,98.91,301
2044,lighting-2044,lighting,0.28,308
2045,breakroom-2045,breakroom,1.65,315
2046,furniture-2046,furniture,3.02,322
2047,stationery-2047,stationery,4.39,329
2048,peripherals-2048,peripherals,5.76,336
2049,storage-2049,storage,7.13,343
2050,lighting-2050,lighting,8.50,350
2051,breakroom-2051,breakroom,9.87,357
2052,furniture-2052,furniture,11.24,364
2053,stationery-2053,stationery,12.61,371
2054,peripherals-2054,peripherals,13.98,378
2055,storage-2055,storage,15.35,385
2056,lighting-2056,lighting,16.72,392
2057,breakroom-2057,breakroom,18.09,399
2058,furniture-2058,furniture,19.46,406
2059,stationery-2059,stationery,20.83,413
2060,peripherals-2060,peripherals,22.20,420
2061,storage-2061,storage,23.57,427
2062,lighting-2062,lighting,24.94,434
2063,breakroom-2063,breakroom,26.31,441
2064,furniture-2064,furniture,27.68,448
2065,stationery-2065,stationery,29.05,455
2066,peripherals-2066,peripherals,30.42,462
2067,storage-2067,storage,31.79,469
2068,lighting-2068,lighting,33.16,476
2069,breakroom-2069,breakroom,34.53,483
2070,furniture-2070,furniture,35.90,490
2071,stationery-2071,stationery,37.27,497
2072,peripherals-2072,peripherals,38.64,4
2073,storage-2073,storage,40.01,11
2074,lighting-2074,lighting,41.38,18
2075,breakroom-2075,breakroom,42.75,25
2076,furniture-2076,furniture,44.12,32
2077,stationery-2077,stationery,45.49,39
2078,peripherals-2078,peripherals,46.86,46
2079,storage-2079,storage,48.23,53
2080,lighting-2080,lighting,49.60,60
2081,breakroom-2081,breakroom,50.97,67
2082,furniture-2082,furniture,52.34,74
2083,stationery-2083,stationery,53.71,81
2084,peripherals-2084,peripherals,55.08,88
2085,storage-2085,storage,56.45,95
2086,lighting-2086,lighting,57.82,102
2087,breakroom-2087,breakroom,59.19,109
2088,furniture-2088,furniture,60.56,116
2089,stationery-2089,stationery,61.93,123
2090,peripherals-2090,peripherals,63.30,130
2091,storage-2091,storage,64.67,137
2092,lighting-2092,lighting,66.04,144
2093,breakroom-2093,breakroom,67.41,151
2094,furniture-2094,furniture,68.78,158
2095,stationery-2095,stationery,70.15,165
2096,peripherals-2096,peripherals,71.52,172
2097,storage-2097,storage,72.89,179
2098,lighting-2098,lighting,74.26,186
2099,breakroom-2099,breakroom,75.63,193
2100,furniture-2100,furniture,77.00,200
2101,stationery-2101,stationery,78.37,207
2102,peripherals-2102,peripherals,79.74,214
2103,storage-2103,storage,81.11,221
2104,lighting-2104,lighting,82.48,228
2105,breakroom-2105,breakroom,83.85,235
2106,furniture-2106,furniture,85.22,242
2107,stationery-2107,stationery,86.59,249
2108,peripherals-2108,peripherals,87.96,256
2109,storage-2109,storage,89.33,263
2110,lighting-2110,lighting,90.70,270
2111,breakroom-2111,breakroom,92.07,277
2112,furniture-2112,furniture,93.44,284
2113,stationery-2113,stationery,94.81,291
2114,peripherals-2114,peripherals,96.18,298
2115,storage-2115,storage,97.55,305
2116,lighting-2116,lighting,98.92,312
2117,breakroom-2117,breakroom,0.29,319
2118,furniture-2118,furniture,1.66,326
2119,stationery-2119,stationery,3.03,333
2120,peripherals-2120,peripherals,4.40,340
2121,storage-2121,storage,5.77,347
2122,lighting-2122,lighting,7.14,354
2123,breakroom-2123,breakroom,8.51,361
2124,furniture-2124,furniture,9.88,368
2125,stationery-2125,stationery,11.25,375
2126,peripherals-2126,peripherals,12.62,382
2127,storage-2127,storage,13.99,389
2128,lighting-2128,lighting,15.36,396
2129,breakroom-2129,breakroom,16.73,403
2130,furniture-2130,furniture,18.10,410
2131,stationery-2131,stationery,19.47,417
2132,peripherals-2132,peripherals,20.84,424
2133,storage-2133,storage,22.21,431
2134,lighting-2134,lighting,23.58,438
2135,breakroom-2135,breakroom,24.95,445
2136,furniture-2136,furniture,26.32,452
2137,stationery-2137,stationery,27.69,459
2138,peripherals-2138,peripherals,29.06,466
2139,storage-2139,storage,30.43,473
2140,lighting-2140,lighting,31.80,480
2141,breakroom-2141,breakroom,33.17,487
2142,furniture-2142,furniture,34.54,494
2143,stationery-2143,stationery,35.91,1
2144,peripherals-2144,peripherals,37.28,8
2145,storage-2145,storage,38.65,15
2146,lighting-2146,lighting,40.02,22
2147,breakroom-2147,breakroom,41.39,29
2148,furniture-2148,furniture,42.76,36
2149,stationery-2149,stationery,44.13,43
2150,peripherals-2150,peripherals,45.50,50
2151,storage-2151,storage,46.87,57
2152,lighting-2152,lighting,48.24,64
2153,breakroom-2153,breakroom,49.61,71
2154,furniture-2154,furniture,50.98,78
2155,stationery-2155,stationery,52.35,85
2156,peripherals-2156,peripherals,53.72,92
2157,storage-2157,storage,55.09,99
2158,lighting-2158,lighting,56.46,106
2159,breakroom-2159,breakroom,57.83,113
2160,furniture-2160,furniture,59.20,120
2161,stationery-2161,stationery,60.57,127
2162,peripherals-2162,peripherals,61.94,134
2163,storage-2163,storage,63.31,141
2164,lighting-2164,lighting,64.68,148
2165,breakroom-2165,breakroom,66.05,155
2166,furniture-2166,furniture,67.42,162
2167,stationery-2167,stationery,68.79,169
2168,peripherals-2168,peripherals,70.16,176
2169,storage-2169,storage,71.53,183
2170,lighting-2170,lighting,72.90,190
2171,breakroom-2171,breakroom,74.27,197
2172,furniture-2172,furniture,75.64,204
2173,stationery-2173,stationery,77.01,211
2174,peripherals-2174,peripherals,78.38,218
2175,storage-2175,storage,79.75,225
2176,lighting-2176,lighting,81.12,232
2177,breakroom-2177,breakroom,82.49,239
2178,furniture-2178,furniture,83.86,246
2179,stationery-2179,stationery,85.23,253
2180,peripherals-2180,peripherals,86.60,260
2181,storage-2181,storage,87.97,267
2182,lighting-2182,lighting,89.34,274
2183,breakroom-2183,breakroom,90.71,281
2184,furniture-2184,furniture,92.08,288
2185,stationery-2185,stationery,93.45,295
2186,peripherals-2186,peripherals,94.82,302
2187,storage-2187,storage,96.19,309
2188,lighting-2188,lighting,97.56,316
2189,breakroom-2189,breakroom,98.93,323
2190,furniture-2190,furniture,0.30,330
2191,stationery-2191,stationery,1.67,337
2192,peripherals-2192,peripherals,3.04,344
2193,storage-2193,storage,4.41,351
2194,lighting-2194,lighting,5.78,358
2195,breakroom-2195,breakroom,7.15,365
2196,furniture-2196,furniture,8.52,372
2197,stationery-2197,stationery,9.89,379
2198,peripherals-2198,peripherals,11.26,386
2199,storage-2199,storage,12.63,393
2200,lighting-2200,lighting,14.00,400
2201,breakroom-2201,breakroom,15.37,407
2202,furniture-2202,furniture,16.74,414
2203,stationery-2203,stationery,18.11,421
2204,peripherals-2204,peripherals,19.48,428
2205,storage-2205,storage,20.85,435
2206,lighting-2206,lighting,22.22,442
2207,breakroom-2207,breakroom,23.59,449
2208,furniture-2208,furniture,24.96,456
2209,stationery-2209,stationery,26.33,463
2210,peripherals-2210,peripherals,27.70,470
2211,storage-2211,storage,29.07,477
2212,lighting-2212,lighting,30.44,484
2213,breakroom-2213,breakroom,31.81,491
2214,furniture-2214,furniture,33.18,498
2215,stationery-2215,stationery,34.55,5
2216,peripherals-2216,peripherals,35.92,12
2217,storage-2217,storage,37.29,19
2218,lighting-2218,lighting,38.66,26
2219,breakroom-2219,breakroom,40.03,33
2220,furniture-2220,furniture,41.40,40
2221,stationery-2221,stationery,42.77,47
2222,peripherals-2222,peripherals,44.14,54
2223,storage-2223,storage,45.51,61
2224,lighting-2224,lighting,46.88,68
2225,breakroom-2225,breakroom,48.25,75
2226,furniture-2226,furniture,49.62,82
2227,stationery-2227,stationery,50.99,89
2228,peripherals-2228,peripherals,52.36,96
2229,storage-2229,storage,53.73,103
2230,lighting-2230,lighting,55.10,110
2231,breakroom-2231,breakroom,56.47,117
2232,furniture-2232,furniture,57.84,124
2233,stationery-2233,stationery,59.21,131
2234,peripherals-2234,peripherals,60.58,138
2235,storage-2235,storage,61.95,145
2236,lighting-2236,lighting,63.32,152
2237,breakroom-2237,breakroom,64.69,159
2238,furniture-2238,furniture,66.06,166
2239,stationery-2239,stationery,67.43,173
2240,peripherals-2240,peripherals,68.80,180
2241,storage-2241,storage,70.17,187
2242,lighting-2242,lighting,71.54,194
2243,breakroom-2243,breakroom,72.91,201
2244,furniture-2244,furniture,74.28,208
2245,stationery-2245,stationery,75.65,215
2246,peripherals-2246,peripherals,77.02,222
2247,storage-2247,storage,78.39,229
2248,lighting-2248,lighting,79.76,236
2249,breakroom-2249,breakroom,81.13,243
2250,furniture-2250,furniture,82.50,250
2251,stationery-2251,stationery,83.87,257
2252,peripherals-2252,peripherals,85.24,264
2253,storage-2253,storage,86.61,271
2254,lighting-2254,lighting,87.98,278
2255,breakroom-2255,breakroom,89.35,285
2256,furniture-2256,furniture,90.72,292
2257,stationery-2257,stationery,92.09,299
2258,peripherals-2258,peripherals,93.46,306
2259,storage-2259,storage,94.83,313
2260,lighting-2260,lighting,96.20,320
2261,breakroom-2261,breakroom,97.57,327
2262,furniture-2262,furniture,98.94,334
2263,stationery-2263,stationery,0.31,341
2264,peripherals-2264,peripherals,1.68,348
2265,storage-2265,storage,3.05,355
2266,lighting-2266,lighting,4.42,362
2267,breakroom-2267,breakroom,5.79,369
2268,furniture-2268,furniture,7.16,376
2269,stationery-2269,stationery,8.53,383
2270,peripherals-2270,peripherals,9.90,390
2271,storage-2271,storage,11.27,397
2272,lighting-2272,lighting,12.64,404
2273,breakroom-2273,breakroom,14.01,411
2274,furniture-2274,furniture,15.38,418
2275,stationery-2275,stationery,16.75,425
2276,peripherals-2276,peripherals,18.12,432
2277,storage-2277,storage,19.49,439
2278,lighting-2278,lighting,20.86,446
2279,breakroom-2279,breakroom,22.23,453
2280,furniture-2280,furniture,23.60,460
2281,stationery-2281,stationery,24.97,467
2282,peripherals-2282,peripherals,26.34,474
2283,storage-2283,storage,27.71,481
2284,lighting-2284,lighting,29.08,488
2285,breakroom-2285,breakroom,30.45,495
2286,furniture-2286,furniture,31.82,2
2287,stationery-2287,stationery,33.19,9
2288,peripherals-2288,peripherals,34.56,16
2289,storage-2289,storage,35.93,23
2290,lighting-2290,lighting,37.30,30
2291,breakroom-2291,breakroom,38.67,37
2292,furniture-2292,furniture,40.04,44
2293,stationery-2293,stationery,41.41,51
2294,peripherals-2294,peripherals,42.78,58
2295,storage-2295,storage,44.15,65
2296,lighting-2296,lighting,45.52,72
2297,breakroom-2297,breakroom,46.89,79
2298,furniture-2298,furniture,48.26,86
2299,stationery-2299,stationery,49.63,93
2300,peripherals-2300,peripherals,51.00,100
2301,storage-2301,storage,52.37,107
2302,lighting-2302,lighting,53.74,114
2303,breakroom-2303,breakroom,55.11,121
2304,furniture-2304,furniture,56.48,128
2305,stationery-2305,stationery,57.85,135
2306,peripherals-2306,peripherals,59.22,142
2307,storage-2307,storage,60.59,149
2308,lighting-2308,lighting,61.96,156
2309,breakroom-2309,breakroom,63.33,163
2310,furniture-2310,furniture,64.70,170
2311,stationery-2311,stationery,66.07,177
2312,peripherals-2312,peripherals,67.44,184
2313,storage-2313,storage,68.81,191
2314,lighting-2314,lighting,70.18,198
2315,breakroom-2315,breakroom,71.55,205
2316,furniture-2316,furniture,72.92,212
2317,stationery-2317,stationery,74.29,219
2318,peripherals-2318,peripherals,75.66,226
2319,storage-2319,storage,77.03,233
2320,lighting-2320,lighting,78.40,240
2321,breakroom-2321,breakroom,79.77,247
2322,furniture-2322,furniture,81.14,254
2323,stationery-2323,stationery,82.51,261
2324,peripherals-2324,peripherals,83.88,268
2325,storage-2325,storage,85.25,275
2326,lighting-2326,lighting,86.62,282
2327,breakroom-2327,breakroom,87.99,289
2328,furniture-2328,furniture,89.36,296
2329,stationery-2329,stationery,90.73,303
2330,peripherals-2330,peripherals,92.10,310
2331,storage-2331,storage,93.47,317
2332,lighting-2332,lighting,94.84,324
2333,breakroom-2333,breakroom,96.21,331
2334,furniture-2334,furniture,97.58,338
2335,stationery-2335,stationery,98.95,345
2336,peripherals-2336,peripherals,0.32,352
2337,storage-2337,storage,1.69,359
2338,lighting-2338,lighting,3.06,366
2339,breakroom-2339,breakroom,4.43,373
2340,furniture-2340,furniture,5.80,380
2341,stationery-2341,stationery,7.17,387
2342,peripherals-2342,peripherals,8.54,394
2343,storage-2343,storage,9.91,401
2344,lighting-2344,lighting,11.28,408
2345,breakroom-2345,breakroom,12.65,415
2346,furniture-2346,furniture,14.02,422
2347,stationery-2347,stationery,15.39,429
2348,peripherals-2348,peripherals,16.76,436
2349,storage-2349,storage,18.13,443
2350,lighting-2350,lighting,19.50,450
2351,breakroom-2351,breakroom,20.87,457
2352,furniture-2352,furniture,22.24,464
2353,stationery-2353,stationery,23.61,471
2354,peripherals-2354,peripherals,24.98,478
2355,storage-2355,storage,26.35,485
2356,lighting-2356,lighting,27.72,492
2357,breakroom-2357,breakroom,29.09,499
2358,furniture-2358,furniture,30.46,6
2359,stationery-2359,stationery,31.83,13
2360,peripherals-2360,peripherals,33.20,20
2361,storage-2361,storage,34.57,27
2362,lighting-2362,lighting,35.94,34
2363,breakroom-2363,breakroom,37.31,41
2364,furniture-2364,furniture,38.68,48
2365,stationery-2365,stationery,40.05,55
2366,peripherals-2366,peripherals,41.42,62
2367,storage-2367,storage,42.79,69
2368,lighting-2368,lighting,44.16,76
2369,breakroom-2369,breakroom,45.53,83
2370,furniture-2370,furniture,46.90,90
2371,stationery-2371,stationery,48.27,97
2372,peripherals-2372,peripherals,49.64,104
2373,storage-2373,storage,51.01,111
2374,lighting-2374,lighting,52.38,118
2375,breakroom-2375,breakroom,53.75,125
2376,furniture-2376,furniture,55.12,132
2377,stationery-2377,stationery,56.49,139
2378,peripherals-2378,peripherals,57.86,146
2379,storage-2379,storage,59.23,153
2380,lighting-2380,lighting,60.60,160
2381,breakroom-2381,breakroom,61.97,167
2382,furniture-2382,furniture,63.34,174
2383,stationery-2383,stationery,64.71,181
2384,peripherals-2384,peripherals,66.08,188
2385,storage-2385,storage,67.45,195
2386,lighting-2386,lighting,68.82,202
2387,breakroom-2387,breakroom,70.19,209
2388,furniture-2388,furniture,71.56,216
2389,stationery-2389,stationery,72.93,223
2390,peripherals-2390,peripherals,74.30,230
2391,storage-2391,storage,75.67,237
2392,lighting-2392,lighting,77.04,244
2393,breakroom-2393,breakroom,78.41,251
2394,furniture-2394,furniture,79.78,258
2395,stationery-2395,stationery,81.15,265
2396,peripherals-2396,peripherals,82.52,272
2397,storage-2397,storage,83.89,279
2398,lighting-2398,lighting,85.26,286
2399,breakroom-2399,breakroom,86.63,293
2400,furniture-2400,furniture,88.00,300
2401,stationery-2401,stationery,89.37,307
2402,peripherals-2402,peripherals,90.74,314
2403,storage-2403,storage,92.11,321
2404,lighting-2404,lighting,93.48,328
2405,breakroom-2405,breakroom,94.85,335
2406,furniture-2406,furniture,96.22,342
2407,stationery-2407,stationery,97.59,349
2408,peripherals-2408,peripherals,98.96,356
2409,storage-2409,storage,0.33,363
2410,lighting-2410,lighting,1.70,370
2411,breakroom-2411,breakroom,3.07,377
2412,furniture-2412,furniture,4.44,384
2413,stationery-2413,stationery,5.81,391
2414,peripherals-2414,peripherals,7.18,398
2415,storage-2415,storage,8.55,405
2416,lighting-2416,lighting,9.92,412
2417,breakroom-2417,breakroom,11.29,419
2418,furniture-2418,furniture,12.66,426
2419,stationery-2419,stationery,14.03,433
2420,peripherals-2420,peripherals,15.40,440
2421,storage-2421,storage,16.77,447
2422,lighting-2422,lighting,18.14,454
2423,breakroom-2423,breakroom,19.51,461
2424,furniture-2424,furniture,20.88,468
2425,stationery-2425,stationery,22.25,475
2426,peripherals-2426,peripherals,23.62,482
2427,storage-2427,storage,24.99,489
2428,lighting-2428,lighting,26.36,496
2429,breakroom-2429,breakroom,27.73,3
2430,furniture-2430,furniture,29.10,10
2431,stationery-2431,stationery,30.47,17
2432,peripherals-2432,peripherals,31.84,24
2433,storage-2433,storage,33.21,31
2434,lighting-2434,lighting,34.58,38
2435,breakroom-2435,breakroom,35.95,45
2436,furniture-2436,furniture,37.32,52
2437,stationery-2437,stationery,38.69,59
2438,peripherals-2438,peripherals,40.06,66
2439,storage-2439,storage,41.43,73
2440,lighting-2440,lighting,42.80,80
2441,breakroom-2441,breakroom,44.17,87
2442,furniture-2442,furniture,45.54,94
2443,stationery-2443,stationery,46.91,101
2444,peripherals-2444,peripherals,48.28,108
2445,storage-2445,storage,49.65,115
2446,lighting-2446,lighting,51.02,122
2447,breakroom-2447,breakroom,52.39,129
2448,furniture-2448,furniture,53.76,136
2449,stationery-2449,stationery,55.13,143
2450,peripherals-2450,peripherals,56.50,150
2451,storage-2451,storage,57.87,157
2452,lighting-2452,lighting,59.24,164
2453,breakroom-2453,breakroom,60.61,171
2454,furniture-2454,furniture,61.98,178
2455,stationery-2455,stationery,63.35,185
2456,peripherals-2456,peripherals,64.72,192
2457,storage-2457,storage,66.09,199
2458,lighting-2458,lighting,67.46,206
2459,breakroom-2459,breakroom,68.83,213
2460,furniture-2460,furniture,70.20,220
2461,stationery-2461,stationery,71.57,227
2462,peripherals-2462,peripherals,72.94,234
2463,storage-2463,storage,74.31,241
2464,lighting-2464,lighting,75.68,248
2465,breakroom-2465,breakroom,77.05,255
2466,furniture-2466,furniture,78.42,262
2467,stationery-2467,stationery,79.79,269
2468,peripherals-2468,peripherals,81.16,276
2469,storage-2469,storage,82.53,283
2470,lighting-2470,lighting,83.90,290
2471,breakroom-2471,breakroom,85.27,297
2472,furniture-2472,furniture,86.64,304
2473,stationery-2473,stationery,88.01,311
2474,peripherals-2474,peripherals,89.38,318
2475,storage-2475,storage,90.75,325
2476,lighting-2476,lighting,92.12,332
2477,breakroom-2477,breakroom,93.49,339
2478,furniture-2478,furniture,94.86,346
2479,stationery-2479,stationery,96.23,353
2480,peripherals-2480,peripherals,97.60,360
2481,storage-2481,storage,98.97,367
2482,lighting-2482,lighting,0.34,374
2483,breakroom-2483,breakroom,1.71,381
2484,furniture-2484,furniture,3.08,388
2485,stationery-2485,stationery,4.45,395
2486,peripherals-2486,peripherals,5.82,402
2487,storage-2487,storage,7.19,409
2488,lighting-2488,lighting,8.56,416
2489,breakroom-2489,breakroom,9.93,423
2490,furniture-2490,furniture,11.30,430
2491,stationery-2491,stationery,12.67,437
2492,peripherals-2492,peripherals,14.04,444
2493,storage-2493,storage,15.41,451
2494,lighting-2494,lighting,16.78,458
2495,breakroom-2495,breakroom,18.15,465
2496,furniture-2496,furniture,19.52,472
2497,stationery-2497,stationery,20.89,479
2498,peripherals-2498,peripherals,22.26,486
2499,storage-2499,storage,23.63,493
2500,lighting-2500,lighting,25.00,0
2501,breakroom-2501,breakroom,26.37,7
2502,furniture-2502,furniture,27.74,14
2503,stationery-2503,stationery,29.11,21
2504,peripherals-2504,peripherals,30.48,28
2505,storage-2505,storage,31.85,35
2506,lighting-2506,lighting,33.22,42
2507,breakroom-2507,breakroom,34.59,49
2508,furniture-2508,furniture,35.96,56
2509,stationery-2509,stationery,37.33,63
2510,peripherals-2510,peripherals,38.70,70
2511,storage-2511,storage,40.07,77
2512,lighting-2512,lighting,41.44,84
2513,breakroom-2513,breakroom,42.81,91
2514,furniture-2514,furniture,44.18,98
2515,stationery-2515,stationery,45.55,105
2516,peripherals-2516,peripherals,46.92,112
2517,storage-2517,storage,48.29,119
2518,lighting-2518,lighting,49.66,126
2519,breakroom-2519,breakroom,51.03,133
2520,furniture-2520,furniture,52.40,140
2521,stationery-2521,stationery,53.77,147
2522,peripherals-2522,peripherals,55.14,154
2523,storage-2523,storage,56.51,161
2524,lighting-2524,lighting,57.88,168
2525,breakroom-2525,breakroom,59.25,175
2526,furniture-2526,furniture,60.62,182
2527,stationery-2527,stationery,61.99,189
2528,peripherals-2528,peripherals,63.36,196
2529,storage-2529,storage,64.73,203
2530,lighting-2530,lighting,66.10,210
2531,breakroom-2531,breakroom,67.47,217
2532,furniture-2532,furniture,68.84,224
2533,stationery-2533,stationery,70.21,231
2534,peripherals-2534,peripherals,71.58,238
2535,storage-2535,storage,72.95,245
2536,lighting-2536,lighting,74.32,252
2537,breakroom-2537,breakroom,75.69,259
2538,furniture-2538,furniture,77.06,266
2539,stationery-2539,stationery,78.43,273
2540,peripherals-2540,peripherals,79.80,280
2541,storage-2541,storage,81.17,287
2542,lighting-2542,lighting,82.54,294
2543,breakroom-2543,breakroom,83.91,301
2544,furniture-2544,furniture,85.28,308
2545,stationery-2545,stationery,86.65,315
2546,peripherals-2546,peripherals,88.02,322
2547,storage-2547,storage,89.39,329
2548,lighting-2548,lighting,90.76,336
2549,breakroom-2549,breakroom,92.13,343
2550,furniture-2550,furniture,93.50,350
2551,stationery-2551,stationery,94.87,357
2552,peripherals-2552,peripherals,96.24,364
2553,storage-2553,storage,97.61,371
2554,lighting-2554,lighting,98.98,378
2555,breakroom-2555,breakroom,0.35,385
2556,furniture-2556,furniture,1.72,392
2557,stationery-2557,stationery,3.09,399
2558,peripherals-2558,peripherals,4.46,406
2559,storage-2559,storage,5.83,413
2560,lighting-2560,lighting,7.20,420
2561,breakroom-2561,breakroom,8.57,427
2562,furniture-2562,furniture,9.94,434
2563,stationery-2563,stationery,11.31,441
2564,peripherals-2564,peripherals,12.68,448
2565,storage-2565,storage,14.05,455
2566,lighting-2566,lighting,15.42,462
2567,breakroom-2567,breakroom,16.79,469
2568,furniture-2568,furniture,18.16,476
2569,stationery-2569,stationery,19.53,483
2570,peripherals-2570,peripherals,20.90,490
2571,storage-2571,storage,22.27,497
2572,lighting-2572,lighting,23.64,4
2573,breakroom-2573,breakroom,25.01,11
2574,furniture-2574,furniture,26.38,18
2575,stationery-2575,stationery,27.75,25
2576,peripherals-2576,peripherals,29.12,32
2577,storage-2577,storage,30.49,39
2578,lighting-2578,lighting,31.86,46
2579,breakroom-2579,breakroom,33.23,53
2580,furniture-2580,furniture,34.60,60
2581,stationery-2581,stationery,35.97,67
2582,peripherals-2582,peripherals,37.34,74
2583,storage-2583,storage,38.71,81
2584,lighting-2584,lighting,40.08,88
2585,breakroom-2585,breakroom,41.45,95
2586,furniture-2586,furniture,42.82,102
2587,stationery-2587,stationery,44.19,109
2588,peripherals-2588,peripherals,45.56,116
2589,storage-2589,storage,46.93,123
2590,lighting-2590,lighting,48.30,130
2591,breakroom-2591,breakroom,49.67,137
2592,furniture-2592,furniture,51.04,144
2593,stationery-2593,stationery,52.41,151
2594,peripherals-2594,peripherals,53.78,158
2595,storage-2595,storage,55.15,165
2596,lighting-2596,lighting,56.52,172
2597,breakroom-2597,breakroom,57.89,179
2598,furniture-2598,furniture,59.26,186
2599,stationery-2599,stationery,60.63,193
2600,peripherals-2600,peripherals,62.00,200
2601,storage-2601,storage,63.37,207
2602,lighting-2602,lighting,64.74,214
2603,breakroom-2603,breakroom,66.11,221
2604,furniture-2604,furniture,67.48,228
2605,stationery-2605,stationery,68.85,235
2606,peripherals-2606,peripherals,70.22,242
2607,storage-2607,storage,71.59,249
2608,lighting-2608,lighting,72.96,256
2609,breakroom-2609,breakroom,74.33,263
2610,furniture-2610,furniture,75.70,270
2611,stationery-2611,stationery,77.07,277
2612,peripherals-2612,peripherals,78.44,284
2613,storage-2613,storage,79.81,291
2614,lighting-2614,lighting,81.18,298
2615,breakroom-2615,breakroom,82.55,305
2616,furniture-2616,furniture,83.92,312
2617,stationery-2617,stationery,85.29,319
2618,peripherals-2618,peripherals,86.66,326
2619,storage-2619,storage,88.03,333
2620,lighting-2620,lighting,89.40,340
2621,breakroom-2621,breakroom,90.77,347
2622,furniture-2622,furniture,92.14,354
2623,stationery-2623,stationery,93.51,361
2624,peripherals-2624,peripherals,94.88,368
2625,storage-2625,storage,96.25,375
2626,lighting-2626,lighting,97.62,382
2627,breakroom-2627,breakroom,98.99,389
2628,furniture-2628,furniture,0.36,396
2629,stationery-2629,stationery,1.73,403
2630,peripherals-2630,peripherals,3.10,410
2631,storage-2631,storage,4.47,417
2632,lighting-2632,lighting,5.84,424
2633,breakroom-2633,breakroom,7.21,431
2634,furniture-2634,furniture,8.58,438
2635,stationery-2635,stationery,9.95,445
2636,peripherals-2636,peripherals,11.32,452
2637,storage-2637,storage,12.69,459
2638,lighting-2638,lighting,14.06,466
2639,breakroom-2639,breakroom,15.43,473
2640,furniture-2640,furniture,16.80,480
2641,stationery-2641,stationery,18.17,487
2642,peripherals-2642,peripherals,19.54,494
2643,storage-2643,storage,20.91,1
2644,lighting-2644,lighting,22.28,8
2645,breakroom-2645,breakroom,23.65,15
2646,furniture-2646,furniture,25.02,22
2647,stationery-2647,stationery,26.39,29
2648,peripherals-2648,peripherals,27.76,36
2649,storage-2649,storage,29.13,43
2650,lighting-2650,lighting,30.50,50
2651,breakroom-2651,breakroom,31.87,57
2652,furniture-2652,furniture,33.24,64
2653,stationery-2653,stationery,34.61,71
2654,peripherals-2654,peripherals,35.98,78
2655,storage-2655,storage,37.35,85
2656,lighting-2656,lighting,38.72,92
2657,breakroom-2657,breakroom,40.09,99
2658,furniture-2658,furniture,41.46,106
2659,stationery-2659,stationery,42.83,113
2660,peripherals-2660,peripherals,44.20,120
2661,storage-2661,storage,45.57,127
2662,lighting-2662,lighting,46.94,134
2663,breakroom-2663,breakroom,48.31,141
2664,furniture-2664,furniture,49.68,148
2665,stationery-2665,stationery,51.05,155
2666,peripherals-2666,peripherals,52.42,162
2667,storage-2667,storage,53.79,169
2668,lighting-2668,lighting,55.16,176
2669,breakroom-2669,breakroom,56.53,183
2670,furniture-2670,furniture,57.90,190
2671,stationery-2671,stationery,59.27,197
2672,peripherals-2672,peripherals,60.64,204
2673,storage-2673,storage,62.01,211
2674,lighting-2674,lighting,63.38,218
2675,breakroom-2675,breakroom,64.75,225
2676,furniture-2676,furniture,66.12,232
2677,stationery-2677,stationery,67.49,239
2678,peripherals-2678,peripherals,68.86,246
2679,storage-2679,storage,70.23,253
2680,lighting-2680,lighting,71.60,260
2681,breakroom-2681,breakroom,72.97,267
2682,furniture-2682,furniture,74.34,274
2683,stationery-2683,stationery,75.71,281
2684,peripherals-2684,peripherals,77.08,288
2685,storage-2685,storage,78.45,295
2686,lighting-2686,lighting,79.82,302
2687,breakroom-2687,breakroom,81.19,309
2688,furniture-2688,furniture,82.56,316
2689,stationery-2689,stationery,83.93,323
2690,peripherals-2690,peripherals,85.30,330
2691,storage-2691,storage,86.67,337
2692,lighting-2692,lighting,88.04,344
2693,breakroom-2693,breakroom,89.41,351
2694,furniture-2694,furniture,90.78,358
2695,stationery-2695,stationery,92.15,365
2696,peripherals-2696,peripherals,93.52,372
2697,storage-2697,storage,94.89,379
2698,lighting-2698,lighting,96.26,386
2699,breakroom-2699,breakroom,97.63,393
2700,furniture-2700,furniture,99.00,400
2701,stationery-2701,stationery,0.37,407
2702,peripherals-2702,peripherals,1.74,414
2703,storage-2703,storage,3.11,421
2704,lighting-2704,lighting,4.48,428
2705,breakroom-2705,breakroom,5.85,435
2706,furniture-2706,furniture,7.22,442
2707,stationery-2707,stationery,8.59,449
2708,peripherals-2708,peripherals,9.96,456
2709,storage-2709,storage,11.33,463
2710,lighting-2710,lighting,12.70,470
2711,breakroom-2711,breakroom,14.07,477
2712,furniture-2712,furniture,15.44,484
2713,stationery-2713,stationery,16.81,491
2714,peripherals-2714,peripherals,18.18,498
2715,storage-2715,storage,19.55,5
2716,lighting-2716,lighting,20.92,12
2717,breakroom-2717,breakroom,22.29,19
2718,furniture-2718,furniture,23.66,26
2719,stationery-2719,stationery,25.03,33
2720,peripherals-2720,peripherals,26.40,40
2721,storage-2721,storage,27.77,47
2722,lighting-2722,lighting,29.14,54
2723,breakroom-2723,breakroom,30.51,61
2724,furniture-2724,furniture,31.88,68
2725,stationery-2725,stationery,33.25,75
2726,peripherals-2726,peripherals,34.62,82
2727,storage-2727,storage,35.99,89
2728,lighting-2728,lighting,37.36,96
2729,breakroom-2729,breakroom,38.73,103
2730,furniture-2730,furniture,40.10,110
2731,stationery-2731,stationery,41.47,117
2732,peripherals-2732,peripherals,42.84,124
2733,storage-2733,storage,44.21,131
2734,lighting-2734,lighting,45.58,138
2735,breakroom-2735,breakroom,46.95,145
2736,furniture-2736,furniture,48.32,152
2737,stationery-2737,stationery,49.69,159
2738,peripherals-2738,peripherals,51.06,166
2739,storage-2739,storage,52.43,173
2740,lighting-2740,lighting,53.80,180
2741,breakroom-2741,breakroom,55.17,187
2742,furniture-2742,furniture,56.54,194
2743,stationery-2743,stationery,57.91,201
2744,peripherals-2744,peripherals,59.28,208
2745,storage-2745,storage,60.65,215
2746,lighting-2746,lighting,62.02,222
2747,breakroom-2747,breakroom,63.39,229
2748,furniture-2748,furniture,64.76,236
2749,stationery-2749,stationery,66.13,243
2750,peripherals-2750,peripherals,67.50,250
2751,storage-2751,storage,68.87,257
2752,lighting-2752,lighting,70.24,264
2753,breakroom-2753,breakroom,71.61,271
2754,furniture-2754,furniture,72.98,278
2755,stationery-2755,stationery,74.35,285
2756,peripherals-2756,peripherals,75.72,292
2757,storage-2757,storage,77.09,299
2758,lighting-2758,lighting,78.46,306
2759,breakroom-2759,breakroom,79.83,313
2760,furniture-2760,furniture,81.20,320
2761,stationery-2761,stationery,82.57,327
2762,peripherals-2762,peripherals,83.94,334
2763,storage-2763,storage,85.31,341
2764,lighting-2764,lighting,86.68,348
2765,breakroom-2765,breakroom,88.05,355
2766,furniture-2766,furniture,89.42,362
2767,stationery-2767,stationery,90.79,369
2768,peripherals-2768,peripherals,92.16,376
2769,storage-2769,storage,93.53,383
2770,lighting-2770,lighting,94.90,390
2771,breakroom-2771,breakroom,96.27,397
2772,furniture-2772,furniture,97.64,404
2773,stationery-2773,stationery,99.01,411
2774,peripherals-2774,peripherals,0.38,418
2775,storage-2775,storage,1.75,425
2776,lighting-2776,lighting,3.12,432
2777,breakroom-2777,breakroom,4.49,439
2778,furniture-2778,furniture,5.86,446
2779,stationery-2779,stationery,7.23,453
2780,peripherals-2780,peripherals,8.60,460
2781,storage-2781,storage,9.97,467
2782,lighting-2782,lighting,11.34,474
2783,breakroom-2783,breakroom,12.71,481
2784,furniture-2784,furniture,14.08,488
2785,stationery-2785,stationery,15.45,495
2786,peripherals-2786,peripherals,16.82,2
2787,storage-2787,storage,18.19,9
2788,lighting-2788,lighting,19.56,16
2789,breakroom-2789,breakroom,20.93,23
2790,furniture-2790,furniture,22.30,30
2791,stationery-2791,stationery,23.67,37
2792,peripherals-2792,peripherals,25.04,44
2793,storage-2793,storage,26.41,51
2794,lighting-2794,lighting,27.78,58
2795,breakroom-2795,breakroom,29.15,65
2796,furniture-2796,furniture,30.52,72
2797,stationery-2797,stationery,31.89,79
2798,peripherals-2798,peripherals,33.26,86
2799,storage-2799,storage,34.63,93
2800,lighting-2800,lighting,36.00,100
2801,breakroom-2801,breakroom,37.37,107
2802,furniture-2802,furniture,38.74,114
2803,stationery-2803,stationery,40.11,121
2804,peripherals-2804,peripherals,41.48,128
2805,storage-2805,storage,42.85,135
2806,lighting-2806,lighting,44.22,142
2807,breakroom-2807,breakroom,45.59,149
2808,furniture-2808,furniture,46.96,156
2809,stationery-2809,stationery,48.33,163
2810,peripherals-2810,peripherals,49.70,170
2811,storage-2811,storage,51.07,177
2812,lighting-2812,lighting,52.44,184
2813,breakroom-2813,breakroom,53.81,191
2814,furniture-2814,furniture,55.18,198
2815,stationery-2815,stationery,56.55,205
2816,peripherals-2816,peripherals,57.92,212
2817,storage-2817,storage,59.29,219
2818,lighting-2818,lighting,60.66,226
2819,breakroom-2819,breakroom,62.03,233
2820,furniture-2820,furniture,63.40,240
2821,stationery-2821,stationery,64.77,247
2822,peripherals-2822,peripherals,66.14,254
2823,storage-2823,storage,67.51,261
2824,lighting-2824,lighting,68.88,268
2825,breakroom-2825,breakroom,70.25,275
2826,furniture-2826,furniture,71.62,282
2827,stationery-2827,stationery,72.99,289
2828,peripherals-2828,peripherals,74.36,296
2829,storage-2829,storage,75.73,303
2830,lighting-2830,lighting,77.10,310
2831,breakroom-2831,breakroom,78.47,317
2832,furniture-2832,furniture,79.84,324
2833,stationery-2833,stationery,81.21,331
2834,peripherals-2834,peripherals,82.58,338
2835,storage-2835,storage,83.95,345
2836,lighting-2836,lighting,85.32,352
2837,breakroom-2837,breakroom,86.69,359
2838,furniture-2838,furniture,88.06,366
2839,stationery-2839,stationery,89.43,373
2840,peripherals-2840,peripherals,90.80,380
2841,storage-2841,storage,92.17,387
2842,lighting-2842,lighting,93.54,394
2843,breakroom-2843,breakroom,94.91,401
2844,furniture-2844,furniture,96.28,408
2845,stationery-2845,stationery,97.65,415
2846,peripherals-2846,peripherals,99.02,422
2847,storage-2847,storage,0.39,429
2848,lighting-2848,lighting,1.76,436
2849,breakroom-2849,breakroom,3.13,443
2850,furniture-2850,furniture,4.50,450
2851,stationery-2851,stationery,5.87,457
2852,peripherals-2852,peripherals,7.24,464
2853,storage-2853,storage,8.61,471
2854,lighting-2854,lighting,9.98,478
2855,breakroom-2855,breakroom,11.35,485
2856,furniture-2856,furniture,12.72,492
2857,stationery-2857,stationery,14.09,499
2858,peripherals-2858,peripherals,15.46,6
2859,storage-2859,storage,16.83,13
2860,lighting-2860,lighting,18.20,20
2861,breakroom-2861,breakroom,19.57,27
2862,furniture-2862,furniture,20.94,34
2863,stationery-2863,stationery,22.31,41
2864,peripherals-2864,peripherals,23.68,48
2865,storage-2865,storage,25.05,55
2866,lighting-2866,lighting,26.42,62
2867,breakroom-2867,breakroom,27.79,69
2868,furniture-2868,furniture,29.16,76
2869,stationery-2869,stationery,30.53,83
2870,peripherals-2870,peripherals,31.90,90
2871,storage-2871,storage,33.27,97
2872,lighting-2872,lighting,34.64,104
2873,breakroom-2873,breakroom,36.01,111
2874,furniture-2874,furniture,37.38,118
2875,stationery-2875,stationery,38.75,125
2876,peripherals-2876,peripherals,40.12,132
2877,storage-2877,storage,41.49,139
2878,lighting-2878,lighting,42.86,146
2879,breakroom-2879,breakroom,44.23,153
2880,furniture-2880,furniture,45.60,160
2881,stationery-2881,stationery,46.97,167
2882,peripherals-2882,peripherals,48.34,174
2883,storage-2883,storage,49.71,181
2884,lighting-2884,lighting,51.08,188
2885,breakroom-2885,breakroom,52.45,195
2886,furniture-2886,furniture,53.82,202
2887,stationery-2887,stationery,55.19,209
2888,peripherals-2888,peripherals,56.56,216
2889,storage-2889,storage,57.93,223
2890,lighting-2890,lighting,59.30,230
2891,breakroom-2891,breakroom,60.67,237
2892,furniture-2892,furniture,62.04,244
2893,stationery-2893,stationery,63.41,251
2894,peripherals-2894,peripherals,64.78,258
2895,storage-2895,storage,66.15,265
2896,lighting-2896,lighting,67.52,272
2897,breakroom-2897,breakroom,68.89,279
2898,furniture-2898,furniture,70.26,286
2899,stationery-2899,stationery,71.63,293
2900,peripherals-2900,peripherals,73.00,300
2901,storage-2901,storage,74.37,307
2902,lighting-2902,lighting,75.74,314
2903,breakroom-2903,breakroom,77.11,321
2904,furniture-2904,furniture,78.48,328
2905,stationery-2905,stationery,79.85,335
2906,peripherals-2906,peripherals,81.22,342
2907,storage-2907,storage,82.59,349
2908,lighting-2908,lighting,83.96,356
2909,breakroom-2909,breakroom,85.33,363
2910,furniture-2910,furniture,86.70,370
2911,stationery-2911,stationery,88.07,377
2912,peripherals-2912,peripherals,89.44,384
2913,storage-2913,storage,90.81,391
2914,lighting-2914,lighting,92.18,398
2915,breakroom-2915,breakroom,93.55,405
2916,furniture-2916,furniture,94.92,412
2917,stationery-2917,stationery,96.29,419
2918,peripherals-2918,peripherals,97.66,426
2919,storage-2919,storage,99.03,433
2920,lighting-2920,lighting,0.40,440
2921,breakroom-2921,breakroom,1.77,447
2922,furniture-2922,furniture,3.14,454
2923,stationery-2923,stationery,4.51,461
2924,peripherals-2924,peripherals,5.88,468
2925,storage-2925,storage,7.25,475
2926,lighting-2926,lighting,8.62,482
2927,breakroom-2927,breakroom,9.99,489
2928,furniture-2928,furniture,11.36,496
2929,stationery-2929,stationery,12.73,3
2930,peripherals-2930,peripherals,14.10,10
2931,storage-2931,storage,15.47,17
2932,lighting-2932,lighting,16.84,24
2933,breakroom-2933,breakroom,18.21,31
2934,furniture-2934,furniture,19.58,38
2935,stationery-2935,stationery,20.95,45
2936,peripherals-2936,peripherals,22.32,52
2937,storage-2937,storage,23.69,59
2938,lighting-2938,lighting,25.06,66
2939,breakroom-2939,breakroom,26.43,73
2940,furniture-2940,furniture,27.80,80
2941,stationery-2941,stationery,29.17,87
2942,peripherals-2942,peripherals,30.54,94
2943,storage-2943,storage,31.91,101
2944,lighting-2944,lighting,33.28,108
2945,breakroom-2945,breakroom,34.65,115
2946,furniture-2946,furniture,36.02,122
2947,stationery-2947,stationery,37.39,129
2948,peripherals-2948,peripherals,38.76,136
2949,storage-2949,storage,40.13,143
2950,lighting-2950,lighting,41.50,150
2951,breakroom-2951,breakroom,42.87,157
2952,furniture-2952,furniture,44.24,164
2953,stationery-2953,stationery,45.61,171
2954,peripherals-2954,peripherals,46.98,178
2955,storage-2955,storage,48.35,185
2956,lighting-2956,lighting,49.72,192
2957,breakroom-2957,breakroom,51.09,199
2958,furniture-2958,furniture,52.46,206
2959,stationery-2959,stationery,53.83,213
2960,peripherals-2960,peripherals,55.20,220
2961,storage-2961,storage,56.57,227
2962,lighting-2962,lighting,57.94,234
2963,breakroom-2963,breakroom,59.31,241
2964,furniture-2964,furniture,60.68,248
2965,stationery-2965,stationery,62.05,255
2966,peripherals-2966,peripherals,63.42,262
2967,storage-2967,storage,64.79,269
2968,lighting-2968,lighting,66.16,276
2969,breakroom-2969,breakroom,67.53,283
2970,furniture-2970,furniture,68.90,290
2971,stationery-2971,stationery,70.27,297
2972,peripherals-2972,peripherals,71.64,304
2973,storage-2973,storage,73.01,311
2974,lighting-2974,lighting,74.38,318
2975,breakroom-2975,breakroom,75.75,325
2976,furniture-2976,furniture,77.12,332
2977,stationery-2977,stationery,78.49,339
2978,peripherals-2978,peripherals,79.86,346
2979,storage-2979,storage,81.23,353
2980,lighting-2980,lighting,82.60,360
2981,breakroom-2981,breakroom,83.97,367
2982,furniture-2982,furniture,85.34,374
2983,stationery-2983,stationery,86.71,381
2984,peripherals-2984,peripherals,88.08,388
2985,storage-2985,storage,89.45,395
2986,lighting-2986,lighting,90.82,402
2987,breakroom-2987,breakroom,92.19,409
2988,furniture-2988,furniture,93.56,416
2989,stationery-2989,stationery,94.93,423
2990,peripherals-2990,peripherals,96.30,430
2991,storage-2991,storage,97.67,437
2992,lighting-2992,lighting,99.04,444
2993,breakroom-2993,breakroom,0.41,451
2994,furniture-2994,furniture,1.78,458
2995,stationery-2995,stationery,3.15,465
2996,peripherals-2996,peripherals,4.52,472
2997,storage-2997,storage,5.89,479
2998,lighting-2998,lighting,7.26,486
2999,breakroom-2999,breakroom,8.63,493
3000,furniture-3000,furniture,10.00,0
3001,stationery-3001,stationery,11.37,7
3002,peripherals-3002,peripherals,12.74,14
3003,storage-3003,storage,14.11,21
3004,lighting-3004,lighting,15.48,28
3005,breakroom-3005,breakroom,16.85,35
3006,furniture-3006,furniture,18.22,42
3007,stationery-3007,stationery,19.59,49
3008,peripherals-3008,peripherals,20.96,56
3009,storage-3009,storage,22.33,63
3010,lighting-3010,lighting,23.70,70
3011,breakroom-3011,breakroom,25.07,77
3012,furniture-3012,furniture,26.44,84
3013,stationery-3013,stationery,27.81,91
3014,peripherals-3014,peripherals,29.18,98
3015,storage-3015,storage,30.55,105
3016,lighting-3016,lighting,31.92,112
3017,breakroom-3017,breakroom,33.29,119
3018,furniture-3018,furniture,34.66,126
3019,stationery-3019,stationery,36.03,133
3020,peripherals-3020,peripherals,37.40,140
3021,storage-3021,storage,38.77,147
3022,lighting-3022,lighting,40.14,154
3023,breakroom-3023,breakroom,41.51,161
3024,furniture-3024,furniture,42.88,168
3025,stationery-3025,stationery,44.25,175
3026,peripherals-3026,peripherals,45.62,182
3027,storage-3027,storage,46.99,189
3028,lighting-3028,lighting,48.36,196
3029,breakroom-3029,breakroom,49.73,203
3030,furniture-3030,furniture,51.10,210
3031,stationery-3031,stationery,52.47,217
3032,peripherals-3032,peripherals,53.84,224
3033,storage-3033,storage,55.21,231
3034,lighting-3034,lighting,56.58,238
3035,breakroom-3035,breakroom,57.95,245
3036,furniture-3036,furniture,59.32,252
3037,stationery-3037,stationery,60.69,259
3038,peripherals-3038,peripherals,62.06,266
3039,storage-3039,storage,63.43,273
3040,lighting-3040,lighting,64.80,280
3041,breakroom-3041,breakroom,66.17,287
3042,furniture-3042,furniture,67.54,294
3043,stationery-3043,stationery,68.91,301
3044,peripherals-3044,peripherals,70.28,308
3045,storage-3045,storage,71.65,315
3046,lighting-3046,lighting,73.02,322
3047,breakroom-3047,breakroom,74.39,329
3048,furniture-3048,furniture,75.76,336
3049,stationery-3049,stationery,77.13,343
3050,peripherals-3050,peripherals,78.50,350
3051,storage-3051,storage,79.87,357
3052,lighting-3052,lighting,81.24,364
3053,breakroom-3053,breakroom,82.61,371
3054,furniture-3054,furniture,83.98,378
3055,stationery-3055,stationery,85.35,385
3056,peripherals-3056,peripherals,86.72,392
3057,storage-3057,storage,88.09,399
3058,lighting-3058,lighting,89.46,406
3059,breakroom-3059,breakroom,90.83,413
3060,furniture-3060,furniture,92.20,420
3061,stationery-3061,stationery,93.57,427
3062,peripherals-3062,peripherals,94.94,434
3063,storage-3063,storage,96.31,441
3064,lighting-3064,lighting,97.68,448
3065,breakroom-3065,breakroom,99.05,455
3066,furniture-3066,furniture,0.42,462
3067,stationery-3067,stationery,1.79,469
3068,peripherals-3068,peripherals,3.16,476
3069,storage-3069,storage,4.53,483
3070,lighting-3070,lighting,5.90,490
3071,breakroom-3071,breakroom,7.27,497
3072,furniture-3072,furniture,8.64,4
3073,stationery-3073,stationery,10.01,11
3074,peripherals-3074,peripherals,11.38,18
3075,storage-3075,storage,12.75,25
3076,lighting-3076,lighting,14.12,32
3077,breakroom-3077,breakroom,15.49,39
3078,furniture-3078,furniture,16.86,46
3079,stationery-3079,stationery,18.23,53
3080,peripherals-3080,peripherals,19.60,60
3081,storage-3081,storage,20.97,67
3082,lighting-3082,lighting,22.34,74
3083,breakroom-3083,breakroom,23.71,81
3084,furniture-3084,furniture,25.08,88
3085,stationery-3085,stationery,26.45,95
3086,peripherals-3086,peripherals,27.82,102
3087,storage-3087,storage,29.19,109
3088,lighting-3088,lighting,30.56,116
3089,breakroom-3089,breakroom,31.93,123
3090,furniture-3090,furniture,33.30,130
3091,stationery-3091,stationery,34.67,137
3092,peripherals-3092,peripherals,36.04,144
3093,storage-3093,storage,37.41,151
3094,lighting-3094,lighting,38.78,158
3095,breakroom-3095,breakroom,40.15,165
3096,furniture-3096,furniture,41.52,172
3097,stationery-3097,stationery,42.89,179
3098,peripherals-3098,peripherals,44.26,186
3099,storage-3099,storage,45.63,193
3100,lighting-3100,lighting,47.00,200
3101,breakroom-3101,breakroom,48.37,207
3102,furniture-3102,furniture,49.74,214
3103,stationery-3103,stationery,51.11,221
3104,peripherals-3104,peripherals,52.48,228
3105,storage-3105,storage,53.85,235
3106,lighting-3106,lighting,55.22,242
3107,breakroom-3107,breakroom,56.59,249
3108,furniture-3108,furniture,57.96,256
3109,stationery-3109,stationery,59.33,263
3110,peripherals-3110,peripherals,60.70,270
3111,storage-3111,storage,62.07,277
3112,lighting-3112,lighting,63.44,284
3113,breakroom-3113,breakroom,64.81,291
3114,furniture-3114,furniture,66.18,298
3115,stationery-3115,stationery,67.55,305
3116,peripherals-3116,peripherals,68.92,312
3117,storage-3117,storage,70.29,319
3118,lighting-3118,lighting,71.66,326
3119,breakroom-3119,breakroom,73.03,333
3120,furniture-3120,furniture,74.40,340
3121,stationery-3121,stationery,75.77,347
3122,peripherals-3122,peripherals,77.14,354
3123,storage-3123,storage,78.51,361
3124,lighting-3124,lighting,79.88,368
3125,breakroom-3125,breakroom,81.25,375
3126,furniture-3126,furniture,82.62,382
3127,stationery-3127,stationery,83.99,389
3128,peripherals-3128,peripherals,85.36,396
3129,storage-3129,storage,86.73,403
3130,lighting-3130,lighting,88.10,410
3131,breakroom-3131,breakroom,89.47,417
3132,furniture-3132,furniture,90.84,424
3133,stationery-3133,stationery,92.21,431
3134,peripherals-3134,peripherals,93.58,438
3135,storage-3135,storage,94.95,445
3136,lighting-3136,lighting,96.32,452
3137,breakroom-3137,breakroom,97.69,459
3138,furniture-3138,furniture,99.06,466
3139,stationery-3139,stationery,0.43,473
3140,peripherals-3140,peripherals,1.80,480
3141,storage-3141,storage,3.17,487
3142,lighting-3142,lighting,4.54,494
3143,breakroom-3143,breakroom,5.91,1
3144,furniture-3144,furniture,7.28,8
3145,stationery-3145,stationery,8.65,15
3146,peripherals-3146,peripherals,10.02,22
3147,storage-3147,storage,11.39,29
3148,lighting-3148,lighting,12.76,36
3149,breakroom-3149,breakroom,14.13,43
3150,furniture-3150,furniture,15.50,50
3151,stationery-3151,stationery,16.87,57
3152,peripherals-3152,peripherals,18.24,64
3153,storage-3153,storage,19.61,71
3154,lighting-3154,lighting,20.98,78
3155,breakroom-3155,breakroom,22.35,85
3156,furniture-3156,furniture,23.72,92
3157,stationery-3157,stationery,25.09,99
3158,peripherals-3158,peripherals,26.46,106
3159,storage-3159,storage,27.83,113
3160,lighting-3160,lighting,29.20,120
3161,breakroom-3161,breakroom,30.57,127
3162,furniture-3162,furniture,31.94,134
3163,stationery-3163,stationery,33.31,141
3164,peripherals-3164,peripherals,34.68,148
3165,storage-3165,storage,36.05,155
3166,lighting-3166,lighting,37.42,162
3167,breakroom-3167,breakroom,38.79,169
3168,furniture-3168,furniture,40.16,176
3169,stationery-3169,stationery,41.53,183
3170,peripherals-3170,peripherals,42.90,190
3171,storage-3171,storage,44.27,197
3172,lighting-3172,lighting,45.64,204
3173,breakroom-3173,breakroom,47.01,211
3174,furniture-3174,furniture,48.38,218
3175,stationery-3175,stationery,49.75,225
3176,peripherals-3176,peripherals,51.12,232
3177,storage-3177,storage,52.49,239
3178,lighting-3178,lighting,53.86,246
3179,breakroom-3179,breakroom,55.23,253
3180,furniture-3180,furniture,56.60,260
3181,stationery-3181,stationery,57.97,267
3182,peripherals-3182,peripherals,59.34,274
3183,storage-3183,storage,60.71,281
3184,lighting-3184,lighting,62.08,288
3185,breakroom-3185,breakroom,63.45,295
3186,furniture-3186,furniture,64.82,302
3187,stationery-3187,stationery,66.19,309
3188,peripherals-3188,peripherals,67.56,316
3189,storage-3189,storage,68.93,323
3190,lighting-3190,lighting,70.30,330
3191,breakroom-3191,breakroom,71.67,337
3192,furniture-3192,furniture,73.04,344
3193,stationery-3193,stationery,74.41,351
3194,peripherals-3194,peripherals,75.78,358
3195,storage-3195,storage,77.15,365
3196,lighting-3196,lighting,78.52,372
3197,breakroom-3197,breakroom,79.89,379
3198,furniture-3198,furniture,81.26,386
3199,stationery-3199,stationery,82.63,393
3200,peripherals-3200,peripherals,84.00,400
3201,storage-3201,storage,85.37,407
3202,lighting-3202,lighting,86.74,414
3203,breakroom-3203,breakroom,88.11,421
3204,furniture-3204,furniture,89.48,428
3205,stationery-3205,stationery,90.85,435
3206,peripherals-3206,peripherals,92.22,442
3207,storage-3207,storage,93.59,449
3208,lighting-3208,lighting,94.96,456
3209,breakroom-3209,breakroom,96.33,463
3210,furniture-3210,furniture,97.70,470
3211,stationery-3211,stationery,99.07,477
3212,peripherals-3212,peripherals,0.44,484
3213,storage-3213,storage,1.81,491
3214,lighting-3214,lighting,3.18,498
3215,breakroom-3215,breakroom,4.55,5
3216,furniture-3216,furniture,5.92,12
3217,stationery-3217,stationery,7.29,19
3218,peripherals-3218,peripherals,8.66,26
3219,storage-3219,storage,10.03,33
3220,lighting-3220,lighting,11.40,40
3221,breakroom-3221,breakroom,12.77,47
3222,furniture-3222,furniture,14.14,54
3223,stationery-3223,stationery,15.51,61
3224,peripherals-3224,peripherals,16.88,68
3225,storage-3225,storage,18.25,75
3226,lighting-3226,lighting,19.62,82
3227,breakroom-3227,breakroom,20.99,89
3228,furniture-3228,furniture,22.36,96
3229,stationery-3229,stationery,23.73,103
3230,peripherals-3230,peripherals,25.10,110
3231,storage-3231,storage,26.47,117
3232,lighting-3232,lighting,27.84,124
3233,breakroom-3233,breakroom,29.21,131
3234,furniture-3234,furniture,30.58,138
3235,stationery-3235,stationery,31.95,145
3236,peripherals-3236,peripherals,33.32,152
3237,storage-3237,storage,34.69,159
3238,lighting-3238,lighting,36.06,166
3239,breakroom-3239,breakroom,37.43,173
3240,furniture-3240,furniture,38.80,180
3241,stationery-3241,stationery,40.17,187
3242,peripherals-3242,peripherals,41.54,194
3243,storage-3243,storage,42.91,201
3244,lighting-3244,lighting,44.28,208
3245,breakroom-3245,breakroom,45.65,215
3246,furniture-3246,furniture,47.02,222
3247,stationery-3247,stationery,48.39,229
3248,peripherals-3248,peripherals,49.76,236
3249,storage-3249,storage,51.13,243
3250,lighting-3250,lighting,52.50,250
3251,breakroom-3251,breakroom,53.87,257
3252,furniture-3252,furniture,55.24,264
3253,stationery-3253,stationery,56.61,271
3254,peripherals-3254,peripherals,57.98,278
3255,storage-3255,storage,59.35,285
3256,lighting-3256,lighting,60.72,292
3257,breakroom-3257,breakroom,62.09,299
3258,furniture-3258,furniture,63.46,306
3259,stationery-3259,stationery,64.83,313
3260,peripherals-3260,peripherals,66.20,320
3261,storage-3261,storage,67.57,327
3262,lighting-3262,lighting,68.94,334
3263,breakroom-3263,breakroom,70.31,341
3264,furniture-3264,furniture,71.68,348
3265,stationery-3265,stationery,73.05,355
3266,peripherals-3266,peripherals,74.42,362
3267,storage-3267,storage,75.79,369
3268,lighting-3268,lighting,77.16,376
3269,breakroom-3269,breakroom,78.53,383
3270,furniture-3270,furniture,79.90,390
3271,stationery-3271,stationery,81.27,397
3272,peripherals-3272,peripherals,82.64,404
3273,storage-3273,storage,84.01,411
3274,lighting-3274,lighting,85.38,418
3275,breakroom-3275,breakroom,86.75,425
3276,furniture-3276,furniture,88.12,432
3277,stationery-3277,stationery,89.49,439
3278,peripherals-3278,peripherals,90.86,446
3279,storage-3279,storage,92.23,453
3280,lighting-3280,lighting,93.60,460
3281,breakroom-3281,breakroom,94.97,467
3282,furniture-3282,furniture,96.34,474
3283,stationery-3283,stationery,97.71,481
3284,peripherals-3284,peripherals,99.08,488
3285,storage-3285,storage,0.45,495
3286,lighting-3286,lighting,1.82,2
3287,breakroom-3287,breakroom,3.19,9
3288,furniture-3288,furniture,4.56,16
3289,stationery-3289,stationery,5.93,23
3290,peripherals-3290,peripherals,7.30,30
3291,storage-3291,storage,8.67,37
3292,lighting-3292,lighting,10.04,44
3293,breakroom-3293,breakroom,11.41,51
3294,furniture-3294,furniture,12.78,58
3295,stationery-3295,stationery,14.15,65
3296,peripherals-3296,peripherals,15.52,72
3297,storage-3297,storage,16.89,79
3298,lighting-3298,lighting,18.26,86
3299,breakroom-3299,breakroom,19.63,93
3300,furniture-3300,furniture,21.00,100
3301,stationery-3301,stationery,22.37,107
3302,peripherals-3302,peripherals,23.74,114
3303,storage-3303,storage,25.11,121
3304,lighting-3304,lighting,26.48,128
3305,breakroom-3305,breakroom,27.85,135
3306,furniture-3306,furniture,29.22,142
3307,stationery-3307,stationery,30.59,149
3308,peripherals-3308,peripherals,31.96,156
3309,storage-3309,storage,33.33,163
3310,lighting-3310,lighting,34.70,170
3311,breakroom-3311,breakroom,36.07,177
3312,furniture-3312,furniture,37.44,184
3313,stationery-3313,stationery,38.81,191
3314,peripherals-3314,peripherals,40.18,198
3315,storage-3315,storage,41.55,205
3316,lighting-3316,lighting,42.92,212
3317,breakroom-3317,breakroom,44.29,219
3318,furniture-3318,furniture,45.66,226
3319,stationery-3319,stationery,47.03,233
3320,peripherals-3320,peripherals,48.40,240
3321,storage-3321,storage,49.77,247
3322,lighting-3322,lighting,51.14,254
3323,breakroom-3323,breakroom,52.51,261
3324,furniture-3324,furniture,53.88,268
3325,stationery-3325,stationery,55.25,275
3326,peripherals-3326,peripherals,56.62,282
3327,storage-3327,storage,57.99,289
3328,lighting-3328,lighting,59.36,296
3329,breakroom-3329,breakroom,60.73,303
3330,furniture-3330,furniture,62.10,310
3331,stationery-3331,stationery,63.47,317
3332,peripherals-3332,peripherals,64.84,324
3333,storage-3333,storage,66.21,331
3334,lighting-3334,lighting,67.58,338
3335,breakroom-3335,breakroom,68.95,345
3336,furniture-3336,furniture,70.32,352
3337,stationery-3337,stationery,71.69,359
3338,peripherals-3338,peripherals,73.06,366
3339,storage-3339,storage,74.43,373
3340,lighting-3340,lighting,75.80,380
3341,breakroom-3341,breakroom,77.17,387
3342,furniture-3342,furniture,78.54,394
3343,stationery-3343,stationery,79.91,401
3344,peripherals-3344,peripherals,81.28,408
3345,storage-3345,storage,82.65,415
3346,lighting-3346,lighting,84.02,422
3347,breakroom-3347,breakroom,85.39,429
3348,furniture-3348,furniture,86.76,436
3349,stationery-3349,stationery,88.13,443
3350,peripherals-3350,peripherals,89.50,450
3351,storage-3351,storage,90.87,457
3352,lighting-3352,lighting,92.24,464
3353,breakroom-3353,breakroom,93.61,471
3354,furniture-3354,furniture,94.98,478
3355,stationery-3355,stationery,96.35,485
3356,peripherals-3356,peripherals,97.72,492
3357,storage-3357,storage,99.09,499
3358,lighting-3358,lighting,0.46,6
3359,breakroom-3359,breakroom,1.83,13
3360,furniture-3360,furniture,3.20,20
3361,stationery-3361,stationery,4.57,27
3362,peripherals-3362,peripherals,5.94,34
3363,storage-3363,storage,7.31,41
3364,lighting-3364,lighting,8.68,48
3365,breakroom-3365,breakroom,10.05,55
3366,furniture-3366,furniture,11.42,62
3367,stationery-3367,stationery,12.79,69
3368,peripherals-3368,peripherals,14.16,76
3369,storage-3369,storage,15.53,83
3370,lighting-3370,lighting,16.90,90
3371,breakroom-3371,breakroom,18.27,97
3372,furniture-3372,furniture,19.64,104
3373,stationery-3373,stationery,21.01,111
3374,peripherals-3374,peripherals,22.38,118
3375,storage-3375,storage,23.75,125
3376,lighting-3376,lighting,25.12,132
3377,breakroom-3377,breakroom,26.49,139
3378,furniture-3378,furniture,27.86,146
3379,stationery-3379,stationery,29.23,153
3380,peripherals-3380,peripherals,30.60,160
3381,storage-3381,storage,31.97,167
3382,lighting-3382,lighting,33.34,174
3383,breakroom-3383,breakroom,34.71,181
3384,furniture-3384,furniture,36.08,188
3385,stationery-3385,stationery,37.45,195
3386,peripherals-3386,peripherals,38.82,202
3387,storage-3387,storage,40.19,209
3388,lighting-3388,lighting,41.56,216
3389,breakroom-3389,breakroom,42.93,223
3390,furniture-3390,furniture,44.30,230
3391,stationery-3391,stationery,45.67,237
3392,peripherals-3392,peripherals,47.04,244
3393,storage-3393,storage,48.41,251
3394,lighting-3394,lighting,49.78,258
3395,breakroom-3395,breakroom,51.15,265
3396,furniture-3396,furniture,52.52,272
3397,stationery-3397,stationery,53.89,279
3398,peripherals-3398,peripherals,55.26,286
3399,storage-3399,storage,56.63,293
3400,lighting-3400,lighting,58.00,300
3401,breakroom-3401,breakroom,59.37,307
3402,furniture-3402,furniture,60.74,314
3403,stationery-3403,stationery,62.11,321
3404,peripherals-3404,peripherals,63.48,328
3405,storage-3405,storage,64.85,335
3406,lighting-3406,lighting,66.22,342
3407,breakroom-3407,breakroom,67.59,349
3408,furniture-3408,furniture,68.96,356
3409,stationery-3409,stationery,70.33,363
3410,peripherals-3410,peripherals,71.70,370
3411,storage-3411,storage,73.07,377
3412,lighting-3412,lighting,74.44,384
3413,breakroom-3413,breakroom,75.81,391
3414,furniture-3414,furniture,77.18,398
3415,stationery-3415,stationery,78.55,405
3416,peripherals-3416,peripherals,79.92,412
3417,storage-3417,storage,81.29,419
3418,lighting-3418,lighting,82.66,426
3419,breakroom-3419,breakroom,84.03,433
3420,furniture-3420,furniture,85.40,440
3421,stationery-3421,stationery,86.77,447
3422,peripherals-3422,peripherals,88.14,454
3423,storage-3423,storage,89.51,461
3424,lighting-3424,lighting,90.88,468
3425,breakroom-3425,breakroom,92.25,475
3426,furniture-3426,furniture,93.62,482
3427,stationery-3427,stationery,94.99,489
3428,peripherals-3428,peripherals,96.36,496
3429,storage-3429,storage,97.73,3
3430,lighting-3430,lighting,99.10,10
3431,breakroom-3431,breakroom,0.47,17
3432,furniture-3432,furniture,1.84,24
3433,stationery-3433,stationery,3.21,31
3434,peripherals-3434,peripherals,4.58,38
3435,storage-3435,storage,5.95,45
3436,lighting-3436,lighting,7.32,52
3437,breakroom-3437,breakroom,8.69,59
3438,furniture-3438,furniture,10.06,66
3439,stationery-3439,stationery,11.43,73
3440,peripherals-3440,peripherals,12.80,80
3441,storage-3441,storage,14.17,87
3442,lighting-3442,lighting,15.54,94
3443,breakroom-3443,breakroom,16.91,101
3444,furniture-3444,furniture,18.28,108
3445,stationery-3445,stationery,19.65,115
3446,peripherals-3446,peripherals,21.02,122
3447,storage-3447,storage,22.39,129
3448,lighting-3448,lighting,23.76,136
3449,breakroom-3449,breakroom,25.13,143
3450,furniture-3450,furniture,26.50,150
3451,stationery-3451,stationery,27.87,157
3452,peripherals-3452,peripherals,29.24,164
3453,storage-3453,storage,30.61,171
3454,lighting-3454,lighting,31.98,178
3455,breakroom-3455,breakroom,33.35,185
3456,furniture-3456,furniture,34.72,192
3457,stationery-3457,stationery,36.09,199
3458,peripherals-3458,peripherals,37.46,206
3459,storage-3459,storage,38.83,213
3460,lighting-3460,lighting,40.20,220
3461,breakroom-3461,breakroom,41.57,227
3462,furniture-3462,furniture,42.94,234
3463,stationery-3463,stationery,44.31,241
3464,peripherals-3464,peripherals,45.68,248
3465,storage-3465,storage,47.05,255
3466,lighting-3466,lighting,48.42,262
3467,breakroom-3467,breakroom,49.79,269
3468,furniture-3468,furniture,51.16,276
3469,stationery-3469,stationery,52.53,283
3470,peripherals-3470,peripherals,53.90,290
3471,storage-3471,storage,55.27,297
3472,lighting-3472,lighting,56.64,304
3473,breakroom-3473,breakroom,58.01,311
3474,furniture-3474,furniture,59.38,318
3475,stationery-3475,stationery,60.75,325
3476,peripherals-3476,peripherals,62.12,332
3477,storage-3477,storage,63.49,339
3478,lighting-3478,lighting,64.86,346
3479,breakroom-3479,breakroom,66.23,353
3480,furniture-3480,furniture,67.60,360
3481,stationery-3481,stationery,68.97,367
3482,peripherals-3482,peripherals,70.34,374
3483,storage-3483,storage,71.71,381
3484,lighting-3484,lighting,73.08,388
3485,breakroom-3485,breakroom,74.45,395
3486,furniture-3486,furniture,75.82,402
3487,stationery-3487,stationery,77.19,409
3488,peripherals-3488,peripherals,78.56,416
3489,storage-3489,storage,79.93,423
3490,lighting-3490,lighting,81.30,430
3491,breakroom-3491,breakroom,82.67,437
3492,furniture-3492,furniture,84.04,444
3493,stationery-3493,stationery,85.41,451
3494,peripherals-3494,peripherals,86.78,458
3495,storage-3495,storage,88.15,465
3496,lighting-3496,lighting,89.52,472
3497,breakroom-3497,breakroom,90.89,479
3498,furniture-3498,furniture,92.26,486
3499,stationery-3499,stationery,93.63,493
3500,peripherals-3500,peripherals,95.00,0
3501,storage-3501,storage,96.37,7
3502,lighting-3502,lighting,97.74,14
3503,breakroom-3503,breakroom,99.11,21
3504,furniture-3504,furniture,0.48,28
3505,stationery-3505,stationery,1.85,35
3506,peripherals-3506,peripherals,3.22,42
3507,storage-3507,storage,4.59,49
3508,lighting-3508,lighting,5.96,56
3509,breakroom-3509,breakroom,7.33,63
3510,furniture-3510,furniture,8.70,70
3511,stationery-3511,stationery,10.07,77
3512,peripherals-3512,peripherals,11.44,84
3513,storage-3513,storage,12.81,91
3514,lighting-3514,lighting,14.18,98
3515,breakroom-3515,breakroom,15.55,105
3516,furniture-3516,furniture,16.92,112
3517,stationery-3517,stationery,18.29,119
3518,peripherals-3518,peripherals,19.66,126
3519,storage-3519,storage,21.03,133
3520,lighting-3520,lighting,22.40,140
3521,breakroom-3521,breakroom,23.77,147
3522,furniture-3522,furniture,25.14,154
3523,stationery-3523,stationery,26.51,161
3524,peripherals-3524,peripherals,27.88,168
3525,storage-3525,storage,29.25,175
3526,lighting-3526,lighting,30.62,182
3527,breakroom-3527,breakroom,31.99,189
3528,furniture-3528,furniture,33.36,196
3529,stationery-3529,stationery,34.73,203
3530,peripherals-3530,peripherals,36.10,210
3531,storage-3531,storage,37.47,217
3532,lighting-3532,lighting,38.84,224
3533,breakroom-3533,breakroom,40.21,231
3534,furniture-3534,furniture,41.58,238
3535,stationery-3535,stationery,42.95,245
3536,peripherals-3536,peripherals,44.32,252
3537,storage-3537,storage,45.69,259
3538,lighting-3538,lighting,47.06,266
3539,breakroom-3539,breakroom,48.43,273
3540,furniture-3540,furniture,49.80,280
3541,stationery-3541,stationery,51.17,287
3542,peripherals-3542,peripherals,52.54,294
3543,storage-3543,storage,53.91,301
3544,lighting-3544,lighting,55.28,308
3545,breakroom-3545,breakroom,56.65,315
3546,furniture-3546,furniture,58.02,322
3547,stationery-3547,stationery,59.39,329
3548,peripherals-3548,peripherals,60.76,336
3549,storage-3549,storage,62.13,343
3550,lighting-3550,lighting,63.50,350
3551,breakroom-3551,breakroom,64.87,357
3552,furniture-3552,furniture,66.24,364
3553,stationery-3553,stationery,67.61,371
3554,peripherals-3554,peripherals,68.98,378
3555,storage-3555,storage,70.35,385
3556,lighting-3556,lighting,71.72,392
3557,breakroom-3557,breakroom,73.09,399
3558,furniture-3558,furniture,74.46,406
3559,stationery-3559,stationery,75.83,413
3560,peripherals-3560,peripherals,77.20,420
3561,storage-3561,storage,78.57,427
3562,lighting-3562,lighting,79.94,434
3563,breakroom-3563,breakroom,81.31,441
3564,furniture-3564,furniture,82.68,448
3565,stationery-3565,stationery,84.05,455
3566,peripherals-3566,peripherals,85.42,462
3567,storage-3567,storage,86.79,469
3568,lighting-3568,lighting,88.16,476
3569,breakroom-3569,breakroom,89.53,483
3570,furniture-3570,furniture,90.90,490
3571,stationery-3571,stationery,92.27,497
3572,peripherals-3572,peripherals,93.64,4
3573,storage-3573,storage,95.01,11
3574,lighting-3574,lighting,96.38,18
3575,breakroom-3575,breakroom,97.75,25
3576,furniture-3576,furniture,99.12,32
3577,stationery-3577,stationery,0.49,39
3578,peripherals-3578,peripherals,1.86,46
3579,storage-3579,storage,3.23,53
3580,lighting-3580,lighting,4.60,60
3581,breakroom-3581,breakroom,5.97,67
3582,furniture-3582,furniture,7.34,74
3583,stationery-3583,stationery,8.71,81
3584,peripherals-3584,peripherals,10.08,88
3585,storage-3585,storage,11.45,95
3586,lighting-3586,lighting,12.82,102
3587,breakroom-3587,breakroom,14.19,109
3588,furniture-3588,furniture,15.56,116
3589,stationery-3589,stationery,16.93,123
3590,peripherals-3590,peripherals,18.30,130
3591,storage-3591,storage,19.67,137
3592,lighting-3592,lighting,21.04,144
3593,breakroom-3593,breakroom,22.41,151
3594,furniture-3594,furniture,23.78,158
3595,stationery-3595,stationery,25.15,165
3596,peripherals-3596,peripherals,26.52,172
3597,storage-3597,storage,27.89,179
3598,lighting-3598,lighting,29.26,186
3599,breakroom-3599,breakroom,30.63,193
3600,furniture-3600,furniture,32.00,200
3601,stationery-3601,stationery,33.37,207
3602,peripherals-3602,peripherals,34.74,214
3603,storage-3603,storage,36.11,221
3604,lighting-3604,lighting,37.48,228
3605,breakroom-3605,breakroom,38.85,235
3606,furniture-3606,furniture,40.22,242
3607,stationery-3607,stationery,41.59,249
3608,peripherals-3608,peripherals,42.96,256
3609,storage-3609,storage,44.33,263
3610,lighting-3610,lighting,45.70,270
3611,breakroom-3611,breakroom,47.07,277
3612,furniture-3612,furniture,48.44,284
3613,stationery-3613,stationery,49.81,291
3614,peripherals-3614,peripherals,51.18,298
3615,storage-3615,storage,52.55,305
3616,lighting-3616,lighting,53.92,312
3617,breakroom-3617,breakroom,55.29,319
3618,furniture-3618,furniture,56.66,326
3619,stationery-3619,stationery,58.03,333
3620,peripherals-3620,peripherals,59.40,340
3621,storage-3621,storage,60.77,347
3622,lighting-3622,lighting,62.14,354
3623,breakroom-3623,breakroom,63.51,361
3624,furniture-3624,furniture,64.88,368
3625,stationery-3625,stationery,66.25,375
3626,peripherals-3626,peripherals,67.62,382
3627,storage-3627,storage,68.99,389
3628,lighting-3628,lighting,70.36,396
3629,breakroom-3629,breakroom,71.73,403
3630,furniture-3630,furniture,73.10,410
3631,stationery-3631,stationery,74.47,417
3632,peripherals-3632,peripherals,75.84,424
3633,storage-3633,storage,77.21,431
3634,lighting-3634,lighting,78.58,438
3635,breakroom-3635,breakroom,79.95,445
3636,furniture-3636,furniture,81.32,452
3637,stationery-3637,stationery,82.69,459
3638,peripherals-3638,peripherals,84.06,466
3639,storage-3639,storage,85.43,473
3640,lighting-3640,lighting,86.80,480
3641,breakroom-3641,breakroom,88.17,487
3642,furniture-3642,furniture,89.54,494
3643,stationery-3643,stationery,90.91,1
3644,peripherals-3644,peripherals,92.28,8
3645,storage-3645,storage,93.65,15
3646,lighting-3646,lighting,95.02,22
3647,breakroom-3647,breakroom,96.39,29
3648,furniture-3648,furniture,97.76,36
3649,stationery-3649,stationery,99.13,43
3650,peripherals-3650,peripherals,0.50,50
3651,storage-3651,storage,1.87,57
3652,lighting-3652,lighting,3.24,64
3653,breakroom-3653,breakroom,4.61,71
3654,furniture-3654,furniture,5.98,78
3655,stationery-3655,stationery,7.35,85
3656,peripherals-3656,peripherals,8.72,92
3657,storage-3657,storage,10.09,99
3658,lighting-3658,lighting,11.46,106
3659,breakroom-3659,breakroom,12.83,113
3660,furniture-3660,furniture,14.20,120
3661,stationery-3661,stationery,15.57,127
3662,peripherals-3662,peripherals,16.94,134
3663,storage-3663,storage,18.31,141
3664,lighting-3664,lighting,19.68,148
3665,breakroom-3665,breakroom,21.05,155
3666,furniture-3666,furniture,22.42,162
3667,stationery-3667,stationery,23.79,169
3668,peripherals-3668,peripherals,25.16,176
3669,storage-3669,storage,26.53,183
3670,lighting-3670,lighting,27.90,190
3671,breakroom-3671,breakroom,29.27,197
3672,furniture-3672,furniture,30.64,204
3673,stationery-3673,stationery,32.01,211
3674,peripherals-3674,peripherals,33.38,218
3675,storage-3675,storage,34.75,225
3676,lighting-3676,lighting,36.12,232
3677,breakroom-3677,breakroom,37.49,239
3678,furniture-3678,furniture,38.86,246
3679,stationery-3679,stationery,40.23,253
3680,peripherals-3680,peripherals,41.60,260
3681,storage-3681,storage,42.97,267
3682,lighting-3682,lighting,44.34,274
3683,breakroom-3683,breakroom,45.71,281
3684,furniture-3684,furniture,47.08,288
3685,stationery-3685,stationery,48.45,295
3686,peripherals-3686,peripherals,49.82,302
3687,storage-3687,storage,51.19,309
3688,lighting-3688,lighting,52.56,316
3689,breakroom-3689,breakroom,53.93,323
3690,furniture-3690,furniture,55.30,330
3691,stationery-3691,stationery,56.67,337
3692,peripherals-3692,peripherals,58.04,344
3693,storage-3693,storage,59.41,351
3694,lighting-3694,lighting,60.78,358
3695,breakroom-3695,breakroom,62.15,365
3696,furniture-3696,furniture,63.52,372
3697,stationery-3697,stationery,64.89,379
3698,peripherals-3698,peripherals,66.26,386
3699,storage-3699,storage,67.63,393
3700,lighting-3700,lighting,69.00,400
3701,breakroom-3701,breakroom,70.37,407
3702,furniture-3702,furniture,71.74,414
3703,stationery-3703,stationery,73.11,421
3704,peripherals-3704,peripherals,74.48,428
3705,storage-3705,storage,75.85,435
3706,lighting-3706,lighting,77.22,442
3707,breakroom-3707,breakroom,78.59,449
3708,furniture-3708,furniture,79.96,456
3709,stationery-3709,stationery,81.33,463
3710,peripherals-3710,peripherals,82.70,470
3711,storage-3711,storage,84.07,477
3712,lighting-3712,lighting,85.44,484
3713,breakroom-3713,breakroom,86.81,491
3714,furniture-3714,furniture,88.18,498
3715,stationery-3715,stationery,89.55,5
3716,peripherals-3716,peripherals,90.92,12
3717,storage-3717,storage,92.29,19
3718,lighting-3718,lighting,93.66,26
3719,breakroom-3719,breakroom,95.03,33
3720,furniture-3720,furniture,96.40,40
3721,stationery-3721,stationery,97.77,47
3722,peripherals-3722,peripherals,99.14,54
3723,storage-3723,storage,0.51,61
3724,lighting-3724,lighting,1.88,68
3725,breakroom-3725,breakroom,3.25,75
3726,furniture-3726,furniture,4.62,82
3727,stationery-3727,stationery,5.99,89
3728,peripherals-3728,peripherals,7.36,96
3729,storage-3729,storage,8.73,103
3730,lighting-3730,lighting,10.10,110
3731,breakroom-3731,breakroom,11.47,117
3732,furniture-3732,furniture,12.84,124
3733,stationery-3733,stationery,14.21,131
3734,peripherals-3734,peripherals,15.58,138
3735,storage-3735,storage,16.95,145
3736,lighting-3736,lighting,18.32,152
3737,breakroom-3737,breakroom,19.69,159
3738,furniture-3738,furniture,21.06,166
3739,stationery-3739,stationery,22.43,173
3740,peripherals-3740,peripherals,23.80,180
3741,storage-3741,storage,25.17,187
3742,lighting-3742,lighting,26.54,194
3743,breakroom-3743,breakroom,27.91,201
3744,furniture-3744,furniture,29.28,208
3745,stationery-3745,stationery,30.65,215
3746,peripherals-3746,peripherals,32.02,222
3747,storage-3747,storage,33.39,229
3748,lighting-3748,lighting,34.76,236
3749,breakroom-3749,breakroom,36.13,243
3750,furniture-3750,furniture,37.50,250
3751,stationery-3751,stationery,38.87,257
3752,peripherals-3752,peripherals,40.24,264
3753,storage-3753,storage,41.61,271
3754,lighting-3754,lighting,42.98,278
3755,breakroom-3755,breakroom,44.35,285
3756,furniture-3756,furniture,45.72,292
3757,stationery-3757,stationery,47.09,299
3758,peripherals-3758,peripherals,48.46,306
3759,storage-3759,storage,49.83,313
3760,lighting-3760,lighting,51.20,320
3761,breakroom-3761,breakroom,52.57,327
3762,furniture-3762,furniture,53.94,334
3763,stationery-3763,stationery,55.31,341
3764,peripherals-3764,peripherals,56.68,348
3765,storage-3765,storage,58.05,355
3766,lighting-3766,lighting,59.42,362
3767,breakroom-3767,breakroom,60.79,369
3768,furniture-3768,furniture,62.16,376
3769,stationery-3769,stationery,63.53,383
3770,peripherals-3770,peripherals,64.90,390
3771,storage-3771,storage,66.27,397
3772,lighting-3772,lighting,67.64,404
3773,breakroom-3773,breakroom,69.01,411
3774,furniture-3774,furniture,70.38,418
3775,stationery-3775,stationery,71.75,425
3776,peripherals-3776,peripherals,73.12,432
3777,storage-3777,storage,74.49,439
3778,lighting-3778,lighting,75.86,446
3779,breakroom-3779,breakroom,77.23,453
3780,furniture-3780,furniture,78.60,460
3781,stationery-3781,stationery,79.97,467
3782,peripherals-3782,peripherals,81.34,474
3783,storage-3783,storage,82.71,481
3784,lighting-3784,lighting,84.08,488
3785,breakroom-3785,breakroom,85.45,495
3786,furniture-3786,furniture,86.82,2
3787,stationery-3787,stationery,88.19,9
3788,peripherals-3788,peripherals,89.56,16
3789,storage-3789,storage,90.93,23
3790,lighting-3790,lighting,92.30,30
3791,breakroom-3791,breakroom,93.67,37
3792,furniture-3792,furniture,95.04,44
3793,stationery-3793,stationery,96.41,51
3794,peripherals-3794,peripherals,97.78,58
3795,storage-3795,storage,99.15,65
3796,lighting-3796,lighting,0.52,72
3797,breakroom-3797,breakroom,1.89,79
3798,furniture-3798,furniture,3.26,86
3799,stationery-3799,stationery,4.63,93
3800,peripherals-3800,peripherals,6.00,100
3801,storage-3801,storage,7.37,107
3802,lighting-3802,lighting,8.74,114
3803,breakroom-3803,breakroom,10.11,121
3804,furniture-3804,furniture,11.48,128
3805,stationery-3805,stationery,12.85,135
3806,peripherals-3806,peripherals,14.22,142
3807,storage-3807,storage,15.59,149
3808,lighting-3808,lighting,16.96,156
3809,breakroom-3809,breakroom,18.33,163
3810,furniture-3810,furniture,19.70,170
3811,stationery-3811,stationery,21.07,177
3812,peripherals-3812,peripherals,22.44,184
3813,storage-3813,storage,23.81,191
3814,lighting-3814,lighting,25.18,198
3815,breakroom-3815,breakroom,26.55,205
3816,furniture-3816,furniture,27.92,212
3817,stationery-3817,stationery,29.29,219
3818,peripherals-3818,peripherals,30.66,226
3819,storage-3819,storage,32.03,233
3820,lighting-3820,lighting,33.40,240
3821,breakroom-3821,breakroom,34.77,247
3822,furniture-3822,furniture,36.14,254
3823,stationery-3823,stationery,37.51,261
3824,peripherals-3824,peripherals,38.88,268
3825,storage-3825,storage,40.25,275
3826,lighting-3826,lighting,41.62,282
3827,breakroom-3827,breakroom,42.99,289
3828,furniture-3828,furniture,44.36,296
3829,stationery-3829,stationery,45.73,303
3830,peripherals-3830,peripherals,47.10,310
3831,storage-3831,storage,48.47,317
3832,lighting-3832,lighting,49.84,324
3833,breakroom-3833,breakroom,51.21,331
3834,furniture-3834,furniture,52.58,338
3835,stationery-3835,stationery,53.95,345
3836,peripherals-3836,peripherals,55.32,352
3837,storage-3837,storage,56.69,359
3838,lighting-3838,lighting,58.06,366
3839,breakroom-3839,breakroom,59.43,373
3840,furniture-3840,furniture,60.80,380
3841,stationery-3841,stationery,62.17,387
3842,peripherals-3842,peripherals,63.54,394
3843,storage-3843,storage,64.91,401
3844,lighting-3844,lighting,66.28,408
3845,breakroom-3845,breakroom,67.65,415
3846,furniture-3846,furniture,69.02,422
3847,stationery-3847,stationery,70.39,429
3848,peripherals-3848,peripherals,71.76,436
3849,storage-3849,storage,73.13,443
3850,lighting-3850,lighting,74.50,450
3851,breakroom-3851,breakroom,75.87,457
3852,furniture-3852,furniture,77.24,464
3853,stationery-3853,stationery,78.61,471
3854,peripherals-3854,peripherals,79.98,478
3855,storage-3855,storage,81.35,485
3856,lighting-3856,lighting,82.72,492
3857,breakroom-3857,breakroom,84.09,499
3858,furniture-3858,furniture,85.46,6
3859,stationery-3859,stationery,86.83,13
3860,peripherals-3860,peripherals,88.20,20
3861,storage-3861,storage,89.57,27
3862,lighting-3862,lighting,90.94,34
3863,breakroom-3863,breakroom,92.31,41
3864,furniture-3864,furniture,93.68,48
3865,stationery-3865,stationery,95.05,55
3866,peripherals-3866,peripherals,96.42,62
3867,storage-3867,storage,97.79,69
3868,lighting-3868,lighting,99.16,76
3869,breakroom-3869,breakroom,0.53,83
3870,furniture-3870,furniture,1.90,90
3871,stationery-3871,stationery,3.27,97
3872,peripherals-3872,peripherals,4.64,104
3873,storage-3873,storage,6.01,111
3874,lighting-3874,lighting,7.38,118
3875,breakroom-3875,breakroom,8.75,125
3876,furniture-3876,furniture,10.12,132
3877,stationery-3877,stationery,11.49,139
3878,peripherals-3878,peripherals,12.86,146
3879,storage-3879,storage,14.23,153
3880,lighting-3880,lighting,15.60,160
3881,breakroom-3881,breakroom,16.97,167
3882,furniture-3882,furniture,18.34,174
3883,stationery-3883,stationery,19.71,181
3884,peripherals-3884,peripherals,21.08,188
3885,storage-3885,storage,22.45,195
3886,lighting-3886,lighting,23.82,202
3887,breakroom-3887,breakroom,25.19,209
3888,furniture-3888,furniture,26.56,216
3889,stationery-3889,stationery,27.93,223
3890,peripherals-3890,peripherals,29.30,230
3891,storage-3891,storage,30.67,237
3892,lighting-3892,lighting,32.04,244
3893,breakroom-3893,breakroom,33.41,251
3894,furniture-3894,furniture,34.78,258
3895,stationery-3895,stationery,36.15,265
3896,peripherals-3896,peripherals,37.52,272
3897,storage-3897,storage,38.89,279
3898,lighting-3898,lighting,40.26,286
3899,breakroom-3899,breakroom,41.63,293
3900,furniture-3900,furniture,43.00,300
3901,stationery-3901,stationery,44.37,307
3902,peripherals-3902,peripherals,45.74,314
3903,storage-3903,storage,47.11,321
3904,lighting-3904,lighting,48.48,328
3905,breakroom-3905,breakroom,49.85,335
3906,furniture-3906,furniture,51.22,342
3907,stationery-3907,stationery,52.59,349
3908,peripherals-3908,peripherals,53.96,356
3909,storage-3909,storage,55.33,363
3910,lighting-3910,lighting,56.70,370
3911,breakroom-3911,breakroom,58.07,377
3912,furniture-3912,furniture,59.44,384
3913,stationery-3913,stationery,60.81,391
3914,peripherals-3914,peripherals,62.18,398
3915,storage-3915,storage,63.55,405
3916,lighting-3916,lighting,64.92,412
3917,breakroom-3917,breakroom,66.29,419
3918,furniture-3918,furniture,67.66,426
3919,stationery-3919,stationery,69.03,433
3920,peripherals-3920,peripherals,70.40,440
3921,storage-3921,storage,71.77,447
3922,lighting-3922,lighting,73.14,454
3923,breakroom-3923,breakroom,74.51,461
3924,furniture-3924,furniture,75.88,468
3925,stationery-3925,stationery,77.25,475
3926,peripherals-3926,peripherals,78.62,482
3927,storage-3927,storage,79.99,489
3928,lighting-3928,lighting,81.36,496
3929,breakroom-3929,breakroom,82.73,3
3930,furniture-3930,furniture,84.10,10
3931,stationery-3931,stationery,85.47,17
3932,peripherals-3932,peripherals,86.84,24
3933,storage-3933,storage,88.21,31
3934,lighting-3934,lighting,89.58,38
3935,breakroom-3935,breakroom,90.95,45
3936,furniture-3936,furniture,92.32,52
3937,stationery-3937,stationery,93.69,59
3938,peripherals-3938,peripherals,95.06,66
3939,storage-3939,storage,96.43,73
3940,lighting-3940,lighting,97.80,80
3941,breakroom-3941,breakroom,99.17,87
3942,furniture-3942,furniture,0.54,94
3943,stationery-3943,stationery,1.91,101
3944,peripherals-3944,peripherals,3.28,108
3945,storage-3945,storage,4.65,115
3946,lighting-3946,lighting,6.02,122
3947,breakroom-3947,breakroom,7.39,129
3948,furniture-3948,furniture,8.76,136
3949,stationery-3949,stationery,10.13,143
3950,peripherals-3950,peripherals,11.50,150
3951,storage-3951,storage,12.87,157
3952,lighting-3952,lighting,14.24,164
3953,breakroom-3953,breakroom,15.61,171
3954,furniture-3954,furniture,16.98,178
3955,stationery-3955,stationery,18.35,185
3956,peripherals-3956,peripherals,19.72,192
3957,storage-3957,storage,21.09,199
3958,lighting-3958,lighting,22.46,206
3959,breakroom-3959,breakroom,23.83,213
3960,furniture-3960,furniture,25.20,220
3961,stationery-3961,stationery,26.57,227
3962,peripherals-3962,peripherals,27.94,234
3963,storage-3963,storage,29.31,241
3964,lighting-3964,lighting,30.68,248
3965,breakroom-3965,breakroom,32.05,255
3966,furniture-3966,furniture,33.42,262
3967,stationery-3967,stationery,34.79,269
3968,peripherals-3968,peripherals,36.16,276
3969,storage-3969,storage,37.53,283
3970,lighting-3970,lighting,38.90,290
3971,breakroom-3971,breakroom,40.27,297
3972,furniture-3972,furniture,41.64,304
3973,stationery-3973,stationery,43.01,311
3974,peripherals-3974,peripherals,44.38,318
3975,storage-3975,storage,45.75,325
3976,lighting-3976,lighting,47.12,332
3977,breakroom-3977,breakroom,48.49,339
3978,furniture-3978,furniture,49.86,346
3979,stationery-3979,stationery,51.23,353
3980,peripherals-3980,peripherals,52.60,360
3981,storage-3981,storage,53.97,367
3982,lighting-3982,lighting,55.34,374
3983,breakroom-3983,breakroom,56.71,381
3984,furniture-3984,furniture,58.08,388
3985,stationery-3985,stationery,59.45,395
3986,peripherals-3986,peripherals,60.82,402
3987,storage-3987,storage,62.19,409
3988,lighting-3988,lighting,63.56,416
3989,breakroom-3989,breakroom,64.93,423
3990,furniture-3990,furniture,66.30,430
3991,stationery-3991,stationery,67.67,437
3992,peripherals-3992,peripherals,69.04,444
3993,storage-3993,storage,70.41,451
3994,lighting-3994,lighting,71.78,458
3995,breakroom-3995,breakroom,73.15,465
3996,furniture-3996,furniture,74.52,472
3997,stationery-3997,stationery,75.89,479
3998,peripherals-3998,peripherals,77.26,486
3999,storage-3999,storage,78.63,493
4000,lighting-4000,lighting,80.00,0
4001,breakroom-4001,breakroom,81.37,7
4002,furniture-4002,furniture,82.74,14
4003,stationery-4003,stationery,84.11,21
4004,peripherals-4004,peripherals,85.48,28
4005,storage-4005,storage,86.85,35
4006,lighting-4006,lighting,88.22,42
4007,breakroom-4007,breakroom,89.59,49
4008,furniture-4008,furniture,90.96,56
4009,stationery-4009,stationery,92.33,63
4010,peripherals-4010,peripherals,93.70,70
4011,storage-4011,storage,95.07,77
4012,lighting-4012,lighting,96.44,84
4013,breakroom-4013,breakroom,97.81,91
4014,furniture-4014,furniture,99.18,98
4015,stationery-4015,stationery,0.55,105
4016,peripherals-4016,peripherals,1.92,112
4017,storage-4017,storage,3.29,119
4018,lighting-4018,lighting,4.66,126
4019,breakroom-4019,breakroom,6.03,133
4020,furniture-4020,furniture,7.40,140
4021,stationery-4021,stationery,8.77,147
4022,peripherals-4022,peripherals,10.14,154
4023,storage-4023,storage,11.51,161
4024,lighting-4024,lighting,12.88,168
4025,breakroom-4025,breakroom,14.25,175
4026,furniture-4026,furniture,15.62,182
4027,stationery-4027,stationery,16.99,189
4028,peripherals-4028,peripherals,18.36,196
4029,storage-4029,storage,19.73,203
4030,lighting-4030,lighting,21.10,210
4031,breakroom-4031,breakroom,22.47,217
4032,furniture-4032,furniture,23.84,224
4033,stationery-4033,stationery,25.21,231
4034,peripherals-4034,peripherals,26.58,238
4035,storage-4035,storage,27.95,245
4036,lighting-4036,lighting,29.32,252
4037,breakroom-4037,breakroom,30.69,259
4038,furniture-4038,furniture,32.06,266
4039,stationery-4039,stationery,33.43,273
4040,peripherals-4040,peripherals,34.80,280
4041,storage-4041,storage,36.17,287
4042,lighting-4042,lighting,37.54,294
4043,breakroom-4043,breakroom,38.91,301
4044,furniture-4044,furniture,40.28,308
4045,stationery-4045,stationery,41.65,315
4046,peripherals-4046,peripherals,43.02,322
4047,storage-4047,storage,44.39,329
4048,lighting-4048,lighting,45.76,336
4049,breakroom-4049,breakroom,47.13,343
4050,furniture-4050,furniture,48.50,350
4051,stationery-4051,stationery,49.87,357
4052,peripherals-4052,peripherals,51.24,364
4053,storage-4053,storage,52.61,371
4054,lighting-4054,lighting,53.98,378
4055,breakroom-4055,breakroom,55.35,385
4056,furniture-4056,furniture,56.72,392
4057,stationery-4057,stationery,58.09,399
4058,peripherals-4058,peripherals,59.46,406
4059,storage-4059,storage,60.83,413
4060,lighting-4060,lighting,62.20,420
4061,breakroom-4061,breakroom,63.57,427
4062,furniture-4062,furniture,64.94,434
4063,stationery-4063,stationery,66.31,441
4064,peripherals-4064,peripherals,67.68,448
4065,storage-4065,storage,69.05,455
4066,lighting-4066,lighting,70.42,462
4067,breakroom-4067,breakroom,71.79,469
4068,furniture-4068,furniture,73.16,476
4069,stationery-4069,stationery,74.53,483
4070,peripherals-4070,peripherals,75.90,490
4071,storage-4071,storage,77.27,497
4072,lighting-4072,lighting,78.64,4
4073,breakroom-4073,breakroom,80.01,11
4074,furniture-4074,furniture,81.38,18
4075,stationery-4075,stationery,82.75,25
4076,peripherals-4076,peripherals,84.12,32
4077,storage-4077,storage,85.49,39
4078,lighting-4078,lighting,86.86,46
4079,breakroom-4079,breakroom,88.23,53
4080,furniture-4080,furniture,89.60,60
4081,stationery-4081,stationery,90.97,67
4082,peripherals-4082,peripherals,92.34,74
4083,storage-4083,storage,93.71,81
4084,lighting-4084,lighting,95.08,88
4085,breakroom-4085,breakroom,96.45,95
4086,furniture-4086,furniture,97.82,102
4087,stationery-4087,stationery,99.19,109
4088,peripherals-4088,peripherals,0.56,116
4089,storage-4089,storage,1.93,123
4090,lighting-4090,lighting,3.30,130
4091,breakroom-4091,breakroom,4.67,137
4092,furniture-4092,furniture,6.04,144
4093,stationery-4093,stationery,7.41,151
4094,peripherals-4094,peripherals,8.78,158
4095,storage-4095,storage,10.15,165
4096,lighting-4096,lighting,11.52,172
4097,breakroom-4097,breakroom,12.89,179
4098,furniture-4098,furniture,14.26,186
4099,stationery-4099,stationery,15.63,193
4100,peripherals-4100,peripherals,17.00,200
4101,storage-4101,storage,18.37,207
4102,lighting-4102,lighting,19.74,214
4103,breakroom-4103,breakroom,21.11,221
4104,furniture-4104,furniture,22.48,228
4105,stationery-4105,stationery,23.85,235
4106,peripherals-4106,peripherals,25.22,242
4107,storage-4107,storage,26.59,249
4108,lighting-4108,lighting,27.96,256
4109,breakroom-4109,breakroom,29.33,263
4110,furniture-4110,furniture,30.70,270
4111,stationery-4111,stationery,32.07,277
4112,peripherals-4112,peripherals,33.44,284
4113,storage-4113,storage,34.81,291
4114,lighting-4114,lighting,36.18,298
4115,breakroom-4115,breakroom,37.55,305
4116,furniture-4116,furniture,38.92,312
4117,stationery-4117,stationery,40.29,319
4118,peripherals-4118,peripherals,41.66,326
4119,storage-4119,storage,43.03,333
4120,lighting-4120,lighting,44.40,340
4121,breakroom-4121,breakroom,45.77,347
4122,furniture-4122,furniture,47.14,354
4123,stationery-4123,stationery,48.51,361
4124,peripherals-4124,peripherals,49.88,368
4125,storage-4125,storage,51.25,375
4126,lighting-4126,lighting,52.62,382
4127,breakroom-4127,breakroom,53.99,389
4128,furniture-4128,furniture,55.36,396
4129,stationery-4129,stationery,56.73,403
4130,peripherals-4130,peripherals,58.10,410
4131,storage-4131,storage,59.47,417
4132,lighting-4132,lighting,60.84,424
4133,breakroom-4133,breakroom,62.21,431
4134,furniture-4134,furniture,63.58,438
4135,stationery-4135,stationery,64.95,445
4136,peripherals-4136,peripherals,66.32,452
4137,storage-4137,storage,67.69,459
4138,lighting-4138,lighting,69.06,466
4139,breakroom-4139,breakroom,70.43,473
4140,furniture-4140,furniture,71.80,480
4141,stationery-4141,stationery,73.17,487
4142,peripherals-4142,peripherals,74.54,494
4143,storage-4143,storage,75.91,1
4144,lighting-4144,lighting,77.28,8
4145,breakroom-4145,breakroom,78.65,15
4146,furniture-4146,furniture,80.02,22
4147,stationery-4147,stationery,81.39,29
4148,peripherals-4148,peripherals,82.76,36
4149,storage-4149,storage,84.13,43
4150,lighting-4150,lighting,85.50,50
4151,breakroom-4151,breakroom,86.87,57
4152,furniture-4152,furniture,88.24,64
4153,stationery-4153,stationery,89.61,71
4154,peripherals-4154,peripherals,90.98,78
4155,storage-4155,storage,92.35,85
4156,lighting-4156,lighting,93.72,92
4157,breakroom-4157,breakroom,95.09,99
4158,furniture-4158,furniture,96.46,106
4159,stationery-4159,stationery,97.83,113
4160,peripherals-4160,peripherals,99.20,120
4161,storage-4161,storage,0.57,127
4162,lighting-4162,lighting,1.94,134
4163,breakroom-4163,breakroom,3.31,141
4164,furniture-4164,furniture,4.68,148
4165,stationery-4165,stationery,6.05,155
4166,peripherals-4166,peripherals,7.42,162
4167,storage-4167,storage,8.79,169
4168,lighting-4168,lighting,10.16,176
4169,breakroom-4169,breakroom,11.53,183
4170,furniture-4170,furniture,12.90,190
4171,stationery-4171,stationery,14.27,197
4172,peripherals-4172,peripherals,15.64,204
4173,storage-4173,storage,17.01,211
4174,lighting-4174,lighting,18.38,218
4175,breakroom-4175,breakroom,19.75,225
4176,furniture-4176,furniture,21.12,232
4177,stationery-4177,stationery,22.49,239
4178,peripherals-4178,peripherals,23.86,246
4179,storage-4179,storage,25.23,253
4180,lighting-4180,lighting,26.60,260
4181,breakroom-4181,breakroom,27.97,267
4182,furniture-4182,furniture,29.34,274
4183,stationery-4183,stationery,30.71,281
4184,peripherals-4184,peripherals,32.08,288
4185,storage-4185,storage,33.45,295
4186,lighting-4186,lighting,34.82,302
4187,breakroom-4187,breakroom,36.19,309
4188,furniture-4188,furniture,37.56,316
4189,stationery-4189,stationery,38.93,323
4190,peripherals-4190,peripherals,40.30,330
4191,storage-4191,storage,41.67,337
4192,lighting-4192,lighting,43.04,344
4193,breakroom-4193,breakroom,44.41,351
4194,furniture-4194,furniture,45.78,358
4195,stationery-4195,stationery,47.15,365
4196,peripherals-4196,peripherals,48.52,372
4197,storage-4197,storage,49.89,379
4198,lighting-4198,lighting,51.26,386
4199,breakroom-4199,breakroom,52.63,393
4200,furniture-4200,furniture,54.00,400
4201,stationery-4201,stationery,55.37,407
4202,peripherals-4202,peripherals,56.74,414
4203,storage-4203,storage,58.11,421
4204,lighting-4204,lighting,59.48,428
4205,breakroom-4205,breakroom,60.85,435
4206,furniture-4206,furniture,62.22,442
4207,stationery-4207,stationery,63.59,449
4208,peripherals-4208,peripherals,64.96,456
4209,storage-4209,storage,66.33,463
4210,lighting-4210,lighting,67.70,470
4211,breakroom-4211,breakroom,69.07,477
4212,furniture-4212,furniture,70.44,484
4213,stationery-4213,stationery,71.81,491
4214,peripherals-4214,peripherals,73.18,498
4215,storage-4215,storage,74.55,5
4216,lighting-4216,lighting,75.92,12
4217,breakroom-4217,breakroom,77.29,19
4218,furniture-4218,furniture,78.66,26
4219,stationery-4219,stationery,80.03,33
4220,peripherals-4220,peripherals,81.40,40
4221,storage-4221,storage,82.77,47
4222,lighting-4222,lighting,84.14,54
4223,breakroom-4223,breakroom,85.51,61
4224,furniture-4224,furniture,86.88,68
4225,stationery-4225,stationery,88.25,75
4226,peripherals-4226,peripherals,89.62,82
4227,storage-4227,storage,90.99,89
4228,lighting-4228,lighting,92.36,96
4229,breakroom-4229,breakroom,93.73,103
4230,furniture-4230,furniture,95.10,110
4231,stationery-4231,stationery,96.47,117
4232,peripherals-4232,peripherals,97.84,124
4233,storage-4233,storage,99.21,131
4234,lighting-4234,lighting,0.58,138
4235,breakroom-4235,breakroom,1.95,145
4236,furniture-4236,furniture,3.32,152
4237,stationery-4237,stationery,4.69,159
4238,peripherals-4238,peripherals,6.06,166
4239,storage-4239,storage,7.43,173
4240,lighting-4240,lighting,8.80,180
4241,breakroom-4241,breakroom,10.17,187
4242,furniture-4242,furniture,11.54,194
4243,stationery-4243,stationery,12.91,201
4244,peripherals-4244,peripherals,14.28,208
4245,storage-4245,storage,15.65,215
4246,lighting-4246,lighting,17.02,222
4247,breakroom-4247,breakroom,18.39,229
4248,furniture-4248,furniture,19.76,236
4249,stationery-4249,stationery,21.13,243
4250,peripherals-4250,peripherals,22.50,250
4251,storage-4251,storage,23.87,257
4252,lighting-4252,lighting,25.24,264
4253,breakroom-4253,breakroom,26.61,271
4254,furniture-4254,furniture,27.98,278
4255,stationery-4255,stationery,29.35,285
4256,peripherals-4256,peripherals,30.72,292
4257,storage-4257,storage,32.09,299
4258,lighting-4258,lighting,33.46,306
4259,breakroom-4259,breakroom,34.83,313
4260,furniture-4260,furniture,36.20,320
4261,stationery-4261,stationery,37.57,327
4262,peripherals-4262,peripherals,38.94,334
4263,storage-4263,storage,40.31,341
4264,lighting-4264,lighting,41.68,348
4265,breakroom-4265,breakroom,43.05,355
4266,furniture-4266,furniture,44.42,362
4267,stationery-4267,stationery,45.79,369
4268,peripherals-4268,peripherals,47.16,376
4269,storage-4269,storage,48.53,383
4270,lighting-4270,lighting,49.90,390
4271,breakroom-4271,breakroom,51.27,397
4272,furniture-4272,furniture,52.64,404
4273,stationery-4273,stationery,54.01,411
4274,peripherals-4274,peripherals,55.38,418
4275,storage-4275,storage,56.75,425
4276,lighting-4276,lighting,58.12,432
4277,breakroom-4277,breakroom,59.49,439
4278,furniture-4278,furniture,60.86,446
4279,stationery-4279,stationery,62.23,453
4280,peripherals-4280,peripherals,63.60,460
4281,storage-4281,storage,64.97,467
4282,lighting-4282,lighting,66.34,474
4283,breakroom-4283,breakroom,67.71,481
4284,furniture-4284,furniture,69.08,488
4285,stationery-4285,stationery,70.45,495
4286,peripherals-4286,peripherals,71.82,2
4287,storage-4287,storage,73.19,9
4288,lighting-4288,lighting,74.56,16
4289,breakroom-4289,breakroom,75.93,23
4290,furniture-4290,furniture,77.30,30
4291,stationery-4291,stationery,78.67,37
4292,peripherals-4292,peripherals,80.04,44
4293,storage-4293,storage,81.41,51
4294,lighting-4294,lighting,82.78,58
4295,breakroom-4295,breakroom,84.15,65
4296,furniture-4296,furniture,85.52,72
4297,stationery-4297,stationery,86.89,79
4298,peripherals-4298,peripherals,88.26,86
4299,storage-4299,storage,89.63,93
4300,lighting-4300,lighting,91.00,100
4301,breakroom-4301,breakroom,92.37,107
4302,furniture-4302,furniture,93.74,114
4303,stationery-4303,stationery,95.11,121
4304,peripherals-4304,peripherals,96.48,128
4305,storage-4305,storage,97.85,135
4306,lighting-4306,lighting,99.22,142
4307,breakroom-4307,breakroom,0.59,149
4308,furniture-4308,furniture,1.96,156
4309,stationery-4309,stationery,3.33,163
4310,peripherals-4310,peripherals,4.70,170
4311,storage-4311,storage,6.07,177
4312,lighting-4312,lighting,7.44,184
4313,breakroom-4313,breakroom,8.81,191
4314,furniture-4314,furniture,10.18,198
4315,stationery-4315,stationery,11.55,205
4316,peripherals-4316,peripherals,12.92,212
4317,storage-4317,storage,14.29,219
4318,lighting-4318,lighting,15.66,226
4319,breakroom-4319,breakroom,17.03,233
4320,furniture-4320,furniture,18.40,240
4321,stationery-4321,stationery,19.77,247
4322,peripherals-4322,peripherals,21.14,254
4323,storage-4323,storage,22.51,261
4324,lighting-4324,lighting,23.88,268
4325,breakroom-4325,breakroom,25.25,275
4326,furniture-4326,furniture,26.62,282
4327,stationery-4327,stationery,27.99,289
4328,peripherals-4328,peripherals,29.36,296
4329,storage-4329,storage,30.73,303
4330,lighting-4330,lighting,32.10,310
4331,breakroom-4331,breakroom,33.47,317
4332,furniture-4332,furniture,34.84,324
4333,stationery-4333,stationery,36.21,331
4334,peripherals-4334,peripherals,37.58,338
4335,storage-4335,storage,38.95,345
4336,lighting-4336,lighting,40.32,352
4337,breakroom-4337,breakroom,41.69,359
4338,furniture-4338,furniture,43.06,366
4339,stationery-4339,stationery,44.43,373
4340,peripherals-4340,peripherals,45.80,380
4341,storage-4341,storage,47.17,387
4342,lighting-4342,lighting,48.54,394
4343,breakroom-4343,breakroom,49.91,401
4344,furniture-4344,furniture,51.28,408
4345,stationery-4345,stationery,52.65,415
4346,peripherals-4346,peripherals,54.02,422
4347,storage-4347,storage,55.39,429
4348,lighting-4348,lighting,56.76,436
4349,breakroom-4349,breakroom,58.13,443
4350,furniture-4350,furniture,59.50,450
4351,stationery-4351,stationery,60.87,457
4352,peripherals-4352,peripherals,62.24,464
4353,storage-4353,storage,63.61,471
4354,lighting-4354,lighting,64.98,478
4355,breakroom-4355,breakroom,66.35,485
4356,furniture-4356,furniture,67.72,492
4357,stationery-4357,stationery,69.09,499
4358,peripherals-4358,peripherals,70.46,6
4359,storage-4359,storage,71.83,13
4360,lighting-4360,lighting,73.20,20
4361,breakroom-4361,breakroom,74.57,27
4362,furniture-4362,furniture,75.94,34
4363,stationery-4363,stationery,77.31,41
4364,peripherals-4364,peripherals,78.68,48
4365,storage-4365,storage,80.05,55
4366,lighting-4366,lighting,81.42,62
4367,breakroom-4367,breakroom,82.79,69
4368,furniture-4368,furniture,84.16,76
4369,stationery-4369,stationery,85.53,83
4370,peripherals-4370,peripherals,86.90,90
4371,storage-4371,storage,88.27,97
4372,lighting-4372,lighting,89.64,104
4373,breakroom-4373,breakroom,91.01,111
4374,furniture-4374,furniture,92.38,118
4375,stationery-4375,stationery,93.75,125
4376,peripherals-4376,peripherals,95.12,132
4377,storage-4377,storage,96.49,139
4378,lighting-4378,lighting,97.86,146
4379,breakroom-4379,breakroom,99.23,153
4380,furniture-4380,furniture,0.60,160
4381,stationery-4381,stationery,1.97,167
4382,peripherals-4382,peripherals,3.34,174
4383,storage-4383,storage,4.71,181
4384,lighting-4384,lighting,6.08,188
4385,breakroom-4385,breakroom,7.45,195
4386,furniture-4386,furniture,8.82,202
4387,stationery-4387,stationery,10.19,209
4388,peripherals-4388,peripherals,11.56,216
4389,storage-4389,storage,12.93,223
4390,lighting-4390,lighting,14.30,230
4391,breakroom-4391,breakroom,15.67,237
4392,furniture-4392,furniture,17.04,244
4393,stationery-4393,stationery,18.41,251
4394,peripherals-4394,peripherals,19.78,258
4395,storage-4395,storage,21.15,265
4396,lighting-4396,lighting,22.52,272
4397,breakroom-4397,breakroom,23.89,279
4398,furniture-4398,furniture,25.26,286
4399,stationery-4399,stationery,26.63,293
4400,peripherals-4400,peripherals,28.00,300
4401,storage-4401,storage,29.37,307
4402,lighting-4402,lighting,30.74,314
4403,breakroom-4403,breakroom,32.11,321
4404,furniture-4404,furniture,33.48,328
4405,stationery-4405,stationery,34.85,335
4406,peripherals-4406,peripherals,36.22,342
4407,storage-4407,storage,37.59,349
4408,lighting-4408,lighting,38.96,356
4409,breakroom-4409,breakroom,40.33,363
4410,furniture-4410,furniture,41.70,370
4411,stationery-4411,stationery,43.07,377
4412,peripherals-4412,peripherals,44.44,384
4413,storage-4413,storage,45.81,391
4414,lighting-4414,lighting,47.18,398
4415,breakroom-4415,breakroom,48.55,405
4416,furniture-4416,furniture,49.92,412
4417,stationery-4417,stationery,51.29,419
4418,peripherals-4418,peripherals,52.66,426
4419,storage-4419,storage,54.03,433
4420,lighting-4420,lighting,55.40,440
4421,breakroom-4421,breakroom,56.77,447
4422,furniture-4422,furniture,58.14,454
4423,stationery-4423,stationery,59.51,461
4424,peripherals-4424,peripherals,60.88,468
4425,storage-4425,storage,62.25,475
4426,lighting-4426,lighting,63.62,482
4427,breakroom-4427,breakroom,64.99,489
4428,furniture-4428,furniture,66.36,496
4429,stationery-4429,stationery,67.73,3
4430,peripherals-4430,peripherals,69.10,10
4431,storage-4431,storage,70.47,17
4432,lighting-4432,lighting,71.84,24
4433,breakroom-4433,breakroom,73.21,31
4434,furniture-4434,furniture,74.58,38
4435,stationery-4435,stationery,75.95,45
4436,peripherals-4436,peripherals,77.32,52
4437,storage-4437,storage,78.69,59
4438,lighting-4438,lighting,80.06,66
4439,breakroom-4439,breakroom,81.43,73
4440,furniture-4440,furniture,82.80,80
4441,stationery-4441,stationery,84.17,87
4442,peripherals-4442,peripherals,85.54,94
4443,storage-4443,storage,86.91,101
4444,lighting-4444,lighting,88.28,108
4445,breakroom-4445,breakroom,89.65,115
4446,furniture-4446,furniture,91.02,122
4447,stationery-4447,stationery,92.39,129
4448,peripherals-4448,peripherals,93.76,136
4449,storage-4449,storage,95.13,143
4450,lighting-4450,lighting,96.50,150
4451,breakroom-4451,breakroom,97.87,157
4452,furniture-4452,furniture,99.24,164
4453,stationery-4453,stationery,0.61,171
4454,peripherals-4454,peripherals,1.98,178
4455,storage-4455,storage,3.35,185
4456,lighting-4456,lighting,4.72,192
4457,breakroom-4457,breakroom,6.09,199
4458,furniture-4458,furniture,7.46,206
4459,stationery-4459,stationery,8.83,213
4460,peripherals-4460,peripherals,10.20,220
4461,storage-4461,storage,11.57,227
4462,lighting-4462,lighting,12.94,234
4463,breakroom-4463,breakroom,14.31,241
4464,furniture-4464,furniture,15.68,248
4465,stationery-4465,stationery,17.05,255
4466,peripherals-4466,peripherals,18.42,262
4467,storage-4467,storage,19.79,269
4468,lighting-4468,lighting,21.16,276
4469,breakroom-4469,breakroom,22.53,283
4470,furniture-4470,furniture,23.90,290
4471,stationery-4471,stationery,25.27,297
4472,peripherals-4472,peripherals,26.64,304
4473,storage-4473,storage,28.01,311
4474,lighting-4474,lighting,29.38,318
4475,breakroom-4475,breakroom,30.75,325
4476,furniture-4476,furniture,32.12,332
4477,stationery-4477,stationery,33.49,339
4478,peripherals-4478,peripherals,34.86,346
4479,storage-4479,storage,36.23,353
4480,lighting-4480,lighting,37.60,360
4481,breakroom-4481,breakroom,38.97,367
4482,furniture-4482,furniture,40.34,374
4483,stationery-4483,stationery,41.71,381
4484,peripherals-4484,peripherals,43.08,388
4485,storage-4485,storage,44.45,395
4486,lighting-4486,lighting,45.82,402
4487,breakroom-4487,breakroom,47.19,409
4488,furniture-4488,furniture,48.56,416
4489,stationery-4489,stationery,49.93,423
4490,peripherals-4490,peripherals,51.30,430
4491,storage-4491,storage,52.67,437
4492,lighting-4492,lighting,54.04,444
4493,breakroom-4493,breakroom,55.41,451
4494,furniture-4494,furniture,56.78,458
4495,stationery-4495,stationery,58.15,465
4496,peripherals-4496,peripherals,59.52,472
4497,storage-4497,storage,60.89,479
4498,lighting-4498,lighting,62.26,486
4499,breakroom-4499,breakroom,63.63,493
4500,furniture-4500,furniture,65.00,0
4501,stationery-4501,stationery,66.37,7
4502,peripherals-4502,peripherals,67.74,14
4503,storage-4503,storage,69.11,21
4504,lighting-4504,lighting,70.48,28
4505,breakroom-4505,breakroom,71.85,35
4506,furniture-4506,furniture,73.22,42
4507,stationery-4507,stationery,74.59,49
4508,peripherals-4508,peripherals,75.96,56
4509,storage-4509,storage,77.33,63
4510,lighting-4510,lighting,78.70,70
4511,breakroom-4511,breakroom,80.07,77
4512,furniture-4512,furniture,81.44,84
4513,stationery-4513,stationery,82.81,91
4514,peripherals-4514,peripherals,84.18,98
4515,storage-4515,storage,85.55,105
4516,lighting-4516,lighting,86.92,112
4517,breakroom-4517,breakroom,88.29,119
4518,furniture-4518,furniture,89.66,126
4519,stationery-4519,stationery,91.03,133
4520,peripherals-4520,peripherals,92.40,140
4521,storage-4521,storage,93.77,147
4522,lighting-4522,lighting,95.14,154
4523,breakroom-4523,breakroom,96.51,161
4524,furniture-4524,furniture,97.88,168
4525,stationery-4525,stationery,99.25,175
4526,peripherals-4526,peripherals,0.62,182
4527,storage-4527,storage,1.99,189
4528,lighting-4528,lighting,3.36,196
4529,breakroom-4529,breakroom,4.73,203
4530,furniture-4530,furniture,6.10,210
4531,stationery-4531,stationery,7.47,217
4532,peripherals-4532,peripherals,8.84,224
4533,storage-4533,storage,10.21,231
4534,lighting-4534,lighting,11.58,238
4535,breakroom-4535,breakroom,12.95,245
4536,furniture-4536,furniture,14.32,252
4537,stationery-4537,stationery,15.69,259
4538,peripherals-4538,peripherals,17.06,266
4539,storage-4539,storage,18.43,273
4540,lighting-4540,lighting,19.80,280
4541,breakroom-4541,breakroom,21.17,287
4542,furniture-4542,furniture,22.54,294
4543,stationery-4543,stationery,23.91,301
4544,peripherals-4544,peripherals,25.28,308
4545,storage-4545,storage,26.65,315
4546,lighting-4546,lighting,28.02,322
4547,breakroom-4547,breakroom,29.39,329
4548,furniture-4548,furniture,30.76,336
4549,stationery-4549,stationery,32.13,343
4550,peripherals-4550,peripherals,33.50,350
4551,storage-4551,storage,34.87,357
4552,lighting-4552,lighting,36.24,364
4553,breakroom-4553,breakroom,37.61,371
4554,furniture-4554,furniture,38.98,378
4555,stationery-4555,stationery,40.35,385
4556,peripherals-4556,peripherals,41.72,392
4557,storage-4557,storage,43.09,399
4558,lighting-4558,lighting,44.46,406
4559,breakroom-4559,breakroom,45.83,413
4560,furniture-4560,furniture,47.20,420
4561,stationery-4561,stationery,48.57,427
4562,peripherals-4562,peripherals,49.94,434
4563,storage-4563,storage,51.31,441
4564,lighting-4564,lighting,52.68,448
4565,breakroom-4565,breakroom,54.05,455
4566,furniture-4566,furniture,55.42,462
4567,stationery-4567,stationery,56.79,469
4568,peripherals-4568,peripherals,58.16,476
4569,storage-4569,storage,59.53,483
4570,lighting-4570,lighting,60.90,490
4571,breakroom-4571,breakroom,62.27,497
4572,furniture-4572,furniture,63.64,4
4573,stationery-4573,stationery,65.01,11
4574,peripherals-4574,peripherals,66.38,18
4575,storage-4575,storage,67.75,25
4576,lighting-4576,lighting,69.12,32
4577,breakroom-4577,breakroom,70.49,39
4578,furniture-4578,furniture,71.86,46
4579,stationery-4579,stationery,73.23,53
4580,peripherals-4580,peripherals,74.60,60
4581,storage-4581,storage,75.97,67
4582,lighting-4582,lighting,77.34,74
4583,breakroom-4583,breakroom,78.71,81
4584,furniture-4584,furniture,80.08,88
4585,stationery-4585,stationery,81.45,95
4586,peripherals-4586,peripherals,82.82,102
4587,storage-4587,storage,84.19,109
4588,lighting-4588,lighting,85.56,116
4589,breakroom-4589,breakroom,86.93,123
4590,furniture-4590,furniture,88.30,130
4591,stationery-4591,stationery,89.67,137
4592,peripherals-4592,peripherals,91.04,144
4593,storage-4593,storage,92.41,151
4594,lighting-4594,lighting,93.78,158
4595,breakroom-4595,breakroom,95.15,165
4596,furniture-4596,furniture,96.52,172
4597,stationery-4597,stationery,97.89,179
4598,peripherals-4598,peripherals,99.26,186
4599,storage-4599,storage,0.63,193
4600,lighting-4600,lighting,2.00,200
4601,breakroom-4601,breakroom,3.37,207
4602,furniture-4602,furniture,4.74,214
4603,stationery-4603,stationery,6.11,221
4604,peripherals-4604,peripherals,7.48,228
4605,storage-4605,storage,8.85,235
4606,lighting-4606,lighting,10.22,242
4607,breakroom-4607,breakroom,11.59,249
4608,furniture-4608,furniture,12.96,256
4609,stationery-4609,stationery,14.33,263
4610,peripherals-4610,peripherals,15.70,270
4611,storage-4611,storage,17.07,277
4612,lighting-4612,lighting,18.44,284
4613,breakroom-4613,breakroom,19.81,291
4614,furniture-4614,furniture,21.18,298
4615,stationery-4615,stationery,22.55,305
4616,peripherals-4616,peripherals,23.92,312
4617,storage-4617,storage,25.29,319
4618,lighting-4618,lighting,26.66,326
4619,breakroom-4619,breakroom,28.03,333
4620,furniture-4620,furniture,29.40,340
4621,stationery-4621,stationery,30.77,347
4622,peripherals-4622,peripherals,32.14,354
4623,storage-4623,storage,33.51,361
4624,lighting-4624,lighting,34.88,368
4625,breakroom-4625,breakroom,36.25,375
4626,furniture-4626,furniture,37.62,382
4627,stationery-4627,stationery,38.99,389
4628,peripherals-4628,peripherals,40.36,396
4629,storage-4629,storage,41.73,403
4630,lighting-4630,lighting,43.10,410
4631,breakroom-4631,breakroom,44.47,417
4632,furniture-4632,furniture,45.84,424
4633,stationery-4633,stationery,47.21,431
4634,peripherals-4634,peripherals,48.58,438
4635,storage-4635,storage,49.95,445
4636,lighting-4636,lighting,51.32,452
4637,breakroom-4637,breakroom,52.69,459
4638,furniture-4638,furniture,54.06,466
4639,stationery-4639,stationery,55.43,473
4640,peripherals-4640,peripherals,56.80,480
4641,storage-4641,storage,58.17,487
4642,lighting-4642,lighting,59.54,494
4643,breakroom-4643,breakroom,60.91,1
4644,furniture-4644,furniture,62.28,8
4645,stationery-4645,stationery,63.65,15
4646,peripherals-4646,peripherals,65.02,22
4647,storage-4647,storage,66.39,29
4648,lighting-4648,lighting,67.76,36
4649,breakroom-4649,breakroom,69.13,43
4650,furniture-4650,furniture,70.50,50
4651,stationery-4651,stationery,71.87,57
4652,peripherals-4652,peripherals,73.24,64
4653,storage-4653,storage,74.61,71
4654,lighting-4654,lighting,75.98,78
4655,breakroom-4655,breakroom,77.35,85
4656,furniture-4656,furniture,78.72,92
4657,stationery-4657,stationery,80.09,99
4658,peripherals-4658,peripherals,81.46,106
4659,storage-4659,storage,82.83,113
4660,lighting-4660,lighting,84.20,120
4661,breakroom-4661,breakroom,85.57,127
4662,furniture-4662,furniture,86.94,134
4663,stationery-4663,stationery,88.31,141
4664,peripherals-4664,peripherals,89.68,148
4665,storage-4665,storage,91.05,155
4666,lighting-4666,lighting,92.42,162
4667,breakroom-4667,breakroom,93.79,169
4668,furniture-4668,furniture,95.16,176
4669,stationery-4669,stationery,96.53,183
4670,peripherals-4670,peripherals,97.90,190
4671,storage-4671,storage,99.27,197
4672,lighting-4672,lighting,0.64,204
4673,breakroom-4673,breakroom,2.01,211
4674,furniture-4674,furniture,3.38,218
4675,stationery-4675,stationery,4.75,225
4676,peripherals-4676,peripherals,6.12,232
4677,storage-4677,storage,7.49,239
4678,lighting-4678,lighting,8.86,246
4679,breakroom-4679,breakroom,10.23,253
4680,furniture-4680,furniture,11.60,260
4681,stationery-4681,stationery,12.97,267
4682,peripherals-4682,peripherals,14.34,274
4683,storage-4683,storage,15.71,281
4684,lighting-4684,lighting,17.08,288
4685,breakroom-4685,breakroom,18.45,295
4686,furniture-4686,furniture,19.82,302
4687,stationery-4687,stationery,21.19,309
4688,peripherals-4688,peripherals,22.56,316
4689,storage-4689,storage,23.93,323
4690,lighting-4690,lighting,25.30,330
4691,breakroom-4691,breakroom,26.67,337
4692,furniture-4692,furniture,28.04,344
4693,stationery-4693,stationery,29.41,351
4694,peripherals-4694,peripherals,30.78,358
4695,storage-4695,storage,32.15,365
4696,lighting-4696,lighting,33.52,372
4697,breakroom-4697,breakroom,34.89,379
4698,furniture-4698,furniture,36.26,386
4699,stationery-4699,stationery,37.63,393
4700,peripherals-4700,peripherals,39.00,400
4701,storage-4701,storage,40.37,407
4702,lighting-4702,lighting,41.74,414
4703,breakroom-4703,breakroom,43.11,421
4704,furniture-4704,furniture,44.48,428
4705,stationery-4705,stationery,45.85,435
4706,peripherals-4706,peripherals,47.22,442
4707,storage-4707,storage,48.59,449
4708,lighting-4708,lighting,49.96,456
4709,breakroom-4709,breakroom,51.33,463
4710,furniture-4710,furniture,52.70,470
4711,stationery-4711,stationery,54.07,477
4712,peripherals-4712,peripherals,55.44,484
4713,storage-4713,storage,56.81,491
4714,lighting-4714,lighting,58.18,498
4715,breakroom-4715,breakroom,59.55,5
4716,furniture-4716,furniture,60.92,12
4717,stationery-4717,stationery,62.29,19
4718,peripherals-4718,peripherals,63.66,26
4719,storage-4719,storage,65.03,33
4720,lighting-4720,lighting,66.40,40
4721,breakroom-4721,breakroom,67.77,47
4722,furniture-4722,furniture,69.14,54
4723,stationery-4723,stationery,70.51,61
4724,peripherals-4724,peripherals,71.88,68
4725,storage-4725,storage,73.25,75
4726,lighting-4726,lighting,74.62,82
4727,breakroom-4727,breakroom,75.99,89
4728,furniture-4728,furniture,77.36,96
4729,stationery-4729,stationery,78.73,103
4730,peripherals-4730,peripherals,80.10,110
4731,storage-4731,storage,81.47,117
4732,lighting-4732,lighting,82.84,124
4733,breakroom-4733,breakroom,84.21,131
4734,furniture-4734,furniture,85.58,138
4735,stationery-4735,stationery,86.95,145
4736,peripherals-4736,peripherals,88.32,152
4737,storage-4737,storage,89.69,159
4738,lighting-4738,lighting,91.06,166
4739,breakroom-4739,breakroom,92.43,173
4740,furniture-4740,furniture,93.80,180
4741,stationery-4741,stationery,95.17,187
4742,peripherals-4742,peripherals,96.54,194
4743,storage-4743,storage,97.91,201
4744,lighting-4744,lighting,99.28,208
4745,breakroom-4745,breakroom,0.65,215
4746,furniture-4746,furniture,2.02,222
4747,stationery-4747,stationery,3.39,229
4748,peripherals-4748,peripherals,4.76,236
4749,storage-4749,storage,6.13,243
4750,lighting-4750,lighting,7.50,250
4751,breakroom-4751,breakroom,8.87,257
4752,furniture-4752,furniture,10.24,264
4753,stationery-4753,stationery,11.61,271
4754,peripherals-4754,peripherals,12.98,278
4755,storage-4755,storage,14.35,285
4756,lighting-4756,lighting,15.72,292
4757,breakroom-4757,breakroom,17.09,299
4758,furniture-4758,furniture,18.46,306
4759,stationery-4759,stationery,19.83,313
4760,peripherals-4760,peripherals,21.20,320
4761,storage-4761,storage,22.57,327
4762,lighting-4762,lighting,23.94,334
4763,breakroom-4763,breakroom,25.31,341
4764,furniture-4764,furniture,26.68,348
4765,stationery-4765,stationery,28.05,355
4766,peripherals-4766,peripherals,29.42,362
4767,storage-4767,storage,30.79,369
4768,lighting-4768,lighting,32.16,376
4769,breakroom-4769,breakroom,33.53,383
4770,furniture-4770,furniture,34.90,390
4771,stationery-4771,stationery,36.27,397
4772,peripherals-4772,peripherals,37.64,404
4773,storage-4773,storage,39.01,411
4774,lighting-4774,lighting,40.38,418
4775,breakroom-4775,breakroom,41.75,425
4776,furniture-4776,furniture,43.12,432
4777,stationery-4777,stationery,44.49,439
4778,peripherals-4778,peripherals,45.86,446
4779,storage-4779,storage,47.23,453
4780,lighting-4780,lighting,48.60,460
4781,breakroom-4781,breakroom,49.97,467
4782,furniture-4782,furniture,51.34,474
4783,stationery-4783,stationery,52.71,481
4784,peripherals-4784,peripherals,54.08,488
4785,storage-4785,storage,55.45,495
4786,lighting-4786,lighting,56.82,2
4787,breakroom-4787,breakroom,58.19,9
4788,furniture-4788,furniture,59.56,16
4789,stationery-4789,stationery,60.93,23
4790,peripherals-4790,peripherals,62.30,30
4791,storage-4791,storage,63.67,37
4792,lighting-4792,lighting,65.04,44
4793,breakroom-4793,breakroom,66.41,51
4794,furniture-4794,furniture,67.78,58
4795,stationery-4795,stationery,69.15,65
4796,peripherals-4796,peripherals,70.52,72
4797,storage-4797,storage,71.89,79
4798,lighting-4798,lighting,73.26,86
4799,breakroom-4799,breakroom,74.63,93
4800,furniture-4800,furniture,76.00,100
4801,stationery-4801,stationery,77.37,107
4802,peripherals-4802,peripherals,78.74,114
4803,storage-4803,storage,80.11,121
4804,lighting-4804,lighting,81.48,128
4805,breakroom-4805,breakroom,82.85,135
4806,furniture-4806,furniture,84.22,142
4807,stationery-4807,stationery,85.59,149
4808,peripherals-4808,peripherals,86.96,156
4809,storage-4809,storage,88.33,163
4810,lighting-4810,lighting,89.70,170
4811,breakroom-4811,breakroom,91.07,177
4812,furniture-4812,furniture,92.44,184
4813,stationery-4813,stationery,93.81,191
4814,peripherals-4814,peripherals,95.18,198
4815,storage-4815,storage,96.55,205
4816,lighting-4816,lighting,97.92,212
4817,breakroom-4817,breakroom,99.29,219
4818,furniture-4818,furniture,0.66,226
4819,stationery-4819,stationery,2.03,233
4820,peripherals-4820,peripherals,3.40,240
4821,storage-4821,storage,4.77,247
4822,lighting-4822,lighting,6.14,254
4823,breakroom-4823,breakroom,7.51,261
4824,furniture-4824,furniture,8.88,268
4825,stationery-4825,stationery,10.25,275
4826,peripherals-4826,peripherals,11.62,282
4827,storage-4827,storage,12.99,289
4828,lighting-4828,lighting,14.36,296
4829,breakroom-4829,breakroom,15.73,303
4830,furniture-4830,furniture,17.10,310
4831,stationery-4831,stationery,18.47,317
4832,peripherals-4832,peripherals,19.84,324
4833,storage-4833,storage,21.21,331
4834,lighting-4834,lighting,22.58,338
4835,breakroom-4835,breakroom,23.95,345
4836,furniture-4836,furniture,25.32,352
4837,stationery-4837,stationery,26.69,359
4838,peripherals-4838,peripherals,28.06,366
4839,storage-4839,storage,29.43,373
4840,lighting-4840,lighting,30.80,380
4841,breakroom-4841,breakroom,32.17,387
4842,furniture-4842,furniture,33.54,394
4843,stationery-4843,stationery,34.91,401
4844,peripherals-4844,peripherals,36.28,408
4845,storage-4845,storage,37.65,415
4846,lighting-4846,lighting,39.02,422
4847,breakroom-4847,breakroom,40.39,429
4848,furniture-4848,furniture,41.76,436
4849,stationery-4849,stationery,43.13,443
4850,peripherals-4850,peripherals,44.50,450
4851,storage-4851,storage,45.87,457
4852,lighting-4852,lighting,47.24,464
4853,breakroom-4853,breakroom,48.61,471
4854,furniture-4854,furniture,49.98,478
4855,stationery-4855,stationery,51.35,485
4856,peripherals-4856,peripherals,52.72,492
4857,storage-4857,storage,54.09,499
4858,lighting-4858,lighting,55.46,6
4859,breakroom-4859,breakroom,56.83,13
4860,furniture-4860,furniture,58.20,20
4861,stationery-4861,stationery,59.57,27
4862,peripherals-4862,peripherals,60.94,34
4863,storage-4863,storage,62.31,41
4864,lighting-4864,lighting,63.68,48
4865,breakroom-4865,breakroom,65.05,55
4866,furniture-4866,furniture,66.42,62
4867,stationery-4867,stationery,67.79,69
4868,peripherals-4868,peripherals,69.16,76
4869,storage-4869,storage,70.53,83
4870,lighting-4870,lighting,71.90,90
4871,breakroom-4871,breakroom,73.27,97
4872,furniture-4872,furniture,74.64,104
4873,stationery-4873,stationery,76.01,111
4874,peripherals-4874,peripherals,77.38,118
4875,storage-4875,storage,78.75,125
4876,lighting-4876,lighting,80.12,132
4877,breakroom-4877,breakroom,81.49,139
4878,furniture-4878,furniture,82.86,146
4879,stationery-4879,stationery,84.23,153
4880,peripherals-4880,peripherals,85.60,160
4881,storage-4881,storage,86.97,167
4882,lighting-4882,lighting,88.34,174
4883,breakroom-4883,breakroom,89.71,181
4884,furniture-4884,furniture,91.08,188
4885,stationery-4885,stationery,92.45,195
4886,peripherals-4886,peripherals,93.82,202
4887,storage-4887,storage,95.19,209
4888,lighting-4888,lighting,96.56,216
4889,breakroom-4889,breakroom,97.93,223
4890,furniture-4890,furniture,99.30,230
4891,stationery-4891,stationery,0.67,237
4892,peripherals-4892,peripherals,2.04,244
4893,storage-4893,storage,3.41,251
4894,lighting-4894,lighting,4.78,258
4895,breakroom-4895,breakroom,6.15,265
4896,furniture-4896,furniture,7.52,272
4897,stationery-4897,stationery,8.89,279
4898,peripherals-4898,peripherals,10.26,286
4899,storage-4899,storage,11.63,293
4900,lighting-4900,lighting,13.00,300
4901,breakroom-4901,breakroom,14.37,307
4902,furniture-4902,furniture,15.74,314
4903,stationery-4903,stationery,17.11,321
4904,peripherals-4904,peripherals,18.48,328
4905,storage-4905,storage,19.85,335
4906,lighting-4906,lighting,21.22,342
4907,breakroom-4907,breakroom,22.59,349
4908,furniture-4908,furniture,23.96,356
4909,stationery-4909,stationery,25.33,363
4910,peripherals-4910,peripherals,26.70,370
4911,storage-4911,storage,28.07,377
4912,lighting-4912,lighting,29.44,384
4913,breakroom-4913,breakroom,30.81,391
4914,furniture-4914,furniture,32.18,398
4915,stationery-4915,stationery,33.55,405
4916,peripherals-4916,peripherals,34.92,412
4917,storage-4917,storage,36.29,419
4918,lighting-4918,lighting,37.66,426
4919,breakroom-4919,breakroom,39.03,433
4920,furniture-4920,furniture,40.40,440
4921,stationery-4921,stationery,41.77,447
4922,peripherals-4922,peripherals,43.14,454
4923,storage-4923,storage,44.51,461
4924,lighting-4924,lighting,45.88,468
4925,breakroom-4925,breakroom,47.25,475
4926,furniture-4926,furniture,48.62,482
4927,stationery-4927,stationery,49.99,489
4928,peripherals-4928,peripherals,51.36,496
4929,storage-4929,storage,52.73,3
4930,lighting-4930,lighting,54.10,10
4931,breakroom-4931,breakroom,55.47,17
4932,furniture-4932,furniture,56.84,24
4933,stationery-4933,stationery,58.21,31
4934,peripherals-4934,peripherals,59.58,38
4935,storage-4935,storage,60.95,45
4936,lighting-4936,lighting,62.32,52
4937,breakroom-4937,breakroom,63.69,59
4938,furniture-4938,furniture,65.06,66
4939,stationery-4939,stationery,66.43,73
4940,peripherals-4940,peripherals,67.80,80
4941,storage-4941,storage,69.17,87
4942,lighting-4942,lighting,70.54,94
4943,breakroom-4943,breakroom,71.91,101
4944,furniture-4944,furniture,73.28,108
4945,stationery-4945,stationery,74.65,115
4946,peripherals-4946,peripherals,76.02,122
4947,storage-4947,storage,77.39,129
4948,lighting-4948,lighting,78.76,136
4949,breakroom-4949,breakroom,80.13,143
4950,furniture-4950,furniture,81.50,150
4951,stationery-4951,stationery,82.87,157
4952,peripherals-4952,peripherals,84.24,164
4953,storage-4953,storage,85.61,171
4954,lighting-4954,lighting,86.98,178
4955,breakroom-4955,breakroom,88.35,185
4956,furniture-4956,furniture,89.72,192
4957,stationery-4957,stationery,91.09,199
4958,peripherals-4958,peripherals,92.46,206
4959,storage-4959,storage,93.83,213
4960,lighting-4960,lighting,95.20,220
4961,breakroom-4961,breakroom,96.57,227
4962,furniture-4962,furniture,97.94,234
4963,stationery-4963,stationery,99.31,241
4964,peripherals-4964,peripherals,0.68,248
4965,storage-4965,storage,2.05,255
4966,lighting-4966,lighting,3.42,262
4967,breakroom-4967,breakroom,4.79,269
4968,furniture-4968,furniture,6.16,276
4969,stationery-4969,stationery,7.53,283
4970,peripherals-4970,peripherals,8.90,290
4971,storage-4971,storage,10.27,297
4972,lighting-4972,lighting,11.64,304
4973,breakroom-4973,breakroom,13.01,311
4974,furniture-4974,furniture,14.38,318
4975,stationery-4975,stationery,15.75,325
4976,peripherals-4976,peripherals,17.12,332
4977,storage-4977,storage,18.49,339
4978,lighting-4978,lighting,19.86,346
4979,breakroom-4979,breakroom,21.23,353
4980,furniture-4980,furniture,22.60,360
4981,stationery-4981,stationery,23.97,367
4982,peripherals-4982,peripherals,25.34,374
4983,storage-4983,storage,26.71,381
4984,lighting-4984,lighting,28.08,388
4985,breakroom-4985,breakroom,29.45,395
4986,furniture-4986,furniture,30.82,402
4987,stationery-4987,stationery,32.19,409
4988,peripherals-4988,peripherals,33.56,416
4989,storage-4989,storage,34.93,423
4990,lighting-4990,lighting,36.30,430
4991,breakroom-4991,breakroom,37.67,437
4992,furniture-4992,furniture,39.04,444
4993,stationery-4993,stationery,40.41,451
4994,peripherals-4994,peripherals,41.78,458
4995,storage-4995,storage,43.15,465
4996,lighting-4996,lighting,44.52,472
4997,breakroom-4997,breakroom,45.89,479
4998,furniture-4998,furniture,47.26,486
4999,stationery-4999,stationery,48.63,493
5000,peripherals-5000,peripherals,50.00,0
5001,storage-5001,storage,51.37,7
5002,lighting-5002,lighting,52.74,14
5003,breakroom-5003,breakroom,54.11,21
5004,furniture-5004,furniture,55.48,28
5005,stationery-5005,stationery,56.85,35
5006,peripherals-5006,peripherals,58.22,42
5007,storage-5007,storage,59.59,49
5008,lighting-5008,lighting,60.96,56
5009,breakroom-5009,breakroom,62.33,63
5010,furniture-5010,furniture,63.70,70
5011,stationery-5011,stationery,65.07,77
5012,peripherals-5012,peripherals,66.44,84
5013,storage-5013,storage,67.81,91
5014,lighting-5014,lighting,69.18,98
5015,breakroom-5015,breakroom,70.55,105
5016,furniture-5016,furniture,71.92,112
5017,stationery-5017,stationery,73.29,119
5018,peripherals-5018,peripherals,74.66,126
5019,storage-5019,storage,76.03,133
5020,lighting-5020,lighting,77.40,140
5021,breakroom-5021,breakroom,78.77,147
5022,furniture-5022,furniture,80.14,154
5023,stationery-5023,stationery,81.51,161
5024,peripherals-5024,peripherals,82.88,168
5025,storage-5025,storage,84.25,175
5026,lighting-5026,lighting,85.62,182
5027,breakroom-5027,breakroom,86.99,189
5028,furniture-5028,furniture,88.36,196
5029,stationery-5029,stationery,89.73,203
5030,peripherals-5030,peripherals,91.10,210
5031,storage-5031,storage,92.47,217
5032,lighting-5032,lighting,93.84,224
5033,breakroom-5033,breakroom,95.21,231
5034,furniture-5034,furniture,96.58,238
5035,stationery-5035,stationery,97.95,245
5036,peripherals-5036,peripherals,99.32,252
5037,storage-5037,storage,0.69,259
5038,lighting-5038,lighting,2.06,266
5039,breakroom-5039,breakroom,3.43,273
5040,furniture-5040,furniture,4.80,280
5041,stationery-5041,stationery,6.17,287
5042,peripherals-5042,peripherals,7.54,294
5043,storage-5043,storage,8.91,301
5044,lighting-5044,lighting,10.28,308
5045,breakroom-5045,breakroom,11.65,315
5046,furniture-5046,furniture,13.02,322
5047,stationery-5047,stationery,14.39,329
5048,peripherals-5048,peripherals,15.76,336
5049,storage-5049,storage,17.13,343
5050,lighting-5050,lighting,18.50,350
5051,breakroom-5051,breakroom,19.87,357
5052,furniture-5052,furniture,21.24,364
5053,stationery-5053,stationery,22.61,371
5054,peripherals-5054,peripherals,23.98,378
5055,storage-5055,storage,25.35,385
5056,lighting-5056,lighting,26.72,392
5057,breakroom-5057,breakroom,28.09,399
5058,furniture-5058,furniture,29.46,406
5059,stationery-5059,stationery,30.83,413
5060,peripherals-5060,peripherals,32.20,420
5061,storage-5061,storage,33.57,427
5062,lighting-5062,lighting,34.94,434
5063,breakroom-5063,breakroom,36.31,441
5064,furniture-5064,furniture,37.68,448
5065,stationery-5065,stationery,39.05,455
5066,peripherals-5066,peripherals,40.42,462
5067,storage-5067,storage,41.79,469
5068,lighting-5068,lighting,43.16,476
5069,breakroom-5069,breakroom,44.53,483
5070,furniture-5070,furniture,45.90,490
5071,stationery-5071,stationery,47.27,497
5072,peripherals-5072,peripherals,48.64,4
5073,storage-5073,storage,50.01,11
5074,lighting-5074,lighting,51.38,18
5075,breakroom-5075,breakroom,52.75,25
5076,furniture-5076,furniture,54.12,32
5077,stationery-5077,stationery,55.49,39
5078,peripherals-5078,peripherals,56.86,46
5079,storage-5079,storage,58.23,53
5080,lighting-5080,lighting,59.60,60
5081,breakroom-5081,breakroom,60.97,67
5082,furniture-5082,furniture,62.34,74
5083,stationery-5083,stationery,63.71,81
5084,peripherals-5084,peripherals,65.08,88
5085,storage-5085,storage,66.45,95
5086,lighting-5086,lighting,67.82,102
5087,breakroom-5087,breakroom,69.19,109
5088,furniture-5088,furniture,70.56,116
5089,stationery-5089,stationery,71.93,123
5090,peripherals-5090,peripherals,73.30,130
5091,storage-5091,storage,74.67,137
5092,lighting-5092,lighting,76.04,144
5093,breakroom-5093,breakroom,77.41,151
5094,furniture-5094,furniture,78.78,158
5095,stationery-5095,stationery,80.15,165
5096,peripherals-5096,peripherals,81.52,172
5097,storage-5097,storage,82.89,179
5098,lighting-5098,lighting,84.26,186
5099,breakroom-5099,breakroom,85.63,193
5100,furniture-5100,furniture,87.00,200
5101,stationery-5101,stationery,88.37,207
5102,peripherals-5102,peripherals,89.74,214
5103,storage-5103,storage,91.11,221
5104,lighting-5104,lighting,92.48,228
5105,breakroom-5105,breakroom,93.85,235
5106,furniture-5106,furniture,95.22,242
5107,stationery-5107,stationery,96.59,249
5108,peripherals-5108,peripherals,97.96,256
5109,storage-5109,storage,99.33,263
5110,lighting-5110,lighting,0.70,270
5111,breakroom-5111,breakroom,2.07,277
5112,furniture-5112,furniture,3.44,284
5113,stationery-5113,stationery,4.81,291
5114,peripherals-5114,peripherals,6.18,298
5115,storage-5115,storage,7.55,305
5116,lighting-5116,lighting,8.92,312
5117,breakroom-5117,breakroom,10.29,319
5118,furniture-5118,furniture,11.66,326
5119,stationery-5119,stationery,13.03,333
5120,peripherals-5120,peripherals,14.40,340
5121,storage-5121,storage,15.77,347
5122,lighting-5122,lighting,17.14,354
5123,breakroom-5123,breakroom,18.51,361
5124,furniture-5124,furniture,19.88,368
5125,stationery-5125,stationery,21.25,375
5126,peripherals-5126,peripherals,22.62,382
5127,storage-5127,storage,23.99,389
5128,lighting-5128,lighting,25.36,396
5129,breakroom-5129,breakroom,26.73,403
5130,furniture-5130,furniture,28.10,410
5131,stationery-5131,stationery,29.47,417
5132,peripherals-5132,peripherals,30.84,424
5133,storage-5133,storage,32.21,431
5134,lighting-5134,lighting,33.58,438
5135,breakroom-5135,breakroom,34.95,445
5136,furniture-5136,furniture,36.32,452
5137,stationery-5137,stationery,37.69,459
5138,peripherals-5138,peripherals,39.06,466
5139,storage-5139,storage,40.43,473
5140,lighting-5140,lighting,41.80,480
5141,breakroom-5141,breakroom,43.17,487
5142,furniture-5142,furniture,44.54,494
5143,stationery-5143,stationery,45.91,1
5144,peripherals-5144,peripherals,47.28,8
5145,storage-5145,storage,48.65,15
5146,lighting-5146,lighting,50.02,22
5147,breakroom-5147,breakroom,51.39,29
5148,furniture-5148,furniture,52.76,36
5149,stationery-5149,stationery,54.13,43
5150,peripherals-5150,peripherals,55.50,50
5151,storage-5151,storage,56.87,57
5152,lighting-5152,lighting,58.24,64
5153,breakroom-5153,breakroom,59.61,71
5154,furniture-5154,furniture,60.98,78
5155,stationery-5155,stationery,62.35,85
5156,peripherals-5156,peripherals,63.72,92
5157,storage-5157,storage,65.09,99
5158,lighting-5158,lighting,66.46,106
5159,breakroom-5159,breakroom,67.83,113
5160,furniture-5160,furniture,69.20,120
5161,stationery-5161,stationery,70.57,127
5162,peripherals-5162,peripherals,71.94,134
5163,storage-5163,storage,73.31,141
5164,lighting-5164,lighting,74.68,148
5165,breakroom-5165,breakroom,76.05,155
5166,furniture-5166,furniture,77.42,162
5167,stationery-5167,stationery,78.79,169
5168,peripherals-5168,peripherals,80.16,176
5169,storage-5169,storage,81.53,183
5170,lighting-5170,lighting,82.90,190
5171,breakroom-5171,breakroom,84.27,197
5172,furniture-5172,furniture,85.64,204
5173,stationery-5173,stationery,87.01,211
5174,peripherals-5174,peripherals,88.38,218
5175,storage-5175,storage,89.75,225
5176,lighting-5176,lighting,91.12,232
5177,breakroom-5177,breakroom,92.49,239
5178,furniture-5178,furniture,93.86,246
5179,stationery-5179,stationery,95.23,253
5180,peripherals-5180,peripherals,96.60,260
5181,storage-5181,storage,97.97,267
5182,lighting-5182,lighting,99.34,274
5183,breakroom-5183,breakroom,0.71,281
5184,furniture-5184,furniture,2.08,288
5185,stationery-5185,stationery,3.45,295
5186,peripherals-5186,peripherals,4.82,302
5187,storage-5187,storage,6.19,309
5188,lighting-5188,lighting,7.56,316
5189,breakroom-5189,breakroom,8.93,323
5190,furniture-5190,furniture,10.30,330
5191,stationery-5191,stationery,11.67,337
5192,peripherals-5192,peripherals,13.04,344
5193,storage-5193,storage,14.41,351
5194,lighting-5194,lighting,15.78,358
5195,breakroom-5195,breakroom,17.15,365
5196,furniture-5196,furniture,18.52,372
5197,stationery-5197,stationery,19.89,379
5198,peripherals-5198,peripherals,21.26,386
5199,storage-5199,storage,22.63,393
5200,lighting-5200,lighting,24.00,400
5201,breakroom-5201,breakroom,25.37,407
5202,furniture-5202,furniture,26.74,414
5203,stationery-5203,stationery,28.11,421
5204,peripherals-5204,peripherals,29.48,428
5205,storage-5205,storage,30.85,435
5206,lighting-5206,lighting,32.22,442
5207,breakroom-5207,breakroom,33.59,449
5208,furniture-5208,furniture,34.96,456
5209,stationery-5209,stationery,36.33,463
5210,peripherals-5210,peripherals,37.70,470
5211,storage-5211,storage,39.07,477
5212,lighting-5212,lighting,40.44,484
5213,breakroom-5213,breakroom,41.81,491
5214,furniture-5214,furniture,43.18,498
5215,stationery-5215,stationery,44.55,5
5216,peripherals-5216,peripherals,45.92,12
5217,storage-5217,storage,47.29,19
5218,lighting-5218,lighting,48.66,26
5219,breakroom-5219,breakroom,50.03,33
5220,furniture-5220,furniture,51.40,40
5221,stationery-5221,stationery,52.77,47
5222,peripherals-5222,peripherals,54.14,54
5223,storage-5223,storage,55.51,61
5224,lighting-5224,lighting,56.88,68
5225,breakroom-5225,breakroom,58.25,75
5226,furniture-5226,furniture,59.62,82
5227,stationery-5227,stationery,60.99,89
5228,peripherals-5228,peripherals,62.36,96
5229,storage-5229,storage,63.73,103
5230,lighting-5230,lighting,65.10,110
5231,breakroom-5231,breakroom,66.47,117
5232,furniture-5232,furniture,67.84,124
5233,stationery-5233,stationery,69.21,131
5234,peripherals-5234,peripherals,70.58,138
5235,storage-5235,storage,71.95,145
5236,lighting-5236,lighting,73.32,152
5237,breakroom-5237,breakroom,74.69,159
5238,furniture-5238,furniture,76.06,166
5239,stationery-5239,stationery,77.43,173
5240,peripherals-5240,peripherals,78.80,180
5241,storage-5241,storage,80.17,187
5242,lighting-5242,lighting,81.54,194
5243,breakroom-5243,breakroom,82.91,201
5244,furniture-5244,furniture,84.28,208
5245,stationery-5245,stationery,85.65,215
5246,peripherals-5246,peripherals,87.02,222
5247,storage-5247,storage,88.39,229
5248,lighting-5248,lighting,89.76,236
5249,breakroom-5249,breakroom,91.13,243
5250,furniture-5250,furniture,92.50,250
5251,stationery-5251,stationery,93.87,257
5252,peripherals-5252,peripherals,95.24,264
5253,storage-5253,storage,96.61,271
5254,lighting-5254,lighting,97.98,278
5255,breakroom-5255,breakroom,99.35,285
5256,furniture-5256,furniture,0.72,292
5257,stationery-5257,stationery,2.09,299
5258,peripherals-5258,peripherals,3.46,306
5259,storage-5259,storage,4.83,313
5260,lighting-5260,lighting,6.20,320
5261,breakroom-5261,breakroom,7.57,327
5262,furniture-5262,furniture,8.94,334
5263,stationery-5263,stationery,10.31,341
5264,peripherals-5264,peripherals,11.68,348
5265,storage-5265,storage,13.05,355
5266,lighting-5266,lighting,14.42,362
5267,breakroom-5267,breakroom,15.79,369
5268,furniture-5268,furniture,17.16,376
5269,stationery-5269,stationery,18.53,383
5270,peripherals-5270,peripherals,19.90,390
5271,storage-5271,storage,21.27,397
5272,lighting-5272,lighting,22.64,404
5273,breakroom-5273,breakroom,24.01,411
5274,furniture-5274,furniture,25.38,418
5275,stationery-5275,stationery,26.75,425
5276,peripherals-5276,peripherals,28.12,432
5277,storage-5277,storage,29.49,439
5278,lighting-5278,lighting,30.86,446
5279,breakroom-5279,breakroom,32.23,453
5280,furniture-5280,furniture,33.60,460
5281,stationery-5281,stationery,34.97,467
5282,peripherals-5282,peripherals,36.34,474
5283,storage-5283,storage,37.71,481
5284,lighting-5284,lighting,39.08,488
5285,breakroom-5285,breakroom,40.45,495
5286,furniture-5286,furniture,41.82,2
5287,stationery-5287,stationery,43.19,9
5288,peripherals-5288,peripherals,44.56,16
5289,storage-5289,storage,45.93,23
5290,lighting-5290,lighting,47.30,30
5291,breakroom-5291,breakroom,48.67,37
5292,furniture-5292,furniture,50.04,44
5293,stationery-5293,stationery,51.41,51
5294,peripherals-5294,peripherals,52.78,58
5295,storage-5295,storage,54.15,65
5296,lighting-5296,lighting,55.52,72
5297,breakroom-5297,breakroom,56.89,79
5298,furniture-5298,furniture,58.26,86
5299,stationery-5299,stationery,59.63,93
5300,peripherals-5300,peripherals,61.00,100
5301,storage-5301,storage,62.37,107
5302,lighting-5302,lighting,63.74,114
5303,breakroom-5303,breakroom,65.11,121
5304,furniture-5304,furniture,66.48,128
5305,stationery-5305,stationery,67.85,135
5306,peripherals-5306,peripherals,69.22,142
5307,storage-5307,storage,70.59,149
5308,lighting-5308,lighting,71.96,156
5309,breakroom-5309,breakroom,73.33,163
5310,furniture-5310,furniture,74.70,170
5311,stationery-5311,stationery,76.07,177
5312,peripherals-5312,peripherals,77.44,184
5313,storage-5313,storage,78.81,191
5314,lighting-5314,lighting,80.18,198
5315,breakroom-5315,breakroom,81.55,205
5316,furniture-5316,furniture,82.92,212
5317,stationery-5317,stationery,84.29,219
5318,peripherals-5318,peripherals,85.66,226
5319,storage-5319,storage,87.03,233
5320,lighting-5320,lighting,88.40,240
5321,breakroom-5321,breakroom,89.77,247
5322,furniture-5322,furniture,91.14,254
5323,stationery-5323,stationery,92.51,261
5324,peripherals-5324,peripherals,93.88,268
5325,storage-5325,storage,95.25,275
5326,lighting-5326,lighting,96.62,282
5327,breakroom-5327,breakroom,97.99,289
5328,furniture-5328,furniture,99.36,296
5329,stationery-5329,stationery,0.73,303
5330,peripherals-5330,peripherals,2.10,310
5331,storage-5331,storage,3.47,317
5332,lighting-5332,lighting,4.84,324
5333,breakroom-5333,breakroom,6.21,331
5334,furniture-5334,furniture,7.58,338
5335,stationery-5335,stationery,8.95,345
5336,peripherals-5336,peripherals,10.32,352
5337,storage-5337,storage,11.69,359
5338,lighting-5338,lighting,13.06,366
5339,breakroom-5339,breakroom,14.43,373
5340,furniture-5340,furniture,15.80,380
5341,stationery-5341,stationery,17.17,387
5342,peripherals-5342,peripherals,18.54,394
5343,storage-5343,storage,19.91,401
5344,lighting-5344,lighting,21.28,408
5345,breakroom-5345,breakroom,22.65,415
5346,furniture-5346,furniture,24.02,422
5347,stationery-5347,stationery,25.39,429
5348,peripherals-5348,peripherals,26.76,436
5349,storage-5349,storage,28.13,443
5350,lighting-5350,lighting,29.50,450
5351,breakroom-5351,breakroom,30.87,457
5352,furniture-5352,furniture,32.24,464
5353,stationery-5353,stationery,33.61,471
5354,peripherals-5354,peripherals,34.98,478
5355,storage-5355,storage,36.35,485
5356,lighting-5356,lighting,37.72,492
5357,breakroom-5357,breakroom,39.09,499
5358,furniture-5358,furniture,40.46,6
5359,stationery-5359,stationery,41.83,13
5360,peripherals-5360,peripherals,43.20,20
5361,storage-5361,storage,44.57,27
5362,lighting-5362,lighting,45.94,34
5363,breakroom-5363,breakroom,47.31,41
5364,furniture-5364,furniture,48.68,48
5365,stationery-5365,stationery,50.05,55
5366,peripherals-5366,peripherals,51.42,62
5367,storage-5367,storage,52.79,69
5368,lighting-5368,lighting,54.16,76
5369,breakroom-5369,breakroom,55.53,83
5370,furniture-5370,furniture,56.90,90
5371,stationery-5371,stationery,58.27,97
5372,peripherals-5372,peripherals,59.64,104
5373,storage-5373,storage,61.01,111
5374,lighting-5374,lighting,62.38,118
5375,breakroom-5375,breakroom,63.75,125
5376,furniture-5376,furniture,65.12,132
5377,stationery-5377,stationery,66.49,139
5378,peripherals-5378,peripherals,67.86,146
5379,storage-5379,storage,69.23,153
5380,lighting-5380,lighting,70.60,160
5381,breakroom-5381,breakroom,71.97,167
5382,furniture-5382,furniture,73.34,174
5383,stationery-5383,stationery,74.71,181
5384,peripherals-5384,peripherals,76.08,188
5385,storage-5385,storage,77.45,195
5386,lighting-5386,lighting,78.82,202
5387,breakroom-5387,breakroom,80.19,209
5388,furniture-5388,furniture,81.56,216
5389,stationery-5389,stationery,82.93,223
5390,peripherals-5390,peripherals,84.30,230
5391,storage-5391,storage,85.67,237
5392,lighting-5392,lighting,87.04,244
5393,breakroom-5393,breakroom,88.41,251
5394,furniture-5394,furniture,89.78,258
5395,stationery-5395,stationery,91.15,265
5396,peripherals-5396,peripherals,92.52,272
5397,storage-5397,storage,93.89,279
5398,lighting-5398,lighting,95.26,286
5399,breakroom-5399,breakroom,96.63,293
5400,furniture-5400,furniture,98.00,300
5401,stationery-5401,stationery,99.37,307
5402,peripherals-5402,peripherals,0.74,314
5403,storage-5403,storage,2.11,321
5404,lighting-5404,lighting,3.48,328
5405,breakroom-5405,breakroom,4.85,335
5406,furniture-5406,furniture,6.22,342
5407,stationery-5407,stationery,7.59,349
5408,peripherals-5408,peripherals,8.96,356
5409,storage-5409,storage,10.33,363
5410,lighting-5410,lighting,11.70,370
5411,breakroom-5411,breakroom,13.07,377
5412,furniture-5412,furniture,14.44,384
5413,stationery-5413,stationery,15.81,391
5414,peripherals-5414,peripherals,17.18,398
5415,storage-5415,storage,18.55,405
5416,lighting-5416,lighting,19.92,412
5417,breakroom-5417,breakroom,21.29,419
5418,furniture-5418,furniture,22.66,426
5419,stationery-5419,stationery,24.03,433
5420,peripherals-5420,peripherals,25.40,440
5421,storage-5421,storage,26.77,447
5422,lighting-5422,lighting,28.14,454
5423,breakroom-5423,breakroom,29.51,461
5424,furniture-5424,furniture,30.88,468
5425,stationery-5425,stationery,32.25,475
5426,peripherals-5426,peripherals,33.62,482
5427,storage-5427,storage,34.99,489
5428,lighting-5428,lighting,36.36,496
5429,breakroom-5429,breakroom,37.73,3
5430,furniture-5430,furniture,39.10,10
5431,stationery-5431,stationery,40.47,17
5432,peripherals-5432,peripherals,41.84,24
5433,storage-5433,storage,43.21,31
5434,lighting-5434,lighting,44.58,38
5435,breakroom-5435,breakroom,45.95,45
5436,furniture-5436,furniture,47.32,52
5437,stationery-5437,stationery,48.69,59
5438,peripherals-5438,peripherals,50.06,66
5439,storage-5439,storage,51.43,73
5440,lighting-5440,lighting,52.80,80
5441,breakroom-5441,breakroom,54.17,87
5442,furniture-5442,furniture,55.54,94
5443,stationery-5443,stationery,56.91,101
5444,peripherals-5444,peripherals,58.28,108
5445,storage-5445,storage,59.65,115
5446,lighting-5446,lighting,61.02,122
5447,breakroom-5447,breakroom,62.39,129
5448,furniture-5448,furniture,63.76,136
5449,stationery-5449,stationery,65.13,143
5450,peripherals-5450,peripherals,66.50,150
5451,storage-5451,storage,67.87,157
5452,lighting-5452,lighting,69.24,164
5453,breakroom-5453,breakroom,70.61,171
5454,furniture-5454,furniture,71.98,178
5455,stationery-5455,stationery,73.35,185
5456,peripherals-5456,peripherals,74.72,192
5457,storage-5457,storage,76.09,199
5458,lighting-5458,lighting,77.46,206
5459,breakroom-5459,breakroom,78.83,213
5460,furniture-5460,furniture,80.20,220
5461,stationery-5461,stationery,81.57,227
5462,peripherals-5462,peripherals,82.94,234
5463,storage-5463,storage,84.31,241
5464,lighting-5464,lighting,85.68,248
5465,breakroom-5465,breakroom,87.05,255
5466,furniture-5466,furniture,88.42,262
5467,stationery-5467,stationery,89.79,269
5468,peripherals-5468,peripherals,91.16,276
5469,storage-5469,storage,92.53,283
5470,lighting-5470,lighting,93.90,290
5471,breakroom-5471,breakroom,95.27,297
5472,furniture-5472,furniture,96.64,304
5473,stationery-5473,stationery,98.01,311
5474,peripherals-5474,peripherals,99.38,318
5475,storage-5475,storage,0.75,325
5476,lighting-5476,lighting,2.12,332
5477,breakroom-5477,breakroom,3.49,339
5478,furniture-5478,furniture,4.86,346
5479,stationery-5479,stationery,6.23,353
5480,peripherals-5480,peripherals,7.60,360
5481,storage-5481,storage,8.97,367
5482,lighting-5482,lighting,10.34,374
5483,breakroom-5483,breakroom,11.71,381
5484,furniture-5484,furniture,13.08,388
5485,stationery-5485,stationery,14.45,395
5486,peripherals-5486,peripherals,15.82,402
5487,storage-5487,storage,17.19,409
5488,lighting-5488,lighting,18.56,416
5489,breakroom-5489,breakroom,19.93,423
5490,furniture-5490,furniture,21.30,430
5491,stationery-5491,stationery,22.67,437
5492,peripherals-5492,peripherals,24.04,444
5493,storage-5493,storage,25.41,451
5494,lighting-5494,lighting,26.78,458
5495,breakroom-5495,breakroom,28.15,465
5496,furniture-5496,furniture,29.52,472
5497,stationery-5497,stationery,30.89,479
5498,peripherals-5498,peripherals,32.26,486
5499,storage-5499,storage,33.63,493
5500,lighting-5500,lighting,35.00,0
5501,breakroom-5501,breakroom,36.37,7
5502,furniture-5502,furniture,37.74,14
5503,stationery-5503,stationery,39.11,21
5504,peripherals-5504,peripherals,40.48,28
5505,storage-5505,storage,41.85,35
5506,lighting-5506,lighting,43.22,42
5507,breakroom-5507,breakroom,44.59,49
5508,furniture-5508,furniture,45.96,56
5509,stationery-5509,stationery,47.33,63
5510,peripherals-5510,peripherals,48.70,70
5511,storage-5511,storage,50.07,77
5512,lighting-5512,lighting,51.44,84
5513,breakroom-5513,breakroom,52.81,91
5514,furniture-5514,furniture,54.18,98
5515,stationery-5515,stationery,55.55,105
5516,peripherals-5516,peripherals,56.92,112
5517,storage-5517,storage,58.29,119
5518,lighting-5518,lighting,59.66,126
5519,breakroom-5519,breakroom,61.03,133
5520,furniture-5520,furniture,62.40,140
5521,stationery-5521,stationery,63.77,147
5522,peripherals-5522,peripherals,65.14,154
5523,storage-5523,storage,66.51,161
5524,lighting-5524,lighting,67.88,168
5525,breakroom-5525,breakroom,69.25,175
5526,furniture-5526,furniture,70.62,182
5527,stationery-5527,stationery,71.99,189
5528,peripherals-5528,peripherals,73.36,196
5529,storage-5529,storage,74.73,203
5530,lighting-5530,lighting,76.10,210
5531,breakroom-5531,breakroom,77.47,217
5532,furniture-5532,furniture,78.84,224
5533,stationery-5533,stationery,80.21,231
5534,peripherals-5534,peripherals,81.58,238
5535,storage-5535,storage,82.95,245
5536,lighting-5536,lighting,84.32,252
5537,breakroom-5537,breakroom,85.69,259
5538,furniture-5538,furniture,87.06,266
5539,stationery-5539,stationery,88.43,273
5540,peripherals-5540,peripherals,89.80,280
5541,storage-5541,storage,91.17,287
5542,lighting-5542,lighting,92.54,294
5543,breakroom-5543,breakroom,93.91,301
5544,furniture-5544,furniture,95.28,308
5545,stationery-5545,stationery,96.65,315
5546,peripherals-5546,peripherals,98.02,322
5547,storage-5547,storage,99.39,329
5548,lighting-5548,lighting,0.76,336
5549,breakroom-5549,breakroom,2.13,343
5550,furniture-5550,furniture,3.50,350
5551,stationery-5551,stationery,4.87,357
5552,peripherals-5552,peripherals,6.24,364
5553,storage-5553,storage,7.61,371
5554,lighting-5554,lighting,8.98,378
5555,breakroom-5555,breakroom,10.35,385
5556,furniture-5556,furniture,11.72,392
5557,stationery-5557,stationery,13.09,399
5558,peripherals-5558,peripherals,14.46,406
5559,storage-5559,storage,15.83,413
5560,lighting-5560,lighting,17.20,420
5561,breakroom-5561,breakroom,18.57,427
5562,furniture-5562,furniture,19.94,434
5563,stationery-5563,stationery,21.31,441
5564,peripherals-5564,peripherals,22.68,448
5565,storage-5565,storage,24.05,455
5566,lighting-5566,lighting,25.42,462
5567,breakroom-5567,breakroom,26.79,469
5568,furniture-5568,furniture,28.16,476
5569,stationery-5569,stationery,29.53,483
5570,peripherals-5570,peripherals,30.90,490
5571,storage-5571,storage,32.27,497
5572,lighting-5572,lighting,33.64,4
5573,breakroom-5573,breakroom,35.01,11
5574,furniture-5574,furniture,36.38,18
5575,stationery-5575,stationery,37.75,25
5576,peripherals-5576,peripherals,39.12,32
5577,storage-5577,storage,40.49,39
5578,lighting-5578,lighting,41.86,46
5579,breakroom-5579,breakroom,43.23,53
5580,furniture-5580,furniture,44.60,60
5581,stationery-5581,stationery,45.97,67
5582,peripherals-5582,peripherals,47.34,74
5583,storage-5583,storage,48.71,81
5584,lighting-5584,lighting,50.08,88
5585,breakroom-5585,breakroom,51.45,95
5586,furniture-5586,furniture,52.82,102
5587,stationery-5587,stationery,54.19,109
5588,peripherals-5588,peripherals,55.56,116
5589,storage-5589,storage,56.93,123
5590,lighting-5590,lighting,58.30,130
5591,breakroom-5591,breakroom,59.67,137
5592,furniture-5592,furniture,61.04,144
5593,stationery-5593,stationery,62.41,151
5594,peripherals-5594,peripherals,63.78,158
5595,storage-5595,storage,65.15,165
5596,lighting-5596,lighting,66.52,172
5597,breakroom-5597,breakroom,67.89,179
5598,furniture-5598,furniture,69.26,186
5599,stationery-5599,stationery,70.63,193
5600,peripherals-5600,peripherals,72.00,200
5601,storage-5601,storage,73.37,207
5602,lighting-5602,lighting,74.74,214
5603,breakroom-5603,breakroom,76.11,221
5604,furniture-5604,furniture,77.48,228
5605,stationery-5605,stationery,78.85,235
5606,peripherals-5606,peripherals,80.22,242
5607,storage-5607,storage,81.59,249
5608,lighting-5608,lighting,82.96,256
5609,breakroom-5609,breakroom,84.33,263
5610,furniture-5610,furniture,85.70,270
5611,stationery-5611,stationery,87.07,277
5612,peripherals-5612,peripherals,88.44,284
5613,storage-5613,storage,89.81,291
5614,lighting-5614,lighting,91.18,298
5615,breakroom-5615,breakroom,92.55,305
5616,furniture-5616,furniture,93.92,312
5617,stationery-5617,stationery,95.29,319
5618,peripherals-5618,peripherals,96.66,326
5619,storage-5619,storage,98.03,333
5620,lighting-5620,lighting,99.40,340
5621,breakroom-5621,breakroom,0.77,347
5622,furniture-5622,furniture,2.14,354
5623,stationery-5623,stationery,3.51,361
5624,peripherals-5624,peripherals,4.88,368
5625,storage-5625,storage,6.25,375
5626,lighting-5626,lighting,7.62,382
5627,breakroom-5627,breakroom,8.99,389
5628,furniture-5628,furniture,10.36,396
5629,stationery-5629,stationery,11.73,403
5630,peripherals-5630,peripherals,13.10,410
5631,storage-5631,storage,14.47,417
5632,lighting-5632,lighting,15.84,424
5633,breakroom-5633,breakroom,17.21,431
5634,furniture-5634,furniture,18.58,438
5635,stationery-5635,stationery,19.95,445
5636,peripherals-5636,peripherals,21.32,452
5637,storage-5637,storage,22.69,459
5638,lighting-5638,lighting,24.06,466
5639,breakroom-5639,breakroom,25.43,473
5640,furniture-5640,furniture,26.80,480
5641,stationery-5641,stationery,28.17,487
5642,peripherals-5642,peripherals,29.54,494
5643,storage-5643,storage,30.91,1
5644,lighting-5644,lighting,32.28,8
5645,breakroom-5645,breakroom,33.65,15
5646,furniture-5646,furniture,35.02,22
5647,stationery-5647,stationery,36.39,29
5648,peripherals-5648,peripherals,37.76,36
5649,storage-5649,storage,39.13,43
5650,lighting-5650,lighting,40.50,50
5651,breakroom-5651,breakroom,41.87,57
5652,furniture-5652,furniture,43.24,64
5653,stationery-5653,stationery,44.61,71
5654,peripherals-5654,peripherals,45.98,78
5655,storage-5655,storage,47.35,85
5656,lighting-5656,lighting,48.72,92
5657,breakroom-5657,breakroom,50.09,99
5658,furniture-5658,furniture,51.46,106
5659,stationery-5659,stationery,52.83,113
5660,peripherals-5660,peripherals,54.20,120
5661,storage-5661,storage,55.57,127
5662,lighting-5662,lighting,56.94,134
5663,breakroom-5663,breakroom,58.31,141
5664,furniture-5664,furniture,59.68,148
5665,stationery-5665,stationery,61.05,155
5666,peripherals-5666,peripherals,62.42,162
5667,storage-5667,storage,63.79,169
5668,lighting-5668,lighting,65.16,176
5669,breakroom-5669,breakroom,66.53,183
5670,furniture-5670,furniture,67.90,190
5671,stationery-5671,stationery,69.27,197
5672,peripherals-5672,peripherals,70.64,204
5673,storage-5673,storage,72.01,211
5674,lighting-5674,lighting,73.38,218
5675,breakroom-5675,breakroom,74.75,225
5676,furniture-5676,furniture,76.12,232
5677,stationery-5677,stationery,77.49,239
5678,peripherals-5678,peripherals,78.86,246
5679,storage-5679,storage,80.23,253
5680,lighting-5680,lighting,81.60,260
5681,breakroom-5681,breakroom,82.97,267
5682,furniture-5682,furniture,84.34,274
5683,stationery-5683,stationery,85.71,281
5684,peripherals-5684,peripherals,87.08,288
5685,storage-5685,storage,88.45,295
5686,lighting-5686,lighting,89.82,302
5687,breakroom-5687,breakroom,91.19,309
5688,furniture-5688,furniture,92.56,316
5689,stationery-5689,stationery,93.93,323
5690,peripherals-5690,peripherals,95.30,330
5691,storage-5691,storage,96.67,337
5692,lighting-5692,lighting,98.04,344
5693,breakroom-5693,breakroom,99.41,351
5694,furniture-5694,furniture,0.78,358
5695,stationery-5695,stationery,2.15,365
5696,peripherals-5696,peripherals,3.52,372
5697,storage-5697,storage,4.89,379
5698,lighting-5698,lighting,6.26,386
5699,breakroom-5699,breakroom,7.63,393
5700,furniture-5700,furniture,9.00,400
5701,stationery-5701,stationery,10.37,407
5702,peripherals-5702,peripherals,11.74,414
5703,storage-5703,storage,13.11,421
5704,lighting-5704,lighting,14.48,428
5705,breakroom-5705,breakroom,15.85,435
5706,furniture-5706,furniture,17.22,442
5707,stationery-5707,stationery,18.59,449
5708,peripherals-5708,peripherals,19.96,456
5709,storage-5709,storage,21.33,463
5710,lighting-5710,lighting,22.70,470
5711,breakroom-5711,breakroom,24.07,477
5712,furniture-5712,furniture,25.44,484
5713,stationery-5713,stationery,26.81,491
5714,peripherals-5714,peripherals,28.18,498
5715,storage-5715,storage,29.55,5
5716,lighting-5716,lighting,30.92,12
5717,breakroom-5717,breakroom,32.29,19
5718,furniture-5718,furniture,33.66,26
5719,stationery-5719,stationery,35.03,33
5720,peripherals-5720,peripherals,36.40,40
5721,storage-5721,storage,37.77,47
5722,lighting-5722,lighting,39.14,54
5723,breakroom-5723,breakroom,40.51,61
5724,furniture-5724,furniture,41.88,68
5725,stationery-5725,stationery,43.25,75
5726,peripherals-5726,peripherals,44.62,82
5727,storage-5727,storage,45.99,89
5728,lighting-5728,lighting,47.36,96
5729,breakroom-5729,breakroom,48.73,103
5730,furniture-5730,furniture,50.10,110
5731,stationery-5731,stationery,51.47,117
5732,peripherals-5732,peripherals,52.84,124
5733,storage-5733,storage,54.21,131
5734,lighting-5734,lighting,55.58,138
5735,breakroom-5735,breakroom,56.95,145
5736,furniture-5736,furniture,58.32,152
5737,stationery-5737,stationery,59.69,159
5738,peripherals-5738,peripherals,61.06,166
5739,storage-5739,storage,62.43,173
5740,lighting-5740,lighting,63.80,180
5741,breakroom-5741,breakroom,65.17,187
5742,furniture-5742,furniture,66.54,194
5743,stationery-5743,stationery,67.91,201
5744,peripherals-5744,peripherals,69.28,208
5745,storage-5745,storage,70.65,215
5746,lighting-5746,lighting,72.02,222
5747,breakroom-5747,breakroom,73.39,229
5748,furniture-5748,furniture,74.76,236
5749,stationery-5749,stationery,76.13,243
5750,peripherals-5750,peripherals,77.50,250
5751,storage-5751,storage,78.87,257
5752,lighting-5752,lighting,80.24,264
5753,breakroom-5753,breakroom,81.61,271
5754,furniture-5754,furniture,82.98,278
5755,stationery-5755,stationery,84.35,285
5756,peripherals-5756,peripherals,85.72,292
5757,storage-5757,storage,87.09,299
5758,lighting-5758,lighting,88.46,306
5759,breakroom-5759,breakroom,89.83,313
5760,furniture-5760,furniture,91.20,320
5761,stationery-5761,stationery,92.57,327
5762,peripherals-5762,peripherals,93.94,334
5763,storage-5763,storage,95.31,341
5764,lighting-5764,lighting,96.68,348
5765,breakroom-5765,breakroom,98.05,355
5766,furniture-5766,furniture,99.42,362
5767,stationery-5767,stationery,0.79,369
5768,peripherals-5768,peripherals,2.16,376
5769,storage-5769,storage,3.53,383
5770,lighting-5770,lighting,4.90,390
5771,breakroom-5771,breakroom,6.27,397
5772,furniture-5772,furniture,7.64,404
5773,stationery-5773,stationery,9.01,411
5774,peripherals-5774,peripherals,10.38,418
5775,storage-5775,storage,11.75,425
5776,lighting-5776,lighting,13.12,432
5777,breakroom-5777,breakroom,14.49,439
5778,furniture-5778,furniture,15.86,446
5779,stationery-5779,stationery,17.23,453
5780,peripherals-5780,peripherals,18.60,460
5781,storage-5781,storage,19.97,467
5782,lighting-5782,lighting,21.34,474
5783,breakroom-5783,breakroom,22.71,481
5784,furniture-5784,furniture,24.08,488
5785,stationery-5785,stationery,25.45,495
5786,peripherals-5786,peripherals,26.82,2
5787,storage-5787,storage,28.19,9
5788,lighting-5788,lighting,29.56,16
5789,breakroom-5789,breakroom,30.93,23
5790,furniture-5790,furniture,32.30,30
5791,stationery-5791,stationery,33.67,37
5792,peripherals-5792,peripherals,35.04,44
5793,storage-5793,storage,36.41,51
5794,lighting-5794,lighting,37.78,58
5795,breakroom-5795,breakroom,39.15,65
5796,furniture-5796,furniture,40.52,72
5797,stationery-5797,stationery,41.89,79
5798,peripherals-5798,peripherals,43.26,86
5799,storage-5799,storage,44.63,93
5800,lighting-5800,lighting,46.00,100
5801,breakroom-5801,breakroom,47.37,107
5802,furniture-5802,furniture,48.74,114
5803,stationery-5803,stationery,50.11,121
5804,peripherals-5804,peripherals,51.48,128
5805,storage-5805,storage,52.85,135
5806,lighting-5806,lighting,54.22,142
5807,breakroom-5807,breakroom,55.59,149
5808,furniture-5808,furniture,56.96,156
5809,stationery-5809,stationery,58.33,163
5810,peripherals-5810,peripherals,59.70,170
5811,storage-5811,storage,61.07,177
5812,lighting-5812,lighting,62.44,184
5813,breakroom-5813,breakroom,63.81,191
5814,furniture-5814,furniture,65.18,198
5815,stationery-5815,stationery,66.55,205
5816,peripherals-5816,peripherals,67.92,212
5817,storage-5817,storage,69.29,219
5818,lighting-5818,lighting,70.66,226
5819,breakroom-5819,breakroom,72.03,233
5820,furniture-5820,furniture,73.40,240
5821,stationery-5821,stationery,74.77,247
5822,peripherals-5822,peripherals,76.14,254
5823,storage-5823,storage,77.51,261
5824,lighting-5824,lighting,78.88,268
5825,breakroom-5825,breakroom,80.25,275
5826,furniture-5826,furniture,81.62,282
5827,stationery-5827,stationery,82.99,289
5828,peripherals-5828,peripherals,84.36,296
5829,storage-5829,storage,85.73,303
5830,lighting-5830,lighting,87.10,310
5831,breakroom-5831,breakroom,88.47,317
5832,furniture-5832,furniture,89.84,324
5833,stationery-5833,stationery,91.21,331
5834,peripherals-5834,peripherals,92.58,338
5835,storage-5835,storage,93.95,345
5836,lighting-5836,lighting,95.32,352
5837,breakroom-5837,breakroom,96.69,359
5838,furniture-5838,furniture,98.06,366
5839,stationery-5839,stationery,99.43,373
5840,peripherals-5840,peripherals,0.80,380
5841,storage-5841,storage,2.17,387
5842,lighting-5842,lighting,3.54,394
5843,breakroom-5843,breakroom,4.91,401
5844,furniture-5844,furniture,6.28,408
5845,stationery-5845,stationery,7.65,415
5846,peripherals-5846,peripherals,9.02,422
5847,storage-5847,storage,10.39,429
5848,lighting-5848,lighting,11.76,436
5849,breakroom-5849,breakroom,13.13,443
5850,furniture-5850,furniture,14.50,450
5851,stationery-5851,stationery,15.87,457
5852,peripherals-5852,peripherals,17.24,464
5853,storage-5853,storage,18.61,471
5854,lighting-5854,lighting,19.98,478
5855,breakroom-5855,breakroom,21.35,485
5856,furniture-5856,furniture,22.72,492
5857,stationery-5857,stationery,24.09,499
5858,peripherals-5858,peripherals,25.46,6
5859,storage-5859,storage,26.83,13
5860,lighting-5860,lighting,28.20,20
5861,breakroom-5861,breakroom,29.57,27
5862,furniture-5862,furniture,30.94,34
5863,stationery-5863,stationery,32.31,41
5864,peripherals-5864,peripherals,33.68,48
5865,storage-5865,storage,35.05,55
5866,lighting-5866,lighting,36.42,62
5867,breakroom-5867,breakroom,37.79,69
5868,furniture-5868,furniture,39.16,76
5869,stationery-5869,stationery,40.53,83
5870,peripherals-5870,peripherals,41.90,90
5871,storage-5871,storage,43.27,97
5872,lighting-5872,lighting,44.64,104
5873,breakroom-5873,breakroom,46.01,111
5874,furniture-5874,furniture,47.38,118
5875,stationery-5875,stationery,48.75,125
5876,peripherals-5876,peripherals,50.12,132
5877,storage-5877,storage,51.49,139
5878,lighting-5878,lighting,52.86,146
5879,breakroom-5879,breakroom,54.23,153
5880,furniture-5880,furniture,55.60,160
5881,stationery-5881,stationery,56.97,167
5882,peripherals-5882,peripherals,58.34,174
5883,storage-5883,storage,59.71,181
5884,lighting-5884,lighting,61.08,188
5885,breakroom-5885,breakroom,62.45,195
5886,furniture-5886,furniture,63.82,202
5887,stationery-5887,stationery,65.19,209
5888,peripherals-5888,peripherals,66.56,216
5889,storage-5889,storage,67.93,223
5890,lighting-5890,lighting,69.30,230
5891,breakroom-5891,breakroom,70.67,237
5892,furniture-5892,furniture,72.04,244
5893,stationery-5893,stationery,73.41,251
5894,peripherals-5894,peripherals,74.78,258
5895,storage-5895,storage,76.15,265
5896,lighting-5896,lighting,77.52,272
5897,breakroom-5897,breakroom,78.89,279
5898,furniture-5898,furniture,80.26,286
5899,stationery-5899,stationery,81.63,293
5900,peripherals-5900,peripherals,83.00,300
5901,storage-5901,storage,84.37,307
5902,lighting-5902,lighting,85.74,314
5903,breakroom-5903,breakroom,87.11,321
5904,furniture-5904,furniture,88.48,328
5905,stationery-5905,stationery,89.85,335
5906,peripherals-5906,peripherals,91.22,342
5907,storage-5907,storage,92.59,349
5908,lighting-5908,lighting,93.96,356
5909,breakroom-5909,breakroom,95.33,363
5910,furniture-5910,furniture,96.70,370
5911,stationery-5911,stationery,98.07,377
5912,peripherals-5912,peripherals,99.44,384
5913,storage-5913,storage,0.81,391
5914,lighting-5914,lighting,2.18,398
5915,breakroom-5915,breakroom,3.55,405
5916,furniture-5916,furniture,4.92,412
5917,stationery-5917,stationery,6.29,419
5918,peripherals-5918,peripherals,7.66,426
5919,storage-5919,storage,9.03,433
5920,lighting-5920,lighting,10.40,440
5921,breakroom-5921,breakroom,11.77,447
5922,furniture-5922,furniture,13.14,454
5923,stationery-5923,stationery,14.51,461
5924,peripherals-5924,peripherals,15.88,468
5925,storage-5925,storage,17.25,475
5926,lighting-5926,lighting,18.62,482
5927,breakroom-5927,breakroom,19.99,489
5928,furniture-5928,furniture,21.36,496
5929,stationery-5929,stationery,22.73,3
5930,peripherals-5930,peripherals,24.10,10
5931,storage-5931,storage,25.47,17
5932,lighting-5932,lighting,26.84,24
5933,breakroom-5933,breakroom,28.21,31
5934,furniture-5934,furniture,29.58,38
5935,stationery-5935,stationery,30.95,45
5936,peripherals-5936,peripherals,32.32,52
5937,storage-5937,storage,33.69,59
5938,lighting-5938,lighting,35.06,66
5939,breakroom-5939,breakroom,36.43,73
5940,furniture-5940,furniture,37.80,80
5941,stationery-5941,stationery,39.17,87
5942,peripherals-5942,peripherals,40.54,94
5943,storage-5943,storage,41.91,101
5944,lighting-5944,lighting,43.28,108
5945,breakroom-5945,breakroom,44.65,115
5946,furniture-5946,furniture,46.02,122
5947,stationery-5947,stationery,47.39,129
5948,peripherals-5948,peripherals,48.76,136
5949,storage-5949,storage,50.13,143
5950,lighting-5950,lighting,51.50,150
5951,breakroom-5951,breakroom,52.87,157
5952,furniture-5952,furniture,54.24,164
5953,stationery-5953,stationery,55.61,171
5954,peripherals-5954,peripherals,56.98,178
5955,storage-5955,storage,58.35,185
5956,lighting-5956,lighting,59.72,192
5957,breakroom-5957,breakroom,61.09,199
5958,furniture-5958,furniture,62.46,206
5959,stationery-5959,stationery,63.83,213
5960,peripherals-5960,peripherals,65.20,220
5961,storage-5961,storage,66.57,227
5962,lighting-5962,lighting,67.94,234
5963,breakroom-5963,breakroom,69.31,241
5964,furniture-5964,furniture,70.68,248
5965,stationery-5965,stationery,72.05,255
5966,peripherals-5966,peripherals,73.42,262
5967,storage-5967,storage,74.79,269
5968,lighting-5968,lighting,76.16,276
5969,breakroom-5969,breakroom,77.53,283
5970,furniture-5970,furniture,78.90,290
5971,stationery-5971,stationery,80.27,297
5972,peripherals-5972,peripherals,81.64,304
5973,storage-5973,storage,83.01,311
5974,lighting-5974,lighting,84.38,318
5975,breakroom-5975,breakroom,85.75,325
5976,furniture-5976,furniture,87.12,332
5977,stationery-5977,stationery,88.49,339
5978,peripherals-5978,peripherals,89.86,346
5979,storage-5979,storage,91.23,353
5980,lighting-5980,lighting,92.60,360
5981,breakroom-5981,breakroom,93.97,367
5982,furniture-5982,furniture,95.34,374
5983,stationery-5983,stationery,96.71,381
5984,peripherals-5984,peripherals,98.08,388
5985,storage-5985,storage,99.45,395
5986,lighting-5986,lighting,0.82,402
5987,breakroom-5987,breakroom,2.19,409
5988,furniture-5988,furniture,3.56,416
5989,stationery-5989,stationery,4.93,423
5990,peripherals-5990,peripherals,6.30,430
5991,storage-5991,storage,7.67,437
5992,lighting-5992,lighting,9.04,444
5993,breakroom-5993,breakroom,10.41,451
5994,furniture-5994,furniture,11.78,458
5995,stationery-5995,stationery,13.15,465
5996,peripherals-5996,peripherals,14.52,472
5997,storage-5997,storage,15.89,479
5998,lighting-5998,lighting,17.26,486
5999,breakroom-5999,breakroom,18.63,493
6000,furniture-6000,furniture,20.00,0
6001,stationery-6001,stationery,21.37,7
6002,peripherals-6002,peripherals,22.74,14
6003,storage-6003,storage,24.11,21
6004,lighting-6004,lighting,25.48,28
6005,breakroom-6005,breakroom,26.85,35
6006,furniture-6006,furniture,28.22,42
6007,stationery-6007,stationery,29.59,49
6008,peripherals-6008,peripherals,30.96,56
6009,storage-6009,storage,32.33,63
6010,lighting-6010,lighting,33.70,70
6011,breakroom-6011,breakroom,35.07,77
6012,furniture-6012,furniture,36.44,84
6013,stationery-6013,stationery,37.81,91
6014,peripherals-6014,peripherals,39.18,98
6015,storage-6015,storage,40.55,105
6016,lighting-6016,lighting,41.92,112
6017,breakroom-6017,breakroom,43.29,119
6018,furniture-6018,furniture,44.66,126
6019,stationery-6019,stationery,46.03,133
6020,peripherals-6020,peripherals,47.40,140
6021,storage-6021,storage,48.77,147
6022,lighting-6022,lighting,50.14,154
6023,breakroom-6023,breakroom,51.51,161
6024,furniture-6024,furniture,52.88,168
6025,stationery-6025,stationery,54.25,175
6026,peripherals-6026,peripherals,55.62,182
6027,storage-6027,storage,56.99,189
6028,lighting-6028,lighting,58.36,196
6029,breakroom-6029,breakroom,59.73,203
6030,furniture-6030,furniture,61.10,210
6031,stationery-6031,stationery,62.47,217
6032,peripherals-6032,peripherals,63.84,224
6033,storage-6033,storage,65.21,231
6034,lighting-6034,lighting,66.58,238
6035,breakroom-6035,breakroom,67.95,245
6036,furniture-6036,furniture,69.32,252
6037,stationery-6037,stationery,70.69,259
6038,peripherals-6038,peripherals,72.06,266
6039,storage-6039,storage,73.43,273
6040,lighting-6040,lighting,74.80,280
6041,breakroom-6041,breakroom,76.17,287
6042,furniture-6042,furniture,77.54,294
6043,stationery-6043,stationery,78.91,301
6044,peripherals-6044,peripherals,80.28,308
6045,storage-6045,storage,81.65,315
6046,lighting-6046,lighting,83.02,322
6047,breakroom-6047,breakroom,84.39,329
6048,furniture-6048,furniture,85.76,336
6049,stationery-6049,stationery,87.13,343
6050,peripherals-6050,peripherals,88.50,350
6051,storage-6051,storage,89.87,357
6052,lighting-6052,lighting,91.24,364
6053,breakroom-6053,breakroom,92.61,371
6054,furniture-6054,furniture,93.98,378
6055,stationery-6055,stationery,95.35,385
6056,peripherals-6056,peripherals,96.72,392
6057,storage-6057,storage,98.09,399
6058,lighting-6058,lighting,99.46,406
6059,breakroom-6059,breakroom,0.83,413
6060,furniture-6060,furniture,2.20,420
6061,stationery-6061,stationery,3.57,427
6062,peripherals-6062,peripherals,4.94,434
6063,storage-6063,storage,6.31,441
6064,lighting-6064,lighting,7.68,448
6065,breakroom-6065,breakroom,9.05,455
6066,furniture-6066,furniture,10.42,462
6067,stationery-6067,stationery,11.79,469
6068,peripherals-6068,peripherals,13.16,476
6069,storage-6069,storage,14.53,483
6070,lighting-6070,lighting,15.90,490
6071,breakroom-6071,breakroom,17.27,497
6072,furniture-6072,furniture,18.64,4
6073,stationery-6073,stationery,20.01,11
6074,peripherals-6074,peripherals,21.38,18
6075,storage-6075,storage,22.75,25
6076,lighting-6076,lighting,24.12,32
6077,breakroom-6077,breakroom,25.49,39
6078,furniture-6078,furniture,26.86,46
6079,stationery-6079,stationery,28.23,53
6080,peripherals-6080,peripherals,29.60,60
6081,storage-6081,storage,30.97,67
6082,lighting-6082,lighting,32.34,74
6083,breakroom-6083,breakroom,33.71,81
6084,furniture-6084,furniture,35.08,88
6085,stationery-6085,stationery,36.45,95
6086,peripherals-6086,peripherals,37.82,102
6087,storage-6087,storage,39.19,109
6088,lighting-6088,lighting,40.56,116
6089,breakroom-6089,breakroom,41.93,123
6090,furniture-6090,furniture,43.30,130
6091,stationery-6091,stationery,44.67,137
6092,peripherals-6092,peripherals,46.04,144
6093,storage-6093,storage,47.41,151
6094,lighting-6094,lighting,48.78,158
6095,breakroom-6095,breakroom,50.15,165
6096,furniture-6096,furniture,51.52,172
6097,stationery-6097,stationery,52.89,179
6098,peripherals-6098,peripherals,54.26,186
6099,storage-6099,storage,55.63,193
6100,lighting-6100,lighting,57.00,200
6101,breakroom-6101,breakroom,58.37,207
6102,furniture-6102,furniture,59.74,214
6103,stationery-6103,stationery,61.11,221
6104,peripherals-6104,peripherals,62.48,228
6105,storage-6105,storage,63.85,235
6106,lighting-6106,lighting,65.22,242
6107,breakroom-6107,breakroom,66.59,249
6108,furniture-6108,furniture,67.96,256
6109,stationery-6109,stationery,69.33,263
6110,peripherals-6110,peripherals,70.70,270
6111,storage-6111,storage,72.07,277
6112,lighting-6112,lighting,73.44,284
6113,breakroom-6113,breakroom,74.81,291
6114,furniture-6114,furniture,76.18,298
6115,stationery-6115,stationery,77.55,305
6116,peripherals-6116,peripherals,78.92,312
6117,storage-6117,storage,80.29,319
6118,lighting-6118,lighting,81.66,326
6119,breakroom-6119,breakroom,83.03,333
6120,furniture-6120,furniture,84.40,340
6121,stationery-6121,stationery,85.77,347
6122,peripherals-6122,peripherals,87.14,354
6123,storage-6123,storage,88.51,361
6124,lighting-6124,lighting,89.88,368
6125,breakroom-6125,breakroom,91.25,375
6126,furniture-6126,furniture,92.62,382
6127,stationery-6127,stationery,93.99,389
6128,peripherals-6128,peripherals,95.36,396
6129,storage-6129,storage,96.73,403
6130,lighting-6130,lighting,98.10,410
6131,breakroom-6131,breakroom,99.47,417
6132,furniture-6132,furniture,0.84,424
6133,stationery-6133,stationery,2.21,431
6134,peripherals-6134,peripherals,3.58,438
6135,storage-6135,storage,4.95,445
6136,lighting-6136,lighting,6.32,452
6137,breakroom-6137,breakroom,7.69,459
6138,furniture-6138,furniture,9.06,466
6139,stationery-6139,stationery,10.43,473
6140,peripherals-6140,peripherals,11.80,480
6141,storage-6141,storage,13.17,487
6142,lighting-6142,lighting,14.54,494
6143,breakroom-6143,breakroom,15.91,1
6144,furniture-6144,furniture,17.28,8
6145,stationery-6145,stationery,18.65,15
6146,peripherals-6146,peripherals,20.02,22
6147,storage-6147,storage,21.39,29
6148,lighting-6148,lighting,22.76,36
6149,breakroom-6149,breakroom,24.13,43
6150,furniture-6150,furniture,25.50,50
6151,stationery-6151,stationery,26.87,57
6152,peripherals-6152,peripherals,28.24,64
6153,storage-6153,storage,29.61,71
6154,lighting-6154,lighting,30.98,78
6155,breakroom-6155,breakroom,32.35,85
6156,furniture-6156,furniture,33.72,92
6157,stationery-6157,stationery,35.09,99
6158,peripherals-6158,peripherals,36.46,106
6159,storage-6159,storage,37.83,113
6160,lighting-6160,lighting,39.20,120
6161,breakroom-6161,breakroom,40.57,127
6162,furniture-6162,furniture,41.94,134
6163,stationery-6163,stationery,43.31,141
6164,peripherals-6164,peripherals,44.68,148
6165,storage-6165,storage,46.05,155
6166,lighting-6166,lighting,47.42,162
6167,breakroom-6167,breakroom,48.79,169
6168,furniture-6168,furniture,50.16,176
6169,stationery-6169,stationery,51.53,183
6170,peripherals-6170,peripherals,52.90,190
6171,storage-6171,storage,54.27,197
6172,lighting-6172,lighting,55.64,204
6173,breakroom-6173,breakroom,57.01,211
6174,furniture-6174,furniture,58.38,218
6175,stationery-6175,stationery,59.75,225
6176,peripherals-6176,peripherals,61.12,232
6177,storage-6177,storage,62.49,239
6178,lighting-6178,lighting,63.86,246
6179,breakroom-6179,breakroom,65.23,253
6180,furniture-6180,furniture,66.60,260
6181,stationery-6181,stationery,67.97,267
6182,peripherals-6182,peripherals,69.34,274
6183,storage-6183,storage,70.71,281
6184,lighting-6184,lighting,72.08,288
6185,breakroom-6185,breakroom,73.45,295
6186,furniture-6186,furniture,74.82,302
6187,stationery-6187,stationery,76.19,309
6188,peripherals-6188,peripherals,77.56,316
6189,storage-6189,storage,78.93,323
6190,lighting-6190,lighting,80.30,330
6191,breakroom-6191,breakroom,81.67,337
6192,furniture-6192,furniture,83.04,344
6193,stationery-6193,stationery,84.41,351
6194,peripherals-6194,peripherals,85.78,358
6195,storage-6195,storage,87.15,365
6196,lighting-6196,lighting,88.52,372
6197,breakroom-6197,breakroom,89.89,379
6198,furniture-6198,furniture,91.26,386
6199,stationery-6199,stationery,92.63,393
6200,peripherals-6200,peripherals,94.00,400
6201,storage-6201,storage,95.37,407
6202,lighting-6202,lighting,96.74,414
6203,breakroom-6203,breakroom,98.11,421
6204,furniture-6204,furniture,99.48,428
6205,stationery-6205,stationery,0.85,435
6206,peripherals-6206,peripherals,2.22,442
6207,storage-6207,storage,3.59,449
6208,lighting-6208,lighting,4.96,456
6209,breakroom-6209,breakroom,6.33,463
6210,furniture-6210,furniture,7.70,470
6211,stationery-6211,stationery,9.07,477
6212,peripherals-6212,peripherals,10.44,484
6213,storage-6213,storage,11.81,491
6214,lighting-6214,lighting,13.18,498
6215,breakroom-6215,breakroom,14.55,5
6216,furniture-6216,furniture,15.92,12
6217,stationery-6217,stationery,17.29,19
6218,peripherals-6218,peripherals,18.66,26
6219,storage-6219,storage,20.03,33
6220,lighting-6220,lighting,21.40,40
6221,breakroom-6221,breakroom,22.77,47
6222,furniture-6222,furniture,24.14,54
6223,stationery-6223,stationery,25.51,61
6224,peripherals-6224,peripherals,26.88,68
6225,storage-6225,storage,28.25,75
6226,lighting-6226,lighting,29.62,82
6227,breakroom-6227,breakroom,30.99,89
6228,furniture-6228,furniture,32.36,96
6229,stationery-6229,stationery,33.73,103
6230,peripherals-6230,peripherals,35.10,110
6231,storage-6231,storage,36.47,117
6232,lighting-6232,lighting,37.84,124
6233,breakroom-6233,breakroom,39.21,131
6234,furniture-6234,furniture,40.58,138
6235,stationery-6235,stationery,41.95,145
6236,peripherals-6236,peripherals,43.32,152
6237,storage-6237,storage,44.69,159
6238,lighting-6238,lighting,46.06,166
6239,breakroom-6239,breakroom,47.43,173
6240,furniture-6240,furniture,48.80,180
6241,stationery-6241,stationery,50.17,187
6242,peripherals-6242,peripherals,51.54,194
6243,storage-6243,storage,52.91,201
6244,lighting-6244,lighting,54.28,208
6245,breakroom-6245,breakroom,55.65,215
6246,furniture-6246,furniture,57.02,222
6247,stationery-6247,stationery,58.39,229
6248,peripherals-6248,peripherals,59.76,236
6249,storage-6249,storage,61.13,243
6250,lighting-6250,lighting,62.50,250
6251,breakroom-6251,breakroom,63.87,257
6252,furniture-6252,furniture,65.24,264
6253,stationery-6253,stationery,66.61,271
6254,peripherals-6254,peripherals,67.98,278
6255,storage-6255,storage,69.35,285
6256,lighting-6256,lighting,70.72,292
6257,breakroom-6257,breakroom,72.09,299
6258,furniture-6258,furniture,73.46,306
6259,stationery-6259,stationery,74.83,313
6260,peripherals-6260,peripherals,76.20,320
6261,storage-6261,storage,77.57,327
6262,lighting-6262,lighting,78.94,334
6263,breakroom-6263,breakroom,80.31,341
6264,furniture-6264,furniture,81.68,348
6265,stationery-6265,stationery,83.05,355
6266,peripherals-6266,peripherals,84.42,362
6267,storage-6267,storage,85.79,369
6268,lighting-6268,lighting,87.16,376
6269,breakroom-6269,breakroom,88.53,383
6270,furniture-6270,furniture,89.90,390
6271,stationery-6271,stationery,91.27,397
6272,peripherals-6272,peripherals,92.64,404
6273,storage-6273,storage,94.01,411
6274,lighting-6274,lighting,95.38,418
6275,breakroom-6275,breakroom,96.75,425
6276,furniture-6276,furniture,98.12,432
6277,stationery-6277,stationery,99.49,439
6278,peripherals-6278,peripherals,0.86,446
6279,storage-6279,storage,2.23,453
6280,lighting-6280,lighting,3.60,460
6281,breakroom-6281,breakroom,4.97,467
6282,furniture-6282,furniture,6.34,474
6283,stationery-6283,stationery,7.71,481
6284,peripherals-6284,peripherals,9.08,488
6285,storage-6285,storage,10.45,495
6286,lighting-6286,lighting,11.82,2
6287,breakroom-6287,breakroom,13.19,9
6288,furniture-6288,furniture,14.56,16
6289,stationery-6289,stationery,15.93,23
6290,peripherals-6290,peripherals,17.30,30
6291,storage-6291,storage,18.67,37
6292,lighting-6292,lighting,20.04,44
6293,breakroom-6293,breakroom,21.41,51
6294,furniture-6294,furniture,22.78,58
6295,stationery-6295,stationery,24.15,65
6296,peripherals-6296,peripherals,25.52,72
6297,storage-6297,storage,26.89,79
6298,lighting-6298,lighting,28.26,86
6299,breakroom-6299,breakroom,29.63,93
6300,furniture-6300,furniture,31.00,100
6301,stationery-6301,stationery,32.37,107
6302,peripherals-6302,peripherals,33.74,114
6303,storage-6303,storage,35.11,121
6304,lighting-6304,lighting,36.48,128
6305,breakroom-6305,breakroom,37.85,135
6306,furniture-6306,furniture,39.22,142
6307,stationery-6307,stationery,40.59,149
6308,peripherals-6308,peripherals,41.96,156
6309,storage-6309,storage,43.33,163
6310,lighting-6310,lighting,44.70,170
6311,breakroom-6311,breakroom,46.07,177
6312,furniture-6312,furniture,47.44,184
6313,stationery-6313,stationery,48.81,191
6314,peripherals-6314,peripherals,50.18,198
6315,storage-6315,storage,51.55,205
6316,lighting-6316,lighting,52.92,212
6317,breakroom-6317,breakroom,54.29,219
6318,furniture-6318,furniture,55.66,226
6319,stationery-6319,stationery,57.03,233
6320,peripherals-6320,peripherals,58.40,240
6321,storage-6321,storage,59.77,247
6322,lighting-6322,lighting,61.14,254
6323,breakroom-6323,breakroom,62.51,261
6324,furniture-6324,furniture,63.88,268
6325,stationery-6325,stationery,65.25,275
6326,peripherals-6326,peripherals,66.62,282
6327,storage-6327,storage,67.99,289
6328,lighting-6328,lighting,69.36,296
6329,breakroom-6329,breakroom,70.73,303
6330,furniture-6330,furniture,72.10,310
6331,stationery-6331,stationery,73.47,317
6332,peripherals-6332,peripherals,74.84,324
6333,storage-6333,storage,76.21,331
6334,lighting-6334,lighting,77.58,338
6335,breakroom-6335,breakroom,78.95,345
6336,furniture-6336,furniture,80.32,352
6337,stationery-6337,stationery,81.69,359
6338,peripherals-6338,peripherals,83.06,366
6339,storage-6339,storage,84.43,373
6340,lighting-6340,lighting,85.80,380
6341,breakroom-6341,breakroom,87.17,387
6342,furniture-6342,furniture,88.54,394
6343,stationery-6343,stationery,89.91,401
6344,peripherals-6344,peripherals,91.28,408
6345,storage-6345,storage,92.65,415
6346,lighting-6346,lighting,94.02,422
6347,breakroom-6347,breakroom,95.39,429
6348,furniture-6348,furniture,96.76,436
6349,stationery-6349,stationery,98.13,443
6350,peripherals-6350,peripherals,99.50,450
6351,storage-6351,storage,0.87,457
6352,lighting-6352,lighting,2.24,464
6353,breakroom-6353,breakroom,3.61,471
6354,furniture-6354,furniture,4.98,478
6355,stationery-6355,stationery,6.35,485
6356,peripherals-6356,peripherals,7.72,492
6357,storage-6357,storage,9.09,499
6358,lighting-6358,lighting,10.46,6
6359,breakroom-6359,breakroom,11.83,13
6360,furniture-6360,furniture,13.20,20
6361,stationery-6361,stationery,14.57,27
6362,peripherals-6362,peripherals,15.94,34
6363,storage-6363,storage,17.31,41
6364,lighting-6364,lighting,18.68,48
6365,breakroom-6365,breakroom,20.05,55
6366,furniture-6366,furniture,21.42,62
6367,stationery-6367,stationery,22.79,69
6368,peripherals-6368,peripherals,24.16,76
6369,storage-6369,storage,25.53,83
6370,lighting-6370,lighting,26.90,90
6371,breakroom-6371,breakroom,28.27,97
6372,furniture-6372,furniture,29.64,104
6373,stationery-6373,stationery,31.01,111
6374,peripherals-6374,peripherals,32.38,118
6375,storage-6375,storage,33.75,125
6376,lighting-6376,lighting,35.12,132
6377,breakroom-6377,breakroom,36.49,139
6378,furniture-6378,furniture,37.86,146
6379,stationery-6379,stationery,39.23,153
6380,peripherals-6380,peripherals,40.60,160
6381,storage-6381,storage,41.97,167
6382,lighting-6382,lighting,43.34,174
6383,breakroom-6383,breakroom,44.71,181
6384,furniture-6384,furniture,46.08,188
6385,stationery-6385,stationery,47.45,195
6386,peripherals-6386,peripherals,48.82,202
6387,storage-6387,storage,50.19,209
6388,lighting-6388,lighting,51.56,216
6389,breakroom-6389,breakroom,52.93,223
6390,furniture-6390,furniture,54.30,230
6391,stationery-6391,stationery,55.67,237
6392,peripherals-6392,peripherals,57.04,244
6393,storage-6393,storage,58.41,251
6394,lighting-6394,lighting,59.78,258
6395,breakroom-6395,breakroom,61.15,265
6396,furniture-6396,furniture,62.52,272
6397,stationery-6397,stationery,63.89,279
6398,peripherals-6398,peripherals,65.26,286
6399,storage-6399,storage,66.63,293
6400,lighting-6400,lighting,68.00,300
6401,breakroom-6401,breakroom,69.37,307
6402,furniture-6402,furniture,70.74,314
6403,stationery-6403,stationery,72.11,321
6404,peripherals-6404,peripherals,73.48,328
6405,storage-6405,storage,74.85,335
6406,lighting-6406,lighting,76.22,342
6407,breakroom-6407,breakroom,77.59,349
6408,furniture-6408,furniture,78.96,356
6409,stationery-6409,stationery,80.33,363
6410,peripherals-6410,peripherals,81.70,370
6411,storage-6411,storage,83.07,377
6412,lighting-6412,lighting,84.44,384
6413,breakroom-6413,breakroom,85.81,391
6414,furniture-6414,furniture,87.18,398
6415,stationery-6415,stationery,88.55,405
6416,peripherals-6416,peripherals,89.92,412
6417,storage-6417,storage,91.29,419
6418,lighting-6418,lighting,92.66,426
6419,breakroom-6419,breakroom,94.03,433
6420,furniture-6420,furniture,95.40,440
6421,stationery-6421,stationery,96.77,447
6422,peripherals-6422,peripherals,98.14,454
6423,storage-6423,storage,99.51,461
6424,lighting-6424,lighting,0.88,468
6425,breakroom-6425,breakroom,2.25,475
6426,furniture-6426,furniture,3.62,482
6427,stationery-6427,stationery,4.99,489
6428,peripherals-6428,peripherals,6.36,496
6429,storage-6429,storage,7.73,3
6430,lighting-6430,lighting,9.10,10
6431,breakroom-6431,breakroom,10.47,17
6432,furniture-6432,furniture,11.84,24
6433,stationery-6433,stationery,13.21,31
6434,peripherals-6434,peripherals,14.58,38
6435,storage-6435,storage,15.95,45
6436,lighting-6436,lighting,17.32,52
6437,breakroom-6437,breakroom,18.69,59
6438,furniture-6438,furniture,20.06,66
6439,stationery-6439,stationery,21.43,73
6440,peripherals-6440,peripherals,22.80,80
6441,storage-6441,storage,24.17,87
6442,lighting-6442,lighting,25.54,94
6443,breakroom-6443,breakroom,26.91,101
6444,furniture-6444,furniture,28.28,108
6445,stationery-6445,stationery,29.65,115
6446,peripherals-6446,peripherals,31.02,122
6447,storage-6447,storage,32.39,129
6448,lighting-6448,lighting,33.76,136
6449,breakroom-6449,breakroom,35.13,143
6450,furniture-6450,furniture,36.50,150
6451,stationery-6451,stationery,37.87,157
6452,peripherals-6452,peripherals,39.24,164
6453,storage-6453,storage,40.61,171
6454,lighting-6454,lighting,41.98,178
6455,breakroom-6455,breakroom,43.35,185
6456,furniture-6456,furniture,44.72,192
6457,stationery-6457,stationery,46.09,199
6458,peripherals-6458,peripherals,47.46,206
6459,storage-6459,storage,48.83,213
6460,lighting-6460,lighting,50.20,220
6461,breakroom-6461,breakroom,51.57,227
6462,furniture-6462,furniture,52.94,234
6463,stationery-6463,stationery,54.31,241
6464,peripherals-6464,peripherals,55.68,248
6465,storage-6465,storage,57.05,255
6466,lighting-6466,lighting,58.42,262
6467,breakroom-6467,breakroom,59.79,269
6468,furniture-6468,furniture,61.16,276
6469,stationery-6469,stationery,62.53,283
6470,peripherals-6470,peripherals,63.90,290
6471,storage-6471,storage,65.27,297
6472,lighting-6472,lighting,66.64,304
6473,breakroom-6473,breakroom,68.01,311
6474,furniture-6474,furniture,69.38,318
6475,stationery-6475,stationery,70.75,325
6476,peripherals-6476,peripherals,72.12,332
6477,storage-6477,storage,73.49,339
6478,lighting-6478,lighting,74.86,346
6479,breakroom-6479,breakroom,76.23,353
6480,furniture-6480,furniture,77.60,360
6481,stationery-6481,stationery,78.97,367
6482,peripherals-6482,peripherals,80.34,374
6483,storage-6483,storage,81.71,381
6484,lighting-6484,lighting,83.08,388
6485,breakroom-6485,breakroom,84.45,395
6486,furniture-6486,furniture,85.82,402
6487,stationery-6487,stationery,87.19,409
6488,peripherals-6488,peripherals,88.56,416
6489,storage-6489,storage,89.93,423
6490,lighting-6490,lighting,91.30,430
6491,breakroom-6491,breakroom,92.67,437
6492,furniture-6492,furniture,94.04,444
6493,stationery-6493,stationery,95.41,451
6494,peripherals-6494,peripherals,96.78,458
6495,storage-6495,storage,98.15,465
6496,lighting-6496,lighting,99.52,472
6497,breakroom-6497,breakroom,0.89,479
6498,furniture-6498,furniture,2.26,486
6499,stationery-6499,stationery,3.63,493
6500,peripherals-6500,peripherals,5.00,0
6501,storage-6501,storage,6.37,7
6502,lighting-6502,lighting,7.74,14
6503,breakroom-6503,breakroom,9.11,21
6504,furniture-6504,furniture,10.48,28
6505,stationery-6505,stationery,11.85,35
6506,peripherals-6506,peripherals,13.22,42
6507,storage-6507,storage,14.59,49
6508,lighting-6508,lighting,15.96,56
6509,breakroom-6509,breakroom,17.33,63
6510,furniture-6510,furniture,18.70,70
6511,stationery-6511,stationery,20.07,77
6512,peripherals-6512,peripherals,21.44,84
6513,storage-6513,storage,22.81,91
6514,lighting-6514,lighting,24.18,98
6515,breakroom-6515,breakroom,25.55,105
6516,furniture-6516,furniture,26.92,112
6517,stationery-6517,stationery,28.29,119
6518,peripherals-6518,peripherals,29.66,126
6519,storage-6519,storage,31.03,133
6520,lighting-6520,lighting,32.40,140
6521,breakroom-6521,breakroom,33.77,147
6522,furniture-6522,furniture,35.14,154
6523,stationery-6523,stationery,36.51,161
6524,peripherals-6524,peripherals,37.88,168
6525,storage-6525,storage,39.25,175
6526,lighting-6526,lighting,40.62,182
6527,breakroom-6527,breakroom,41.99,189
6528,furniture-6528,furniture,43.36,196
6529,stationery-6529,stationery,44.73,203
6530,peripherals-6530,peripherals,46.10,210
6531,storage-6531,storage,47.47,217
6532,lighting-6532,lighting,48.84,224
6533,breakroom-6533,breakroom,50.21,231
6534,furniture-6534,furniture,51.58,238
6535,stationery-6535,stationery,52.95,245
6536,peripherals-6536,peripherals,54.32,252
6537,storage-6537,storage,55.69,259
6538,lighting-6538,lighting,57.06,266
6539,breakroom-6539,breakroom,58.43,273
6540,furniture-6540,furniture,59.80,280
6541,stationery-6541,stationery,61.17,287
6542,peripherals-6542,peripherals,62.54,294
6543,storage-6543,storage,63.91,301
6544,lighting-6544,lighting,65.28,308
6545,breakroom-6545,breakroom,66.65,315
6546,furniture-6546,furniture,68.02,322
6547,stationery-6547,stationery,69.39,329
6548,peripherals-6548,peripherals,70.76,336
6549,storage-6549,storage,72.13,343
6550,lighting-6550,lighting,73.50,350
6551,breakroom-6551,breakroom,74.87,357
6552,furniture-6552,furniture,76.24,364
6553,stationery-6553,stationery,77.61,371
6554,peripherals-6554,peripherals,78.98,378
6555,storage-6555,storage,80.35,385
6556,lighting-6556,lighting,81.72,392
6557,breakroom-6557,breakroom,83.09,399
6558,furniture-6558,furniture,84.46,406
6559,stationery-6559,stationery,85.83,413
6560,peripherals-6560,peripherals,87.20,420
6561,storage-6561,storage,88.57,427
6562,lighting-6562,lighting,89.94,434
6563,breakroom-6563,breakroom,91.31,441
6564,furniture-6564,furniture,92.68,448
6565,stationery-6565,stationery,94.05,455
6566,peripherals-6566,peripherals,95.42,462
6567,storage-6567,storage,96.79,469
6568,lighting-6568,lighting,98.16,476
6569,breakroom-6569,breakroom,99.53,483
6570,furniture-6570,furniture,0.90,490
6571,stationery-6571,stationery,2.27,497
6572,peripherals-6572,peripherals,3.64,4
6573,storage-6573,storage,5.01,11
6574,lighting-6574,lighting,6.38,18
6575,breakroom-6575,breakroom,7.75,25
6576,furniture-6576,furniture,9.12,32
6577,stationery-6577,stationery,10.49,39
6578,peripherals-6578,peripherals,11.86,46
6579,storage-6579,storage,13.23,53
6580,lighting-6580,lighting,14.60,60
6581,breakroom-6581,breakroom,15.97,67
6582,furniture-6582,furniture,17.34,74
6583,stationery-6583,stationery,18.71,81
6584,peripherals-6584,peripherals,20.08,88
6585,storage-6585,storage,21.45,95
6586,lighting-6586,lighting,22.82,102
6587,breakroom-6587,breakroom,24.19,109
6588,furniture-6588,furniture,25.56,116
6589,stationery-6589,stationery,26.93,123
6590,peripherals-6590,peripherals,28.30,130
6591,storage-6591,storage,29.67,137
6592,lighting-6592,lighting,31.04,144
6593,breakroom-6593,breakroom,32.41,151
6594,furniture-6594,furniture,33.78,158
6595,stationery-6595,stationery,35.15,165
6596,peripherals-6596,peripherals,36.52,172
6597,storage-6597,storage,37.89,179
6598,lighting-6598,lighting,39.26,186
6599,breakroom-6599,breakroom,40.63,193
6600,furniture-6600,furniture,42.00,200
6601,stationery-6601,stationery,43.37,207
6602,peripherals-6602,peripherals,44.74,214
6603,storage-6603,storage,46.11,221
6604,lighting-6604,lighting,47.48,228
6605,breakroom-6605,breakroom,48.85,235
6606,furniture-6606,furniture,50.22,242
6607,stationery-6607,stationery,51.59,249
6608,peripherals-6608,peripherals,52.96,256
6609,storage-6609,storage,54.33,263
6610,lighting-6610,lighting,55.70,270
6611,breakroom-6611,breakroom,57.07,277
6612,furniture-6612,furniture,58.44,284
6613,stationery-6613,stationery,59.81,291
6614,peripherals-6614,peripherals,61.18,298
6615,storage-6615,storage,62.55,305
6616,lighting-6616,lighting,63.92,312
6617,breakroom-6617,breakroom,65.29,319
6618,furniture-6618,furniture,66.66,326
6619,stationery-6619,stationery,68.03,333
6620,peripherals-6620,peripherals,69.40,340
6621,storage-6621,storage,70.77,347
6622,lighting-6622,lighting,72.14,354
6623,breakroom-6623,breakroom,73.51,361
6624,furniture-6624,furniture,74.88,368
6625,stationery-6625,stationery,76.25,375
6626,peripherals-6626,peripherals,77.62,382
6627,storage-6627,storage,78.99,389
6628,lighting-6628,lighting,80.36,396
6629,breakroom-6629,breakroom,81.73,403
6630,furniture-6630,furniture,83.10,410
6631,stationery-6631,stationery,84.47,417
6632,peripherals-6632,peripherals,85.84,424
6633,storage-6633,storage,87.21,431
6634,lighting-6634,lighting,88.58,438
6635,breakroom-6635,breakroom,89.95,445
6636,furniture-6636,furniture,91.32,452
6637,stationery-6637,stationery,92.69,459
6638,peripherals-6638,peripherals,94.06,466
6639,storage-6639,storage,95.43,473
6640,lighting-6640,lighting,96.80,480
6641,breakroom-6641,breakroom,98.17,487
6642,furniture-6642,furniture,99.54,494
6643,stationery-6643,stationery,0.91,1
6644,peripherals-6644,peripherals,2.28,8
6645,storage-6645,storage,3.65,15
6646,lighting-6646,lighting,5.02,22
6647,breakroom-6647,breakroom,6.39,29
6648,furniture-6648,furniture,7.76,36
6649,stationery-6649,stationery,9.13,43
6650,peripherals-6650,peripherals,10.50,50
6651,storage-6651,storage,11.87,57
6652,lighting-6652,lighting,13.24,64
6653,breakroom-6653,breakroom,14.61,71
6654,furniture-6654,furniture,15.98,78
6655,stationery-6655,stationery,17.35,85
6656,peripherals-6656,peripherals,18.72,92
6657,storage-6657,storage,20.09,99
6658,lighting-6658,lighting,21.46,106
6659,breakroom-6659,breakroom,22.83,113
6660,furniture-6660,furniture,24.20,120
6661,stationery-6661,stationery,25.57,127
6662,peripherals-6662,peripherals,26.94,134
6663,storage-6663,storage,28.31,141
6664,lighting-6664,lighting,29.68,148
6665,breakroom-6665,breakroom,31.05,155
6666,furniture-6666,furniture,32.42,162
6667,stationery-6667,stationery,33.79,169
6668,peripherals-6668,peripherals,35.16,176
6669,storage-6669,storage,36.53,183
6670,lighting-6670,lighting,37.90,190
6671,breakroom-6671,breakroom,39.27,197
6672,furniture-6672,furniture,40.64,204
6673,stationery-6673,stationery,42.01,211
6674,peripherals-6674,peripherals,43.38,218
6675,storage-6675,storage,44.75,225
6676,lighting-6676,lighting,46.12,232
6677,breakroom-6677,breakroom,47.49,239
6678,furniture-6678,furniture,48.86,246
6679,stationery-6679,stationery,50.23,253
6680,peripherals-6680,peripherals,51.60,260
6681,storage-6681,storage,52.97,267
6682,lighting-6682,lighting,54.34,274
6683,breakroom-6683,breakroom,55.71,281
6684,furniture-6684,furniture,57.08,288
6685,stationery-6685,stationery,58.45,295
6686,peripherals-6686,peripherals,59.82,302
6687,storage-6687,storage,61.19,309
6688,lighting-6688,lighting,62.56,316
6689,breakroom-6689,breakroom,63.93,323
6690,furniture-6690,furniture,65.30,330
6691,stationery-6691,stationery,66.67,337
6692,peripherals-6692,peripherals,68.04,344
6693,storage-6693,storage,69.41,351
6694,lighting-6694,lighting,70.78,358
6695,breakroom-6695,breakroom,72.15,365
6696,furniture-6696,furniture,73.52,372
6697,stationery-6697,stationery,74.89,379
6698,peripherals-6698,peripherals,76.26,386
6699,storage-6699,storage,77.63,393
6700,lighting-6700,lighting,79.00,400
6701,breakroom-6701,breakroom,80.37,407
6702,furniture-6702,furniture,81.74,414
6703,stationery-6703,stationery,83.11,421
6704,peripherals-6704,peripherals,84.48,428
6705,storage-6705,storage,85.85,435
6706,lighting-6706,lighting,87.22,442
6707,breakroom-6707,breakroom,88.59,449
6708,furniture-6708,furniture,89.96,456
6709,stationery-6709,stationery,91.33,463
6710,peripherals-6710,peripherals,92.70,470
6711,storage-6711,storage,94.07,477
6712,lighting-6712,lighting,95.44,484
6713,breakroom-6713,breakroom,96.81,491
6714,furniture-6714,furniture,98.18,498
6715,stationery-6715,stationery,99.55,5
6716,peripherals-6716,peripherals,0.92,12
6717,storage-6717,storage,2.29,19
6718,lighting-6718,lighting,3.66,26
6719,breakroom-6719,breakroom,5.03,33
6720,furniture-6720,furniture,6.40,40
6721,stationery-6721,stationery,7.77,47
6722,peripherals-6722,peripherals,9.14,54
6723,storage-6723,storage,10.51,61
6724,lighting-6724,lighting,11.88,68
6725,breakroom-6725,breakroom,13.25,75
6726,furniture-6726,furniture,14.62,82
6727,stationery-6727,stationery,15.99,89
6728,peripherals-6728,peripherals,17.36,96
6729,storage-6729,storage,18.73,103
6730,lighting-6730,lighting,20.10,110
6731,breakroom-6731,breakroom,21.47,117
6732,furniture-6732,furniture,22.84,124
6733,stationery-6733,stationery,24.21,131
6734,peripherals-6734,peripherals,25.58,138
6735,storage-6735,storage,26.95,145
6736,lighting-6736,lighting,28.32,152
6737,breakroom-6737,breakroom,29.69,159
6738,furniture-6738,furniture,31.06,166
6739,stationery-6739,stationery,32.43,173
6740,peripherals-6740,peripherals,33.80,180
6741,storage-6741,storage,35.17,187
6742,lighting-6742,lighting,36.54,194
6743,breakroom-6743,breakroom,37.91,201
6744,furniture-6744,furniture,39.28,208
6745,stationery-6745,stationery,40.65,215
6746,peripherals-6746,peripherals,42.02,222
6747,storage-6747,storage,43.39,229
6748,lighting-6748,lighting,44.76,236
6749,breakroom-6749,breakroom,46.13,243
6750,furniture-6750,furniture,47.50,250
6751,stationery-6751,stationery,48.87,257
6752,peripherals-6752,peripherals,50.24,264
6753,storage-6753,storage,51.61,271
6754,lighting-6754,lighting,52.98,278
6755,breakroom-6755,breakroom,54.35,285
6756,furniture-6756,furniture,55.72,292
6757,stationery-6757,stationery,57.09,299
6758,peripherals-6758,peripherals,58.46,306
6759,storage-6759,storage,59.83,313
6760,lighting-6760,lighting,61.20,320
6761,breakroom-6761,breakroom,62.57,327
6762,furniture-6762,furniture,63.94,334
6763,stationery-6763,stationery,65.31,341
6764,peripherals-6764,peripherals,66.68,348
6765,storage-6765,storage,68.05,355
6766,lighting-6766,lighting,69.42,362
6767,breakroom-6767,breakroom,70.79,369
6768,furniture-6768,furniture,72.16,376
6769,stationery-6769,stationery,73.53,383
6770,peripherals-6770,peripherals,74.90,390
6771,storage-6771,storage,76.27,397
6772,lighting-6772,lighting,77.64,404
6773,breakroom-6773,breakroom,79.01,411
6774,furniture-6774,furniture,80.38,418
6775,stationery-6775,stationery,81.75,425
6776,peripherals-6776,peripherals,83.12,432
6777,storage-6777,storage,84.49,439
6778,lighting-6778,lighting,85.86,446
6779,breakroom-6779,breakroom,87.23,453
6780,furniture-6780,furniture,88.60,460
6781,stationery-6781,stationery,89.97,467
6782,peripherals-6782,peripherals,91.34,474
6783,storage-6783,storage,92.71,481
6784,lighting-6784,lighting,94.08,488
6785,breakroom-6785,breakroom,95.45,495
6786,furniture-6786,furniture,96.82,2
6787,stationery-6787,stationery,98.19,9
6788,peripherals-6788,peripherals,99.56,16
6789,storage-6789,storage,0.93,23
6790,lighting-6790,lighting,2.30,30
6791,breakroom-6791,breakroom,3.67,37
6792,furniture-6792,furniture,5.04,44
6793,stationery-6793,stationery,6.41,51
6794,peripherals-6794,peripherals,7.78,58
6795,storage-6795,storage,9.15,65
6796,lighting-6796,lighting,10.52,72
6797,breakroom-6797,breakroom,11.89,79
6798,furniture-6798,furniture,13.26,86
6799,stationery-6799,stationery,14.63,93
6800,peripherals-6800,peripherals,16.00,100
6801,storage-6801,storage,17.37,107
6802,lighting-6802,lighting,18.74,114
6803,breakroom-6803,breakroom,20.11,121
6804,furniture-6804,furniture,21.48,128
6805,stationery-6805,stationery,22.85,135
6806,peripherals-6806,peripherals,24.22,142
6807,storage-6807,storage,25.59,149
6808,lighting-6808,lighting,26.96,156
6809,breakroom-6809,breakroom,28.33,163
6810,furniture-6810,furniture,29.70,170
6811,stationery-6811,stationery,31.07,177
6812,peripherals-6812,peripherals,32.44,184
6813,storage-6813,storage,33.81,191
6814,lighting-6814,lighting,35.18,198
6815,breakroom-6815,breakroom,36.55,205
6816,furniture-6816,furniture,37.92,212
6817,stationery-6817,stationery,39.29,219
6818,peripherals-6818,peripherals,40.66,226
6819,storage-6819,storage,42.03,233
6820,lighting-6820,lighting,43.40,240
6821,breakroom-6821,breakroom,44.77,247
6822,furniture-6822,furniture,46.14,254
6823,stationery-6823,stationery,47.51,261
6824,peripherals-6824,peripherals,48.88,268
6825,storage-6825,storage,50.25,275
6826,lighting-6826,lighting,51.62,282
6827,breakroom-6827,breakroom,52.99,289
6828,furniture-6828,furniture,54.36,296
6829,stationery-6829,stationery,55.73,303
6830,peripherals-6830,peripherals,57.10,310
6831,storage-6831,storage,58.47,317
6832,lighting-6832,lighting,59.84,324
6833,breakroom-6833,breakroom,61.21,331
6834,furniture-6834,furniture,62.58,338
6835,stationery-6835,stationery,63.95,345
6836,peripherals-6836,peripherals,65.32,352
6837,storage-6837,storage,66.69,359
6838,lighting-6838,lighting,68.06,366
6839,breakroom-6839,breakroom,69.43,373
6840,furniture-6840,furniture,70.80,380
6841,stationery-6841,stationery,72.17,387
6842,peripherals-6842,peripherals,73.54,394
6843,storage-6843,storage,74.91,401
6844,lighting-6844,lighting,76.28,408
6845,breakroom-6845,breakroom,77.65,415
6846,furniture-6846,furniture,79.02,422
6847,stationery-6847,stationery,80.39,429
6848,peripherals-6848,peripherals,81.76,436
6849,storage-6849,storage,83.13,443
6850,lighting-6850,lighting,84.50,450
6851,breakroom-6851,breakroom,85.87,457
6852,furniture-6852,furniture,87.24,464
6853,stationery-6853,stationery,88.61,471
6854,peripherals-6854,peripherals,89.98,478
6855,storage-6855,storage,91.35,485
6856,lighting-6856,lighting,92.72,492
6857,breakroom-6857,breakroom,94.09,499
6858,furniture-6858,furniture,95.46,6
6859,stationery-6859,stationery,96.83,13
6860,peripherals-6860,peripherals,98.20,20
6861,storage-6861,storage,99.57,27
6862,lighting-6862,lighting,0.94,34
6863,breakroom-6863,breakroom,2.31,41
6864,furniture-6864,furniture,3.68,48
6865,stationery-6865,stationery,5.05,55
6866,peripherals-6866,peripherals,6.42,62
6867,storage-6867,storage,7.79,69
6868,lighting-6868,lighting,9.16,76
6869,breakroom-6869,breakroom,10.53,83
6870,furniture-6870,furniture,11.90,90
6871,stationery-6871,stationery,13.27,97
6872,peripherals-6872,peripherals,14.64,104
6873,storage-6873,storage,16.01,111
6874,lighting-6874,lighting,17.38,118
6875,breakroom-6875,breakroom,18.75,125
6876,furniture-6876,furniture,20.12,132
6877,stationery-6877,stationery,21.49,139
6878,peripherals-6878,peripherals,22.86,146
6879,storage-6879,storage,24.23,153
6880,lighting-6880,lighting,25.60,160
6881,breakroom-6881,breakroom,26.97,167
6882,furniture-6882,furniture,28.34,174
6883,stationery-6883,stationery,29.71,181
6884,peripherals-6884,peripherals,31.08,188
6885,storage-6885,storage,32.45,195
6886,lighting-6886,lighting,33.82,202
6887,breakroom-6887,breakroom,35.19,209
6888,furniture-6888,furniture,36.56,216
6889,stationery-6889,stationery,37.93,223
6890,peripherals-6890,peripherals,39.30,230
6891,storage-6891,storage,40.67,237
6892,lighting-6892,lighting,42.04,244
6893,breakroom-6893,breakroom,43.41,251
6894,furniture-6894,furniture,44.78,258
6895,stationery-6895,stationery,46.15,265
6896,peripherals-6896,peripherals,47.52,272
6897,storage-6897,storage,48.89,279
6898,lighting-6898,lighting,50.26,286
6899,breakroom-6899,breakroom,51.63,293
6900,furniture-6900,furniture,53.00,300
6901,stationery-6901,stationery,54.37,307
6902,peripherals-6902,peripherals,55.74,314
6903,storage-6903,storage,57.11,321
6904,lighting-6904,lighting,58.48,328
6905,breakroom-6905,breakroom,59.85,335
6906,furniture-6906,furniture,61.22,342
6907,stationery-6907,stationery,62.59,349
6908,peripherals-6908,peripherals,63.96,356
6909,storage-6909,storage,65.33,363
6910,lighting-6910,lighting,66.70,370
6911,breakroom-6911,breakroom,68.07,377
6912,furniture-6912,furniture,69.44,384
6913,stationery-6913,stationery,70.81,391
6914,peripherals-6914,peripherals,72.18,398
6915,storage-6915,storage,73.55,405
6916,lighting-6916,lighting,74.92,412
6917,breakroom-6917,breakroom,76.29,419
6918,furniture-6918,furniture,77.66,426
6919,stationery-6919,stationery,79.03,433
6920,peripherals-6920,peripherals,80.40,440
6921,storage-6921,storage,81.77,447
6922,lighting-6922,lighting,83.14,454
6923,breakroom-6923,breakroom,84.51,461
6924,furniture-6924,furniture,85.88,468
6925,stationery-6925,stationery,87.25,475
6926,peripherals-6926,peripherals,88.62,482
6927,storage-6927,storage,89.99,489
6928,lighting-6928,lighting,91.36,496
6929,breakroom-6929,breakroom,92.73,3
6930,furniture-6930,furniture,94.10,10
6931,stationery-6931,stationery,95.47,17
6932,peripherals-6932,peripherals,96.84,24
6933,storage-6933,storage,98.21,31
6934,lighting-6934,lighting,99.58,38
6935,breakroom-6935,breakroom,0.95,45
6936,furniture-6936,furniture,2.32,52
6937,stationery-6937,stationery,3.69,59
6938,peripherals-6938,peripherals,5.06,66
6939,storage-6939,storage,6.43,73
6940,lighting-6940,lighting,7.80,80
6941,breakroom-6941,breakroom,9.17,87
6942,furniture-6942,furniture,10.54,94
6943,stationery-6943,stationery,11.91,101
6944,peripherals-6944,peripherals,13.28,108
6945,storage-6945,storage,14.65,115
6946,lighting-6946,lighting,16.02,122
6947,breakroom-6947,breakroom,17.39,129
6948,furniture-6948,furniture,18.76,136
6949,stationery-6949,stationery,20.13,143
6950,peripherals-6950,peripherals,21.50,150
6951,storage-6951,storage,22.87,157
6952,lighting-6952,lighting,24.24,164
6953,breakroom-6953,breakroom,25.61,171
6954,furniture-6954,furniture,26.98,178
6955,stationery-6955,stationery,28.35,185
6956,peripherals-6956,peripherals,29.72,192
6957,storage-6957,storage,31.09,199
6958,lighting-6958,lighting,32.46,206
6959,breakroom-6959,breakroom,33.83,213
6960,furniture-6960,furniture,35.20,220
6961,stationery-6961,stationery,36.57,227
6962,peripherals-6962,peripherals,37.94,234
6963,storage-6963,storage,39.31,241
6964,lighting-6964,lighting,40.68,248
6965,breakroom-6965,breakroom,42.05,255
6966,furniture-6966,furniture,43.42,262
6967,stationery-6967,stationery,44.79,269
6968,peripherals-6968,peripherals,46.16,276
6969,storage-6969,storage,47.53,283
6970,lighting-6970,lighting,48.90,290
6971,breakroom-6971,breakroom,50.27,297
6972,furniture-6972,furniture,51.64,304
6973,stationery-6973,stationery,53.01,311
6974,peripherals-6974,peripherals,54.38,318
6975,storage-6975,storage,55.75,325
6976,lighting-6976,lighting,57.12,332
6977,breakroom-6977,breakroom,58.49,339
6978,furniture-6978,furniture,59.86,346
6979,stationery-6979,stationery,61.23,353
6980,peripherals-6980,peripherals,62.60,360
6981,storage-6981,storage,63.97,367
6982,lighting-6982,lighting,65.34,374
6983,breakroom-6983,breakroom,66.71,381
6984,furniture-6984,furniture,68.08,388
6985,stationery-6985,stationery,69.45,395
6986,peripherals-6986,peripherals,70.82,402
6987,storage-6987,storage,72.19,409
6988,lighting-6988,lighting,73.56,416
6989,breakroom-6989,breakroom,74.93,423
6990,furniture-6990,furniture,76.30,430
6991,stationery-6991,stationery,77.67,437
6992,peripherals-6992,peripherals,79.04,444
6993,storage-6993,storage,80.41,451
6994,lighting-6994,lighting,81.78,458
6995,breakroom-6995,breakroom,83.15,465
6996,furniture-6996,furniture,84.52,472
6997,stationery-6997,stationery,85.89,479
6998,peripherals-6998,peripherals,87.26,486
6999,storage-6999,storage,88.63,493
7000,lighting-7000,lighting,90.00,0
7001,breakroom-7001,breakroom,91.37,7
7002,furniture-7002,furniture,92.74,14
7003,stationery-7003,stationery,94.11,21
7004,peripherals-7004,peripherals,95.48,28
7005,storage-7005,storage,96.85,35
7006,lighting-7006,lighting,98.22,42
7007,breakroom-7007,breakroom,99.59,49
7008,furniture-7008,furniture,0.96,56
7009,stationery-7009,stationery,2.33,63
7010,peripherals-7010,peripherals,3.70,70
7011,storage-7011,storage,5.07,77
7012,lighting-7012,lighting,6.44,84
7013,breakroom-7013,breakroom,7.81,91
7014,furniture-7014,furniture,9.18,98
7015,stationery-7015,stationery,10.55,105
7016,peripherals-7016,peripherals,11.92,112
7017,storage-7017,storage,13.29,119
7018,lighting-7018,lighting,14.66,126
7019,breakroom-7019,breakroom,16.03,133
7020,furniture-7020,furniture,17.40,140
7021,stationery-7021,stationery,18.77,147
7022,peripherals-7022,peripherals,20.14,154
7023,storage-7023,storage,21.51,161
7024,lighting-7024,lighting,22.88,168
7025,breakroom-7025,breakroom,24.25,175
7026,furniture-7026,furniture,25.62,182
7027,stationery-7027,stationery,26.99,189
7028,peripherals-7028,peripherals,28.36,196
7029,storage-7029,storage,29.73,203
7030,lighting-7030,lighting,31.10,210
7031,breakroom-7031,breakroom,32.47,217
7032,furniture-7032,furniture,33.84,224
7033,stationery-7033,stationery,35.21,231
7034,peripherals-7034,peripherals,36.58,238
7035,storage-7035,storage,37.95,245
7036,lighting-7036,lighting,39.32,252
7037,breakroom-7037,breakroom,40.69,259
7038,furniture-7038,furniture,42.06,266
7039,stationery-7039,stationery,43.43,273
7040,peripherals-7040,peripherals,44.80,280
7041,storage-7041,storage,46.17,287
7042,lighting-7042,lighting,47.54,294
7043,breakroom-7043,breakroom,48.91,301
7044,furniture-7044,furniture,50.28,308
7045,stationery-7045,stationery,51.65,315
7046,peripherals-7046,peripherals,53.02,322
7047,storage-7047,storage,54.39,329
7048,lighting-7048,lighting,55.76,336
7049,breakroom-7049,breakroom,57.13,343
7050,furniture-7050,furniture,58.50,350
7051,stationery-7051,stationery,59.87,357
7052,peripherals-7052,peripherals,61.24,364
7053,storage-7053,storage,62.61,371
7054,lighting-7054,lighting,63.98,378
7055,breakroom-7055,breakroom,65.35,385
7056,furniture-7056,furniture,66.72,392
7057,stationery-7057,stationery,68.09,399
7058,peripherals-7058,peripherals,69.46,406
7059,storage-7059,storage,70.83,413
7060,lighting-7060,lighting,72.20,420
7061,breakroom-7061,breakroom,73.57,427
7062,furniture-7062,furniture,74.94,434
7063,stationery-7063,stationery,76.31,441
7064,peripherals-7064,peripherals,77.68,448
7065,storage-7065,storage,79.05,455
7066,lighting-7066,lighting,80.42,462
7067,breakroom-7067,breakroom,81.79,469
7068,furniture-7068,furniture,83.16,476
7069,stationery-7069,stationery,84.53,483
7070,peripherals-7070,peripherals,85.90,490
7071,storage-7071,storage,87.27,497
7072,lighting-7072,lighting,88.64,4
7073,breakroom-7073,breakroom,90.01,11
7074,furniture-7074,furniture,91.38,18
7075,stationery-7075,stationery,92.75,25
7076,peripherals-7076,peripherals,94.12,32
7077,storage-7077,storage,95.49,39
7078,lighting-7078,lighting,96.86,46
7079,breakroom-7079,breakroom,98.23,53
7080,furniture-7080,furniture,99.60,60
7081,stationery-7081,stationery,0.97,67
7082,peripherals-7082,peripherals,2.34,74
7083,storage-7083,storage,3.71,81
7084,lighting-7084,lighting,5.08,88
7085,breakroom-7085,breakroom,6.45,95
7086,furniture-7086,furniture,7.82,102
7087,stationery-7087,stationery,9.19,109
7088,peripherals-7088,peripherals,10.56,116
7089,storage-7089,storage,11.93,123
7090,lighting-7090,lighting,13.30,130
7091,breakroom-7091,breakroom,14.67,137
7092,furniture-7092,furniture,16.04,144
7093,stationery-7093,stationery,17.41,151
7094,peripherals-7094,peripherals,18.78,158
7095,storage-7095,storage,20.15,165
7096,lighting-7096,lighting,21.52,172
7097,breakroom-7097,breakroom,22.89,179
7098,furniture-7098,furniture,24.26,186
7099,stationery-7099,stationery,25.63,193
7100,peripherals-7100,peripherals,27.00,200
7101,storage-7101,storage,28.37,207
7102,lighting-7102,lighting,29.74,214
7103,breakroom-7103,breakroom,31.11,221
7104,furniture-7104,furniture,32.48,228
7105,stationery-7105,stationery,33.85,235
7106,peripherals-7106,peripherals,35.22,242
7107,storage-7107,storage,36.59,249
7108,lighting-7108,lighting,37.96,256
7109,breakroom-7109,breakroom,39.33,263
7110,furniture-7110,furniture,40.70,270
7111,stationery-7111,stationery,42.07,277
7112,peripherals-7112,peripherals,43.44,284
7113,storage-7113,storage,44.81,291
7114,lighting-7114,lighting,46.18,298
7115,breakroom-7115,breakroom,47.55,305
7116,furniture-7116,furniture,48.92,312
7117,stationery-7117,stationery,50.29,319
7118,peripherals-7118,peripherals,51.66,326
7119,storage-7119,storage,53.03,333
7120,lighting-7120,lighting,54.40,340
7121,breakroom-7121,breakroom,55.77,347
7122,furniture-7122,furniture,57.14,354
7123,stationery-7123,stationery,58.51,361
7124,peripherals-7124,peripherals,59.88,368
7125,storage-7125,storage,61.25,375
7126,lighting-7126,lighting,62.62,382
7127,breakroom-7127,breakroom,63.99,389
7128,furniture-7128,furniture,65.36,396
7129,stationery-7129,stationery,66.73,403
7130,peripherals-7130,peripherals,68.10,410
7131,storage-7131,storage,69.47,417
7132,lighting-7132,lighting,70.84,424
7133,breakroom-7133,breakroom,72.21,431
7134,furniture-7134,furniture,73.58,438
7135,stationery-7135,stationery,74.95,445
7136,peripherals-7136,peripherals,76.32,452
7137,storage-7137,storage,77.69,459
7138,lighting-7138,lighting,79.06,466
7139,breakroom-7139,breakroom,80.43,473
7140,furniture-7140,furniture,81.80,480
7141,stationery-7141,stationery,83.17,487
7142,peripherals-7142,peripherals,84.54,494
7143,storage-7143,storage,85.91,1
7144,lighting-7144,lighting,87.28,8
7145,breakroom-7145,breakroom,88.65,15
7146,furniture-7146,furniture,90.02,22
7147,stationery-7147,stationery,91.39,29
7148,peripherals-7148,peripherals,92.76,36
7149,storage-7149,storage,94.13,43
7150,lighting-7150,lighting,95.50,50
7151,breakroom-7151,breakroom,96.87,57
7152,furniture-7152,furniture,98.24,64
7153,stationery-7153,stationery,99.61,71
7154,peripherals-7154,peripherals,0.98,78
7155,storage-7155,storage,2.35,85
7156,lighting-7156,lighting,3.72,92
7157,breakroom-7157,breakroom,5.09,99
7158,furniture-7158,furniture,6.46,106
7159,stationery-7159,stationery,7.83,113
7160,peripherals-7160,peripherals,9.20,120
7161,storage-7161,storage,10.57,127
7162,lighting-7162,lighting,11.94,134
7163,breakroom-7163,breakroom,13.31,141
7164,furniture-7164,furniture,14.68,148
7165,stationery-7165,stationery,16.05,155
7166,peripherals-7166,peripherals,17.42,162
7167,storage-7167,storage,18.79,169
7168,lighting-7168,lighting,20.16,176
7169,breakroom-7169,breakroom,21.53,183
7170,furniture-7170,furniture,22.90,190
7171,stationery-7171,stationery,24.27,197
7172,peripherals-7172,peripherals,25.64,204
7173,storage-7173,storage,27.01,211
7174,lighting-7174,lighting,28.38,218
7175,breakroom-7175,breakroom,29.75,225
7176,furniture-7176,furniture,31.12,232
7177,stationery-7177,stationery,32.49,239
7178,peripherals-7178,peripherals,33.86,246
7179,storage-7179,storage,35.23,253
7180,lighting-7180,lighting,36.60,260
7181,breakroom-7181,breakroom,37.97,267
7182,furniture-7182,furniture,39.34,274
7183,stationery-7183,stationery,40.71,281
7184,peripherals-7184,peripherals,42.08,288
7185,storage-7185,storage,43.45,295
7186,lighting-7186,lighting,44.82,302
7187,breakroom-7187,breakroom,46.19,309
7188,furniture-7188,furniture,47.56,316
7189,stationery-7189,stationery,48.93,323
7190,peripherals-7190,peripherals,50.30,330
7191,storage-7191,storage,51.67,337
7192,lighting-7192,lighting,53.04,344
7193,breakroom-7193,breakroom,54.41,351
7194,furniture-7194,furniture,55.78,358
7195,stationery-7195,stationery,57.15,365
7196,peripherals-7196,peripherals,58.52,372
7197,storage-7197,storage,59.89,379
7198,lighting-7198,lighting,61.26,386
7199,breakroom-7199,breakroom,62.63,393
7200,furniture-7200,furniture,64.00,400
7201,stationery-7201,stationery,65.37,407
7202,peripherals-7202,peripherals,66.74,414
7203,storage-7203,storage,68.11,421
7204,lighting-7204,lighting,69.48,428
7205,breakroom-7205,breakroom,70.85,435
7206,furniture-7206,furniture,72.22,442
7207,stationery-7207,stationery,73.59,449
7208,peripherals-7208,peripherals,74.96,456
7209,storage-7209,storage,76.33,463
7210,lighting-7210,lighting,77.70,470
7211,breakroom-7211,breakroom,79.07,477
7212,furniture-7212,furniture,80.44,484
7213,stationery-7213,stationery,81.81,491
7214,peripherals-7214,peripherals,83.18,498
7215,storage-7215,storage,84.55,5
7216,lighting-7216,lighting,85.92,12
7217,breakroom-7217,breakroom,87.29,19
7218,furniture-7218,furniture,88.66,26
7219,stationery-7219,stationery,90.03,33
7220,peripherals-7220,peripherals,91.40,40
7221,storage-7221,storage,92.77,47
7222,lighting-7222,lighting,94.14,54
7223,breakroom-7223,breakroom,95.51,61
7224,furniture-7224,furniture,96.88,68
7225,stationery-7225,stationery,98.25,75
7226,peripherals-7226,peripherals,99.62,82
7227,storage-7227,storage,0.99,89
7228,lighting-7228,lighting,2.36,96
7229,breakroom-7229,breakroom,3.73,103
7230,furniture-7230,furniture,5.10,110
7231,stationery-7231,stationery,6.47,117
7232,peripherals-7232,peripherals,7.84,124
7233,storage-7233,storage,9.21,131
7234,lighting-7234,lighting,10.58,138
7235,breakroom-7235,breakroom,11.95,145
7236,furniture-7236,furniture,13.32,152
7237,stationery-7237,stationery,14.69,159
7238,peripherals-7238,peripherals,16.06,166
7239,storage-7239,storage,17.43,173
7240,lighting-7240,lighting,18.80,180
7241,breakroom-7241,breakroom,20.17,187
7242,furniture-7242,furniture,21.54,194
7243,stationery-7243,stationery,22.91,201
7244,peripherals-7244,peripherals,24.28,208
7245,storage-7245,storage,25.65,215
7246,lighting-7246,lighting,27.02,222
7247,breakroom-7247,breakroom,28.39,229
7248,furniture-7248,furniture,29.76,236
7249,stationery-7249,stationery,31.13,243
7250,peripherals-7250,peripherals,32.50,250
7251,storage-7251,storage,33.87,257
7252,lighting-7252,lighting,35.24,264
7253,breakroom-7253,breakroom,36.61,271
7254,furniture-7254,furniture,37.98,278
7255,stationery-7255,stationery,39.35,285
7256,peripherals-7256,peripherals,40.72,292
7257,storage-7257,storage,42.09,299
7258,lighting-7258,lighting,43.46,306
7259,breakroom-7259,breakroom,44.83,313
7260,furniture-7260,furniture,46.20,320
7261,stationery-7261,stationery,47.57,327
7262,peripherals-7262,peripherals,48.94,334
7263,storage-7263,storage,50.31,341
7264,lighting-7264,lighting,51.68,348
7265,breakroom-7265,breakroom,53.05,355
7266,furniture-7266,furniture,54.42,362
7267,stationery-7267,stationery,55.79,369
7268,peripherals-7268,peripherals,57.16,376
7269,storage-7269,storage,58.53,383
7270,lighting-7270,lighting,59.90,390
7271,breakroom-7271,breakroom,61.27,397
7272,furniture-7272,furniture,62.64,404
7273,stationery-7273,stationery,64.01,411
7274,peripherals-7274,peripherals,65.38,418
7275,storage-7275,storage,66.75,425
7276,lighting-7276,lighting,68.12,432
7277,breakroom-7277,breakroom,69.49,439
7278,furniture-7278,furniture,70.86,446
7279,stationery-7279,stationery,72.23,453
7280,peripherals-7280,peripherals,73.60,460
7281,storage-7281,storage,74.97,467
7282,lighting-7282,lighting,76.34,474
7283,breakroom-7283,breakroom,77.71,481
7284,furniture-7284,furniture,79.08,488
7285,stationery-7285,stationery,80.45,495
7286,peripherals-7286,peripherals,81.82,2
7287,storage-7287,storage,83.19,9
7288,lighting-7288,lighting,84.56,16
7289,breakroom-7289,breakroom,85.93,23
7290,furniture-7290,furniture,87.30,30
7291,stationery-7291,stationery,88.67,37
7292,peripherals-7292,peripherals,90.04,44
7293,storage-7293,storage,91.41,51
7294,lighting-7294,lighting,92.78,58
7295,breakroom-7295,breakroom,94.15,65
7296,furniture-7296,furniture,95.52,72
7297,stationery-7297,stationery,96.89,79
7298,peripherals-7298,peripherals,98.26,86
7299,storage-7299,storage,99.63,93
7300,lighting-7300,lighting,1.00,100
7301,breakroom-7301,breakroom,2.37,107
7302,furniture-7302,furniture,3.74,114
7303,stationery-7303,stationery,5.11,121
7304,peripherals-7304,peripherals,6.48,128
7305,storage-7305,storage,7.85,135
7306,lighting-7306,lighting,9.22,142
7307,breakroom-7307,breakroom,10.59,149
7308,furniture-7308,furniture,11.96,156
7309,stationery-7309,stationery,13.33,163
7310,peripherals-7310,peripherals,14.70,170
7311,storage-7311,storage,16.07,177
7312,lighting-7312,lighting,17.44,184
7313,breakroom-7313,breakroom,18.81,191
7314,furniture-7314,furniture,20.18,198
7315,stationery-7315,stationery,21.55,205
7316,peripherals-7316,peripherals,22.92,212
7317,storage-7317,storage,24.29,219
7318,lighting-7318,lighting,25.66,226
7319,breakroom-7319,breakroom,27.03,233
7320,furniture-7320,furniture,28.40,240
7321,stationery-7321,stationery,29.77,247
7322,peripherals-7322,peripherals,31.14,254
7323,storage-7323,storage,32.51,261
7324,lighting-7324,lighting,33.88,268
7325,breakroom-7325,breakroom,35.25,275
7326,furniture-7326,furniture,36.62,282
7327,stationery-7327,stationery,37.99,289
7328,peripherals-7328,peripherals,39.36,296
7329,storage-7329,storage,40.73,303
7330,lighting-7330,lighting,42.10,310
7331,breakroom-7331,breakroom,43.47,317
7332,furniture-7332,furniture,44.84,324
7333,stationery-7333,stationery,46.21,331
7334,peripherals-7334,peripherals,47.58,338
7335,storage-7335,storage,48.95,345
7336,lighting-7336,lighting,50.32,352
7337,breakroom-7337,breakroom,51.69,359
7338,furniture-7338,furniture,53.06,366
7339,stationery-7339,stationery,54.43,373
7340,peripherals-7340,peripherals,55.80,380
7341,storage-7341,storage,57.17,387
7342,lighting-7342,lighting,58.54,394
7343,breakroom-7343,breakroom,59.91,401
7344,furniture-7344,furniture,61.28,408
7345,stationery-7345,stationery,62.65,415
7346,peripherals-7346,peripherals,64.02,422
7347,storage-7347,storage,65.39,429
7348,lighting-7348,lighting,66.76,436
7349,breakroom-7349,breakroom,68.13,443
7350,furniture-7350,furniture,69.50,450
7351,stationery-7351,stationery,70.87,457
7352,peripherals-7352,peripherals,72.24,464
7353,storage-7353,storage,73.61,471
7354,lighting-7354,lighting,74.98,478
7355,breakroom-7355,breakroom,76.35,485
7356,furniture-7356,furniture,77.72,492
7357,stationery-7357,stationery,79.09,499
7358,peripherals-7358,peripherals,80.46,6
7359,storage-7359,storage,81.83,13
7360,lighting-7360,lighting,83.20,20
7361,breakroom-7361,breakroom,84.57,27
7362,furniture-7362,furniture,85.94,34
7363,stationery-7363,stationery,87.31,41
7364,peripherals-7364,peripherals,88.68,48
7365,storage-7365,storage,90.05,55
7366,lighting-7366,lighting,91.42,62
7367,breakroom-7367,breakroom,92.79,69
7368,furniture-7368,furniture,94.16,76
7369,stationery-7369,stationery,95.53,83
7370,peripherals-7370,peripherals,96.90,90
7371,storage-7371,storage,98.27,97
7372,lighting-7372,lighting,99.64,104
7373,breakroom-7373,breakroom,1.01,111
7374,furniture-7374,furniture,2.38,118
7375,stationery-7375,stationery,3.75,125
7376,peripherals-7376,peripherals,5.12,132
7377,storage-7377,storage,6.49,139
7378,lighting-7378,lighting,7.86,146
7379,breakroom-7379,breakroom,9.23,153
7380,furniture-7380,furniture,10.60,160
7381,stationery-7381,stationery,11.97,167
7382,peripherals-7382,peripherals,13.34,174
7383,storage-7383,storage,14.71,181
7384,lighting-7384,lighting,16.08,188
7385,breakroom-7385,breakroom,17.45,195
7386,furniture-7386,furniture,18.82,202
7387,stationery-7387,stationery,20.19,209
7388,peripherals-7388,peripherals,21.56,216
7389,storage-7389,storage,22.93,223
7390,lighting-7390,lighting,24.30,230
7391,breakroom-7391,breakroom,25.67,237
7392,furniture-7392,furniture,27.04,244
7393,stationery-7393,stationery,28.41,251
7394,peripherals-7394,peripherals,29.78,258
7395,storage-7395,storage,31.15,265
7396,lighting-7396,lighting,32.52,272
7397,breakroom-7397,breakroom,33.89,279
7398,furniture-7398,furniture,35.26,286
7399,stationery-7399,stationery,36.63,293
7400,peripherals-7400,peripherals,38.00,300
7401,storage-7401,storage,39.37,307
7402,lighting-7402,lighting,40.74,314
7403,breakroom-7403,breakroom,42.11,321
7404,furniture-7404,furniture,43.48,328
7405,stationery-7405,stationery,44.85,335
7406,peripherals-7406,peripherals,46.22,342
7407,storage-7407,storage,47.59,349
7408,lighting-7408,lighting,48.96,356
7409,breakroom-7409,breakroom,50.33,363
7410,furniture-7410,furniture,51.70,370
7411,stationery-7411,stationery,53.07,377
7412,peripherals-7412,peripherals,54.44,384
7413,storage-7413,storage,55.81,391
7414,lighting-7414,lighting,57.18,398
7415,breakroom-7415,breakroom,58.55,405
7416,furniture-7416,furniture,59.92,412
7417,stationery-7417,stationery,61.29,419
7418,peripherals-7418,peripherals,62.66,426
7419,storage-7419,storage,64.03,433
7420,lighting-7420,lighting,65.40,440
7421,breakroom-7421,breakroom,66.77,447
7422,furniture-7422,furniture,68.14,454
7423,stationery-7423,stationery,69.51,461
7424,peripherals-7424,peripherals,70.88,468
7425,storage-7425,storage,72.25,475
7426,lighting-7426,lighting,73.62,482
7427,breakroom-7427,breakroom,74.99,489
7428,furniture-7428,furniture,76.36,496
7429,stationery-7429,stationery,77.73,3
7430,peripherals-7430,peripherals,79.10,10
7431,storage-7431,storage,80.47,17
7432,lighting-7432,lighting,81.84,24
7433,breakroom-7433,breakroom,83.21,31
7434,furniture-7434,furniture,84.58,38
7435,stationery-7435,stationery,85.95,45
7436,peripherals-7436,peripherals,87.32,52
7437,storage-7437,storage,88.69,59
7438,lighting-7438,lighting,90.06,66
7439,breakroom-7439,breakroom,91.43,73
7440,furniture-7440,furniture,92.80,80
7441,stationery-7441,stationery,94.17,87
7442,peripherals-7442,peripherals,95.54,94
7443,storage-7443,storage,96.91,101
7444,lighting-7444,lighting,98.28,108
7445,breakroom-7445,breakroom,99.65,115
7446,furniture-7446,furniture,1.02,122
7447,stationery-7447,stationery,2.39,129
7448,peripherals-7448,peripherals,3.76,136
7449,storage-7449,storage,5.13,143
7450,lighting-7450,lighting,6.50,150
7451,breakroom-7451,breakroom,7.87,157
7452,furniture-7452,furniture,9.24,164
7453,stationery-7453,stationery,10.61,171
7454,peripherals-7454,peripherals,11.98,178
7455,storage-7455,storage,13.35,185
7456,lighting-7456,lighting,14.72,192
7457,breakroom-7457,breakroom,16.09,199
7458,furniture-7458,furniture,17.46,206
7459,stationery-7459,stationery,18.83,213
7460,peripherals-7460,peripherals,20.20,220
7461,storage-7461,storage,21.57,227
7462,lighting-7462,lighting,22.94,234
7463,breakroom-7463,breakroom,24.31,241
7464,furniture-7464,furniture,25.68,248
7465,stationery-7465,stationery,27.05,255
7466,peripherals-7466,peripherals,28.42,262
7467,storage-7467,storage,29.79,269
7468,lighting-7468,lighting,31.16,276
7469,breakroom-7469,breakroom,32.53,283
7470,furniture-7470,furniture,33.90,290
7471,stationery-7471,stationery,35.27,297
7472,peripherals-7472,peripherals,36.64,304
7473,storage-7473,storage,38.01,311
7474,lighting-7474,lighting,39.38,318
7475,breakroom-7475,breakroom,40.75,325
7476,furniture-7476,furniture,42.12,332
7477,stationery-7477,stationery,43.49,339
7478,peripherals-7478,peripherals,44.86,346
7479,storage-7479,storage,46.23,353
7480,lighting-7480,lighting,47.60,360
7481,breakroom-7481,breakroom,48.97,367
7482,furniture-7482,furniture,50.34,374
7483,stationery-7483,stationery,51.71,381
7484,peripherals-7484,peripherals,53.08,388
7485,storage-7485,storage,54.45,395
7486,lighting-7486,lighting,55.82,402
7487,breakroom-7487,breakroom,57.19,409
7488,furniture-7488,furniture,58.56,416
7489,stationery-7489,stationery,59.93,423
7490,peripherals-7490,peripherals,61.30,430
7491,storage-7491,storage,62.67,437
7492,lighting-7492,lighting,64.04,444
7493,breakroom-7493,breakroom,65.41,451
7494,furniture-7494,furniture,66.78,458
7495,stationery-7495,stationery,68.15,465
7496,peripherals-7496,peripherals,69.52,472
7497,storage-7497,storage,70.89,479
7498,lighting-7498,lighting,72.26,486
7499,breakroom-7499,breakroom,73.63,493
7500,furniture-7500,furniture,75.00,0
7501,stationery-7501,stationery,76.37,7
7502,peripherals-7502,peripherals,77.74,14
7503,storage-7503,storage,79.11,21
7504,lighting-7504,lighting,80.48,28
7505,breakroom-7505,breakroom,81.85,35
7506,furniture-7506,furniture,83.22,42
7507,stationery-7507,stationery,84.59,49
7508,peripherals-7508,peripherals,85.96,56
7509,storage-7509,storage,87.33,63
7510,lighting-7510,lighting,88.70,70
7511,breakroom-7511,breakroom,90.07,77
7512,furniture-7512,furniture,91.44,84
7513,stationery-7513,stationery,92.81,91
7514,peripherals-7514,peripherals,94.18,98
7515,storage-7515,storage,95.55,105
7516,lighting-7516,lighting,96.92,112
7517,breakroom-7517,breakroom,98.29,119
7518,furniture-7518,furniture,99.66,126
7519,stationery-7519,stationery,1.03,133
7520,peripherals-7520,peripherals,2.40,140
7521,storage-7521,storage,3.77,147
7522,lighting-7522,lighting,5.14,154
7523,breakroom-7523,breakroom,6.51,161
7524,furniture-7524,furniture,7.88,168
7525,stationery-7525,stationery,9.25,175
7526,peripherals-7526,peripherals,10.62,182
7527,storage-7527,storage,11.99,189
7528,lighting-7528,lighting,13.36,196
7529,breakroom-7529,breakroom,14.73,203
7530,furniture-7530,furniture,16.10,210
7531,stationery-7531,stationery,17.47,217
7532,peripherals-7532,peripherals,18.84,224
7533,storage-7533,storage,20.21,231
7534,lighting-7534,lighting,21.58,238
7535,breakroom-7535,breakroom,22.95,245
7536,furniture-7536,furniture,24.32,252
7537,stationery-7537,stationery,25.69,259
7538,peripherals-7538,peripherals,27.06,266
7539,storage-7539,storage,28.43,273
7540,lighting-7540,lighting,29.80,280
7541,breakroom-7541,breakroom,31.17,287
7542,furniture-7542,furniture,32.54,294
7543,stationery-7543,stationery,33.91,301
7544,peripherals-7544,peripherals,35.28,308
7545,storage-7545,storage,36.65,315
7546,lighting-7546,lighting,38.02,322
7547,breakroom-7547,breakroom,39.39,329
7548,furniture-7548,furniture,40.76,336
7549,stationery-7549,stationery,42.13,343
7550,peripherals-7550,peripherals,43.50,350
7551,storage-7551,storage,44.87,357
7552,lighting-7552,lighting,46.24,364
7553,breakroom-7553,breakroom,47.61,371
7554,furniture-7554,furniture,48.98,378
7555,stationery-7555,stationery,50.35,385
7556,peripherals-7556,peripherals,51.72,392
7557,storage-7557,storage,53.09,399
7558,lighting-7558,lighting,54.46,406
7559,breakroom-7559,breakroom,55.83,413
7560,furniture-7560,furniture,57.20,420
7561,stationery-7561,stationery,58.57,427
7562,peripherals-7562,peripherals,59.94,434
7563,storage-7563,storage,61.31,441
7564,lighting-7564,lighting,62.68,448
7565,breakroom-7565,breakroom,64.05,455
7566,furniture-7566,furniture,65.42,462
7567,stationery-7567,stationery,66.79,469
7568,peripherals-7568,peripherals,68.16,476
7569,storage-7569,storage,69.53,483
7570,lighting-7570,lighting,70.90,490
7571,breakroom-7571,breakroom,72.27,497
7572,furniture-7572,furniture,73.64,4
7573,stationery-7573,stationery,75.01,11
7574,peripherals-7574,peripherals,76.38,18
7575,storage-7575,storage,77.75,25
7576,lighting-7576,lighting,79.12,32
7577,breakroom-7577,breakroom,80.49,39
7578,furniture-7578,furniture,81.86,46
7579,stationery-7579,stationery,83.23,53
7580,peripherals-7580,peripherals,84.60,60
7581,storage-7581,storage,85.97,67
7582,lighting-7582,lighting,87.34,74
7583,breakroom-7583,breakroom,88.71,81
7584,furniture-7584,furniture,90.08,88
7585,stationery-7585,stationery,91.45,95
7586,peripherals-7586,peripherals,92.82,102
7587,storage-7587,storage,94.19,109
7588,lighting-7588,lighting,95.56,116
7589,breakroom-7589,breakroom,96.93,123
7590,furniture-7590,furniture,98.30,130
7591,stationery-7591,stationery,99.67,137
7592,peripherals-7592,peripherals,1.04,144
7593,storage-7593,storage,2.41,151
7594,lighting-7594,lighting,3.78,158
7595,breakroom-7595,breakroom,5.15,165
7596,furniture-7596,furniture,6.52,172
7597,stationery-7597,stationery,7.89,179
7598,peripherals-7598,peripherals,9.26,186
7599,storage-7599,storage,10.63,193
7600,lighting-7600,lighting,12.00,200
7601,breakroom-7601,breakroom,13.37,207
7602,furniture-7602,furniture,14.74,214
7603,stationery-7603,stationery,16.11,221
7604,peripherals-7604,peripherals,17.48,228
7605,storage-7605,storage,18.85,235
7606,lighting-7606,lighting,20.22,242
7607,breakroom-7607,breakroom,21.59,249
7608,furniture-7608,furniture,22.96,256
7609,stationery-7609,stationery,24.33,263
7610,peripherals-7610,peripherals,25.70,270
7611,storage-7611,storage,27.07,277
7612,lighting-7612,lighting,28.44,284
7613,breakroom-7613,breakroom,29.81,291
7614,furniture-7614,furniture,31.18,298
7615,stationery-7615,stationery,32.55,305
7616,peripherals-7616,peripherals,33.92,312
7617,storage-7617,storage,35.29,319
7618,lighting-7618,lighting,36.66,326
7619,breakroom-7619,breakroom,38.03,333
7620,furniture-7620,furniture,39.40,340
7621,stationery-7621,stationery,40.77,347
7622,peripherals-7622,peripherals,42.14,354
7623,storage-7623,storage,43.51,361
7624,lighting-7624,lighting,44.88,368
7625,breakroom-7625,breakroom,46.25,375
7626,furniture-7626,furniture,47.62,382
7627,stationery-7627,stationery,48.99,389
7628,peripherals-7628,peripherals,50.36,396
7629,storage-7629,storage,51.73,403
7630,lighting-7630,lighting,53.10,410
7631,breakroom-7631,breakroom,54.47,417
7632,furniture-7632,furniture,55.84,424
7633,stationery-7633,stationery,57.21,431
7634,peripherals-7634,peripherals,58.58,438
7635,storage-7635,storage,59.95,445
7636,lighting-7636,lighting,61.32,452
7637,breakroom-7637,breakroom,62.69,459
7638,furniture-7638,furniture,64.06,466
7639,stationery-7639,stationery,65.43,473
7640,peripherals-7640,peripherals,66.80,480
7641,storage-7641,storage,68.17,487
7642,lighting-7642,lighting,69.54,494
7643,breakroom-7643,breakroom,70.91,1
7644,furniture-7644,furniture,72.28,8
7645,stationery-7645,stationery,73.65,15
7646,peripherals-7646,peripherals,75.02,22
7647,storage-7647,storage,76.39,29
7648,lighting-7648,lighting,77.76,36
7649,breakroom-7649,breakroom,79.13,43
7650,furniture-7650,furniture,80.50,50
7651,stationery-7651,stationery,81.87,57
7652,peripherals-7652,peripherals,83.24,64
7653,storage-7653,storage,84.61,71
7654,lighting-7654,lighting,85.98,78
7655,breakroom-7655,breakroom,87.35,85
7656,furniture-7656,furniture,88.72,92
7657,stationery-7657,stationery,90.09,99
7658,peripherals-7658,peripherals,91.46,106
7659,storage-7659,storage,92.83,113
7660,lighting-7660,lighting,94.20,120
7661,breakroom-7661,breakroom,95.57,127
7662,furniture-7662,furniture,96.94,134
7663,stationery-7663,stationery,98.31,141
7664,peripherals-7664,peripherals,99.68,148
7665,storage-7665,storage,1.05,155
7666,lighting-7666,lighting,2.42,162
7667,breakroom-7667,breakroom,3.79,169
7668,furniture-7668,furniture,5.16,176
7669,stationery-7669,stationery,6.53,183
7670,peripherals-7670,peripherals,7.90,190
7671,storage-7671,storage,9.27,197
7672,lighting-7672,lighting,10.64,204
7673,breakroom-7673,breakroom,12.01,211
7674,furniture-7674,furniture,13.38,218
7675,stationery-7675,stationery,14.75,225
7676,peripherals-7676,peripherals,16.12,232
7677,storage-7677,storage,17.49,239
7678,lighting-7678,lighting,18.86,246
7679,breakroom-7679,breakroom,20.23,253
7680,furniture-7680,furniture,21.60,260
7681,stationery-7681,stationery,22.97,267
7682,peripherals-7682,peripherals,24.34,274
7683,storage-7683,storage,25.71,281
7684,lighting-7684,lighting,27.08,288
7685,breakroom-7685,breakroom,28.45,295
7686,furniture-7686,furniture,29.82,302
7687,stationery-7687,stationery,31.19,309
7688,peripherals-7688,peripherals,32.56,316
7689,storage-7689,storage,33.93,323
7690,lighting-7690,lighting,35.30,330
7691,breakroom-7691,breakroom,36.67,337
7692,furniture-7692,furniture,38.04,344
7693,stationery-7693,stationery,39.41,351
7694,peripherals-7694,peripherals,40.78,358
7695,storage-7695,storage,42.15,365
7696,lighting-7696,lighting,43.52,372
7697,breakroom-7697,breakroom,44.89,379
7698,furniture-7698,furniture,46.26,386
7699,stationery-7699,stationery,47.63,393
7700,peripherals-7700,peripherals,49.00,400
7701,storage-7701,storage,50.37,407
7702,lighting-7702,lighting,51.74,414
7703,breakroom-7703,breakroom,53.11,421
7704,furniture-7704,furniture,54.48,428
7705,stationery-7705,stationery,55.85,435
7706,peripherals-7706,peripherals,57.22,442
7707,storage-7707,storage,58.59,449
7708,lighting-7708,lighting,59.96,456
7709,breakroom-7709,breakroom,61.33,463
7710,furniture-7710,furniture,62.70,470
7711,stationery-7711,stationery,64.07,477
7712,peripherals-7712,peripherals,65.44,484
7713,storage-7713,storage,66.81,491
7714,lighting-7714,lighting,68.18,498
7715,breakroom-7715,breakroom,69.55,5
7716,furniture-7716,furniture,70.92,12
7717,stationery-7717,stationery,72.29,19
7718,peripherals-7718,peripherals,73.66,26
7719,storage-7719,storage,75.03,33
7720,lighting-7720,lighting,76.40,40
7721,breakroom-7721,breakroom,77.77,47
7722,furniture-7722,furniture,79.14,54
7723,stationery-7723,stationery,80.51,61
7724,peripherals-7724,peripherals,81.88,68
7725,storage-7725,storage,83.25,75
7726,lighting-7726,lighting,84.62,82
7727,breakroom-7727,breakroom,85.99,89
7728,furniture-7728,furniture,87.36,96
7729,stationery-7729,stationery,88.73,103
7730,peripherals-7730,peripherals,90.10,110
7731,storage-7731,storage,91.47,117
7732,lighting-7732,lighting,92.84,124
7733,breakroom-7733,breakroom,94.21,131
7734,furniture-7734,furniture,95.58,138
7735,stationery-7735,stationery,96.95,145
7736,peripherals-7736,peripherals,98.32,152
7737,storage-7737,storage,99.69,159
7738,lighting-7738,lighting,1.06,166
7739,breakroom-7739,breakroom,2.43,173
7740,furniture-7740,furniture,3.80,180
7741,stationery-7741,stationery,5.17,187
7742,peripherals-7742,peripherals,6.54,194
7743,storage-7743,storage,7.91,201
7744,lighting-7744,lighting,9.28,208
7745,breakroom-7745,breakroom,10.65,215
7746,furniture-7746,furniture,12.02,222
7747,stationery-7747,stationery,13.39,229
7748,peripherals-7748,peripherals,14.76,236
7749,storage-7749,storage,16.13,243
7750,lighting-7750,lighting,17.50,250
7751,breakroom-7751,breakroom,18.87,257
7752,furniture-7752,furniture,20.24,264
7753,stationery-7753,stationery,21.61,271
7754,peripherals-7754,peripherals,22.98,278
7755,storage-7755,storage,24.35,285
7756,lighting-7756,lighting,25.72,292
7757,breakroom-7757,breakroom,27.09,299
7758,furniture-7758,furniture,28.46,306
7759,stationery-7759,stationery,29.83,313
7760,peripherals-7760,peripherals,31.20,320
7761,storage-7761,storage,32.57,327
7762,lighting-7762,lighting,33.94,334
7763,breakroom-7763,breakroom,35.31,341
7764,furniture-7764,furniture,36.68,348
7765,stationery-7765,stationery,38.05,355
7766,peripherals-7766,peripherals,39.42,362
7767,storage-7767,storage,40.79,369
7768,lighting-7768,lighting,42.16,376
7769,breakroom-7769,breakroom,43.53,383
7770,furniture-7770,furniture,44.90,390
7771,stationery-7771,stationery,46.27,397
7772,peripherals-7772,peripherals,47.64,404
7773,storage-7773,storage,49.01,411
7774,lighting-7774,lighting,50.38,418
7775,breakroom-7775,breakroom,51.75,425
7776,furniture-7776,furniture,53.12,432
7777,stationery-7777,stationery,54.49,439
7778,peripherals-7778,peripherals,55.86,446
7779,storage-7779,storage,57.23,453
7780,lighting-7780,lighting,58.60,460
7781,breakroom-7781,breakroom,59.97,467
7782,furniture-7782,furniture,61.34,474
7783,stationery-7783,stationery,62.71,481
7784,peripherals-7784,peripherals,64.08,488
7785,storage-7785,storage,65.45,495
7786,lighting-7786,lighting,66.82,2
7787,breakroom-7787,breakroom,68.19,9
7788,furniture-7788,furniture,69.56,16
7789,stationery-7789,stationery,70.93,23
7790,peripherals-7790,peripherals,72.30,30
7791,storage-7791,storage,73.67,37
7792,lighting-7792,lighting,75.04,44
7793,breakroom-7793,breakroom,76.41,51
7794,furniture-7794,furniture,77.78,58
7795,stationery-7795,stationery,79.15,65
7796,peripherals-7796,peripherals,80.52,72
7797,storage-7797,storage,81.89,79
7798,lighting-7798,lighting,83.26,86
7799,breakroom-7799,breakroom,84.63,93
7800,furniture-7800,furniture,86.00,100
7801,stationery-7801,stationery,87.37,107
7802,peripherals-7802,peripherals,88.74,114
7803,storage-7803,storage,90.11,121
7804,lighting-7804,lighting,91.48,128
7805,breakroom-7805,breakroom,92.85,135
7806,furniture-7806,furniture,94.22,142
7807,stationery-7807,stationery,95.59,149
7808,peripherals-7808,peripherals,96.96,156
7809,storage-7809,storage,98.33,163
7810,lighting-7810,lighting,99.70,170
7811,breakroom-7811,breakroom,1.07,177
7812,furniture-7812,furniture,2.44,184
7813,stationery-7813,stationery,3.81,191
7814,peripherals-7814,peripherals,5.18,198
7815,storage-7815,storage,6.55,205
7816,lighting-7816,lighting,7.92,212
7817,breakroom-7817,breakroom,9.29,219
7818,furniture-7818,furniture,10.66,226
7819,stationery-7819,stationery,12.03,233
7820,peripherals-7820,peripherals,13.40,240
7821,storage-7821,storage,14.77,247
7822,lighting-7822,lighting,16.14,254
7823,breakroom-7823,breakroom,17.51,261
7824,furniture-7824,furniture,18.88,268
7825,stationery-7825,stationery,20.25,275
7826,peripherals-7826,peripherals,21.62,282
7827,storage-7827,storage,22.99,289
7828,lighting-7828,lighting,24.36,296
7829,breakroom-7829,breakroom,25.73,303
7830,furniture-7830,furniture,27.10,310
7831,stationery-7831,stationery,28.47,317
7832,peripherals-7832,peripherals,29.84,324
7833,storage-7833,storage,31.21,331
7834,lighting-7834,lighting,32.58,338
7835,breakroom-7835,breakroom,33.95,345
7836,furniture-7836,furniture,35.32,352
7837,stationery-7837,stationery,36.69,359
7838,peripherals-7838,peripherals,38.06,366
7839,storage-7839,storage,39.43,373
7840,lighting-7840,lighting,40.80,380
7841,breakroom-7841,breakroom,42.17,387
7842,furniture-7842,furniture,43.54,394
7843,stationery-7843,stationery,44.91,401
7844,peripherals-7844,peripherals,46.28,408
7845,storage-7845,storage,47.65,415
7846,lighting-7846,lighting,49.02,422
7847,breakroom-7847,breakroom,50.39,429
7848,furniture-7848,furniture,51.76,436
7849,stationery-7849,stationery,53.13,443
7850,peripherals-7850,peripherals,54.50,450
7851,storage-7851,storage,55.87,457
7852,lighting-7852,lighting,57.24,464
7853,breakroom-7853,breakroom,58.61,471
7854,furniture-7854,furniture,59.98,478
7855,stationery-7855,stationery,61.35,485
7856,peripherals-7856,peripherals,62.72,492
7857,storage-7857,storage,64.09,499
7858,lighting-7858,lighting,65.46,6
7859,breakroom-7859,breakroom,66.83,13
7860,furniture-7860,furniture,68.20,20
7861,stationery-7861,stationery,69.57,27
7862,peripherals-7862,peripherals,70.94,34
7863,storage-7863,storage,72.31,41
7864,lighting-7864,lighting,73.68,48
7865,breakroom-7865,breakroom,75.05,55
7866,furniture-7866,furniture,76.42,62
7867,stationery-7867,stationery,77.79,69
7868,peripherals-7868,peripherals,79.16,76
7869,storage-7869,storage,80.53,83
7870,lighting-7870,lighting,81.90,90
7871,breakroom-7871,breakroom,83.27,97
7872,furniture-7872,furniture,84.64,104
7873,stationery-7873,stationery,86.01,111
7874,peripherals-7874,peripherals,87.38,118
7875,storage-7875,storage,88.75,125
7876,lighting-7876,lighting,90.12,132
7877,breakroom-7877,breakroom,91.49,139
7878,furniture-7878,furniture,92.86,146
7879,stationery-7879,stationery,94.23,153
7880,peripherals-7880,peripherals,95.60,160
7881,storage-7881,storage,96.97,167
7882,lighting-7882,lighting,98.34,174
7883,breakroom-7883,breakroom,99.71,181
7884,furniture-7884,furniture,1.08,188
7885,stationery-7885,stationery,2.45,195
7886,peripherals-7886,peripherals,3.82,202
7887,storage-7887,storage,5.19,209
7888,lighting-7888,lighting,6.56,216
7889,breakroom-7889,breakroom,7.93,223
7890,furniture-7890,furniture,9.30,230
7891,stationery-7891,stationery,10.67,237
7892,peripherals-7892,peripherals,12.04,244
7893,storage-7893,storage,13.41,251
7894,lighting-7894,lighting,14.78,258
7895,breakroom-7895,breakroom,16.15,265
7896,furniture-7896,furniture,17.52,272
7897,stationery-7897,stationery,18.89,279
7898,peripherals-7898,peripherals,20.26,286
7899,storage-7899,storage,21.63,293
7900,lighting-7900,lighting,23.00,300
7901,breakroom-7901,breakroom,24.37,307
7902,furniture-7902,furniture,25.74,314
7903,stationery-7903,stationery,27.11,321
7904,peripherals-7904,peripherals,28.48,328
7905,storage-7905,storage,29.85,335
7906,lighting-7906,lighting,31.22,342
7907,breakroom-7907,breakroom,32.59,349
7908,furniture-7908,furniture,33.96,356
7909,stationery-7909,stationery,35.33,363
7910,peripherals-7910,peripherals,36.70,370
7911,storage-7911,storage,38.07,377
7912,lighting-7912,lighting,39.44,384
7913,breakroom-7913,breakroom,40.81,391
7914,furniture-7914,furniture,42.18,398
7915,stationery-7915,stationery,43.55,405
7916,peripherals-7916,peripherals,44.92,412
7917,storage-7917,storage,46.29,419
7918,lighting-7918,lighting,47.66,426
7919,breakroom-7919,breakroom,49.03,433
7920,furniture-7920,furniture,50.40,440
7921,stationery-7921,stationery,51.77,447
7922,peripherals-7922,peripherals,53.14,454
7923,storage-7923,storage,54.51,461
7924,lighting-7924,lighting,55.88,468
7925,breakroom-7925,breakroom,57.25,475
7926,furniture-7926,furniture,58.62,482
7927,stationery-7927,stationery,59.99,489
7928,peripherals-7928,peripherals,61.36,496
7929,storage-7929,storage,62.73,3
7930,lighting-7930,lighting,64.10,10
7931,breakroom-7931,breakroom,65.47,17
7932,furniture-7932,furniture,66.84,24
7933,stationery-7933,stationery,68.21,31
7934,peripherals-7934,peripherals,69.58,38
7935,storage-7935,storage,70.95,45
7936,lighting-7936,lighting,72.32,52
7937,breakroom-7937,breakroom,73.69,59
7938,furniture-7938,furniture,75.06,66
7939,stationery-7939,stationery,76.43,73
7940,peripherals-7940,peripherals,77.80,80
7941,storage-7941,storage,79.17,87
7942,lighting-7942,lighting,80.54,94
7943,breakroom-7943,breakroom,81.91,101
7944,furniture-7944,furniture,83.28,108
7945,stationery-7945,stationery,84.65,115
7946,peripherals-7946,peripherals,86.02,122
7947,storage-7947,storage,87.39,129
7948,lighting-7948,lighting,88.76,136
7949,breakroom-7949,breakroom,90.13,143
7950,furniture-7950,furniture,91.50,150
7951,stationery-7951,stationery,92.87,157
7952,peripherals-7952,peripherals,94.24,164
7953,storage-7953,storage,95.61,171
7954,lighting-7954,lighting,96.98,178
7955,breakroom-7955,breakroom,98.35,185
7956,furniture-7956,furniture,99.72,192
7957,stationery-7957,stationery,1.09,199
7958,peripherals-7958,peripherals,2.46,206
7959,storage-7959,storage,3.83,213
7960,lighting-7960,lighting,5.20,220
7961,breakroom-7961,breakroom,6.57,227
7962,furniture-7962,furniture,7.94,234
7963,stationery-7963,stationery,9.31,241
7964,peripherals-7964,peripherals,10.68,248
7965,storage-7965,storage,12.05,255
7966,lighting-7966,lighting,13.42,262
7967,breakroom-7967,breakroom,14.79,269
7968,furniture-7968,furniture,16.16,276
7969,stationery-7969,stationery,17.53,283
7970,peripherals-7970,peripherals,18.90,290
7971,storage-7971,storage,20.27,297
7972,lighting-7972,lighting,21.64,304
7973,breakroom-7973,breakroom,23.01,311
7974,furniture-7974,furniture,24.38,318
7975,stationery-7975,stationery,25.75,325
7976,peripherals-7976,peripherals,27.12,332
7977,storage-7977,storage,28.49,339
7978,lighting-7978,lighting,29.86,346
7979,breakroom-7979,breakroom,31.23,353
7980,furniture-7980,furniture,32.60,360
7981,stationery-7981,stationery,33.97,367
7982,peripherals-7982,peripherals,35.34,374
7983,storage-7983,storage,36.71,381
7984,lighting-7984,lighting,38.08,388
7985,breakroom-7985,breakroom,39.45,395
7986,furniture-7986,furniture,40.82,402
7987,stationery-7987,stationery,42.19,409
7988,peripherals-7988,peripherals,43.56,416
7989,storage-7989,storage,44.93,423
7990,lighting-7990,lighting,46.30,430
7991,breakroom-7991,breakroom,47.67,437
7992,furniture-7992,furniture,49.04,444
7993,stationery-7993,stationery,50.41,451
7994,peripherals-7994,peripherals,51.78,458
7995,storage-7995,storage,53.15,465
7996,lighting-7996,lighting,54.52,472
7997,breakroom-7997,breakroom,55.89,479
7998,furniture-7998,furniture,57.26,486
7999,stationery-7999,stationery,58.63,493
8000,peripherals-8000,peripherals,60.00,0
8001,storage-8001,storage,61.37,7
8002,lighting-8002,lighting,62.74,14
8003,breakroom-8003,breakroom,64.11,21
8004,furniture-8004,furniture,65.48,28
8005,stationery-8005,stationery,66.85,35
8006,peripherals-8006,peripherals,68.22,42
8007,storage-8007,storage,69.59,49
8008,lighting-8008,lighting,70.96,56
8009,breakroom-8009,breakroom,72.33,63
8010,furniture-8010,furniture,73.70,70
8011,stationery-8011,stationery,75.07,77
8012,peripherals-8012,peripherals,76.44,84
8013,storage-8013,storage,77.81,91
8014,lighting-8014,lighting,79.18,98
8015,breakroom-8015,breakroom,80.55,105
8016,furniture-8016,furniture,81.92,112
8017,stationery-8017,stationery,83.29,119
8018,peripherals-8018,peripherals,84.66,126
8019,storage-8019,storage,86.03,133
8020,lighting-8020,lighting,87.40,140
8021,breakroom-8021,breakroom,88.77,147
8022,furniture-8022,furniture,90.14,154
8023,stationery-8023,stationery,91.51,161
8024,peripherals-8024,peripherals,92.88,168
8025,storage-8025,storage,94.25,175
8026,lighting-8026,lighting,95.62,182
8027,breakroom-8027,breakroom,96.99,189
8028,furniture-8028,furniture,98.36,196
8029,stationery-8029,stationery,99.73,203
8030,peripherals-8030,peripherals,1.10,210
8031,storage-8031,storage,2.47,217
8032,lighting-8032,lighting,3.84,224
8033,breakroom-8033,breakroom,5.21,231
8034,furniture-8034,furniture,6.58,238
8035,stationery-8035,stationery,7.95,245
8036,peripherals-8036,peripherals,9.32,252
8037,storage-8037,storage,10.69,259
8038,lighting-8038,lighting,12.06,266
8039,breakroom-8039,breakroom,13.43,273
8040,furniture-8040,furniture,14.80,280
8041,stationery-8041,stationery,16.17,287
8042,peripherals-8042,peripherals,17.54,294
8043,storage-8043,storage,18.91,301
8044,lighting-8044,lighting,20.28,308
8045,breakroom-8045,breakroom,21.65,315
8046,furniture-8046,furniture,23.02,322
8047,stationery-8047,stationery,24.39,329
8048,peripherals-8048,peripherals,25.76,336
8049,storage-8049,storage,27.13,343
8050,lighting-8050,lighting,28.50,350
8051,breakroom-8051,breakroom,29.87,357
8052,furniture-8052,furniture,31.24,364
8053,stationery-8053,stationery,32.61,371
8054,peripherals-8054,peripherals,33.98,378
8055,storage-8055,storage,35.35,385
8056,lighting-8056,lighting,36.72,392
8057,breakroom-8057,breakroom,38.09,399
8058,furniture-8058,furniture,39.46,406
8059,stationery-8059,stationery,40.83,413
8060,peripherals-8060,peripherals,42.20,420
8061,storage-8061,storage,43.57,427
8062,lighting-8062,lighting,44.94,434
8063,breakroom-8063,breakroom,46.31,441
8064,furniture-8064,furniture,47.68,448
8065,stationery-8065,stationery,49.05,455
8066,peripherals-8066,peripherals,50.42,462
8067,storage-8067,storage,51.79,469
8068,lighting-8068,lighting,53.16,476
8069,breakroom-8069,breakroom,54.53,483
8070,furniture-8070,furniture,55.90,490
8071,stationery-8071,stationery,57.27,497
8072,peripherals-8072,peripherals,58.64,4
8073,storage-8073,storage,60.01,11
8074,lighting-8074,lighting,61.38,18
8075,breakroom-8075,breakroom,62.75,25
8076,furniture-8076,furniture,64.12,32
8077,stationery-8077,stationery,65.49,39
8078,peripherals-8078,peripherals,66.86,46
8079,storage-8079,storage,68.23,53
8080,lighting-8080,lighting,69.60,60
8081,breakroom-8081,breakroom,70.97,67
8082,furniture-8082,furniture,72.34,74
8083,stationery-8083,stationery,73.71,81
8084,peripherals-8084,peripherals,75.08,88
8085,storage-8085,storage,76.45,95
8086,lighting-8086,lighting,77.82,102
8087,breakroom-8087,breakroom,79.19,109
8088,furniture-8088,furniture,80.56,116
8089,stationery-8089,stationery,81.93,123
8090,peripherals-8090,peripherals,83.30,130
8091,storage-8091,storage,84.67,137
8092,lighting-8092,lighting,86.04,144
8093,breakroom-8093,breakroom,87.41,151
8094,furniture-8094,furniture,88.78,158
8095,stationery-8095,stationery,90.15,165
8096,peripherals-8096,peripherals,91.52,172
8097,storage-8097,storage,92.89,179
8098,lighting-8098,lighting,94.26,186
8099,breakroom-8099,breakroom,95.63,193
8100,furniture-8100,furniture,97.00,200
8101,stationery-8101,stationery,98.37,207
8102,peripherals-8102,peripherals,99.74,214
8103,storage-8103,storage,1.11,221
8104,lighting-8104,lighting,2.48,228
8105,breakroom-8105,breakroom,3.85,235
8106,furniture-8106,furniture,5.22,242
8107,stationery-8107,stationery,6.59,249
8108,peripherals-8108,peripherals,7.96,256
8109,storage-8109,storage,9.33,263
8110,lighting-8110,lighting,10.70,270
8111,breakroom-8111,breakroom,12.07,277
8112,furniture-8112,furniture,13.44,284
8113,stationery-8113,stationery,14.81,291
8114,peripherals-8114,peripherals,16.18,298
8115,storage-8115,storage,17.55,305
8116,lighting-8116,lighting,18.92,312
8117,breakroom-8117,breakroom,20.29,319
8118,furniture-8118,furniture,21.66,326
8119,stationery-8119,stationery,23.03,333
8120,peripherals-8120,peripherals,24.40,340
8121,storage-8121,storage,25.77,347
8122,lighting-8122,lighting,27.14,354
8123,breakroom-8123,breakroom,28.51,361
8124,furniture-8124,furniture,29.88,368
8125,stationery-8125,stationery,31.25,375
8126,peripherals-8126,peripherals,32.62,382
8127,storage-8127,storage,33.99,389
8128,lighting-8128,lighting,35.36,396
8129,breakroom-8129,breakroom,36.73,403
8130,furniture-8130,furniture,38.10,410
8131,stationery-8131,stationery,39.47,417
8132,peripherals-8132,peripherals,40.84,424
8133,storage-8133,storage,42.21,431
8134,lighting-8134,lighting,43.58,438
8135,breakroom-8135,breakroom,44.95,445
8136,furniture-8136,furniture,46.32,452
8137,stationery-8137,stationery,47.69,459
8138,peripherals-8138,peripherals,49.06,466
8139,storage-8139,storage,50.43,473
8140,lighting-8140,lighting,51.80,480
8141,breakroom-8141,breakroom,53.17,487
8142,furniture-8142,furniture,54.54,494
8143,stationery-8143,stationery,55.91,1
8144,peripherals-8144,peripherals,57.28,8
8145,storage-8145,storage,58.65,15
8146,lighting-8146,lighting,60.02,22
8147,breakroom-8147,breakroom,61.39,29
8148,furniture-8148,furniture,62.76,36
8149,stationery-8149,stationery,64.13,43
8150,peripherals-8150,peripherals,65.50,50
8151,storage-8151,storage,66.87,57
8152,lighting-8152,lighting,68.24,64
8153,breakroom-8153,breakroom,69.61,71
8154,furniture-8154,furniture,70.98,78
8155,stationery-8155,stationery,72.35,85
8156,peripherals-8156,peripherals,73.72,92
8157,storage-8157,storage,75.09,99
8158,lighting-8158,lighting,76.46,106
8159,breakroom-8159,breakroom,77.83,113
8160,furniture-8160,furniture,79.20,120
8161,stationery-8161,stationery,80.57,127
8162,peripherals-8162,peripherals,81.94,134
8163,storage-8163,storage,83.31,141
8164,lighting-8164,lighting,84.68,148
8165,breakroom-8165,breakroom,86.05,155
8166,furniture-8166,furniture,87.42,162
8167,stationery-8167,stationery,88.79,169
8168,peripherals-8168,peripherals,90.16,176
8169,storage-8169,storage,91.53,183
8170,lighting-8170,lighting,92.90,190
8171,breakroom-8171,breakroom,94.27,197
8172,furniture-8172,furniture,95.64,204
8173,stationery-8173,stationery,97.01,211
8174,peripherals-8174,peripherals,98.38,218
8175,storage-8175,storage,99.75,225
8176,lighting-8176,lighting,1.12,232
8177,breakroom-8177,breakroom,2.49,239
8178,furniture-8178,furniture,3.86,246
8179,stationery-8179,stationery,5.23,253
8180,peripherals-8180,peripherals,6.60,260
8181,storage-8181,storage,7.97,267
8182,lighting-8182,lighting,9.34,274
8183,breakroom-8183,breakroom,10.71,281
8184,furniture-8184,furniture,12.08,288
8185,stationery-8185,stationery,13.45,295
8186,peripherals-8186,peripherals,14.82,302
8187,storage-8187,storage,16.19,309
8188,lighting-8188,lighting,17.56,316
8189,breakroom-8189,breakroom,18.93,323
8190,furniture-8190,furniture,20.30,330
8191,stationery-8191,stationery,21.67,337
8192,peripherals-8192,peripherals,23.04,344
8193,storage-8193,storage,24.41,351
8194,lighting-8194,lighting,25.78,358
8195,breakroom-8195,breakroom,27.15,365
8196,furniture-8196,furniture,28.52,372
8197,stationery-8197,stationery,29.89,379
8198,peripherals-8198,peripherals,31.26,386
8199,storage-8199,storage,32.63,393
8200,lighting-8200,lighting,34.00,400
8201,breakroom-8201,breakroom,35.37,407
8202,furniture-8202,furniture,36.74,414
8203,stationery-8203,stationery,38.11,421
8204,peripherals-8204,peripherals,39.48,428
8205,storage-8205,storage,40.85,435
8206,lighting-8206,lighting,42.22,442
8207,breakroom-8207,breakroom,43.59,449
8208,furniture-8208,furniture,44.96,456
8209,stationery-8209,stationery,46.33,463
8210,peripherals-8210,peripherals,47.70,470
8211,storage-8211,storage,49.07,477
8212,lighting-8212,lighting,50.44,484
8213,breakroom-8213,breakroom,51.81,491
8214,furniture-8214,furniture,53.18,498
8215,stationery-8215,stationery,54.55,5
8216,peripherals-8216,peripherals,55.92,12
8217,storage-8217,storage,57.29,19
8218,lighting-8218,lighting,58.66,26
8219,breakroom-8219,breakroom,60.03,33
8220,furniture-8220,furniture,61.40,40
8221,stationery-8221,stationery,62.77,47
8222,peripherals-8222,peripherals,64.14,54
8223,storage-8223,storage,65.51,61
8224,lighting-8224,lighting,66.88,68
8225,breakroom-8225,breakroom,68.25,75
8226,furniture-8226,furniture,69.62,82
8227,stationery-8227,stationery,70.99,89
8228,peripherals-8228,peripherals,72.36,96
8229,storage-8229,storage,73.73,103
8230,lighting-8230,lighting,75.10,110
8231,breakroom-8231,breakroom,76.47,117
8232,furniture-8232,furniture,77.84,124
8233,stationery-8233,stationery,79.21,131
8234,peripherals-8234,peripherals,80.58,138
8235,storage-8235,storage,81.95,145
8236,lighting-8236,lighting,83.32,152
8237,breakroom-8237,breakroom,84.69,159
8238,furniture-8238,furniture,86.06,166
8239,stationery-8239,stationery,87.43,173
8240,peripherals-8240,peripherals,88.80,180
8241,storage-8241,storage,90.17,187
8242,lighting-8242,lighting,91.54,194
8243,breakroom-8243,breakroom,92.91,201
8244,furniture-8244,furniture,94.28,208
8245,stationery-8245,stationery,95.65,215
8246,peripherals-8246,peripherals,97.02,222
8247,storage-8247,storage,98.39,229
8248,lighting-8248,lighting,99.76,236
8249,breakroom-8249,breakroom,1.13,243
8250,furniture-8250,furniture,2.50,250
8251,stationery-8251,stationery,3.87,257
8252,peripherals-8252,peripherals,5.24,264
8253,storage-8253,storage,6.61,271
8254,lighting-8254,lighting,7.98,278
8255,breakroom-8255,breakroom,9.35,285
8256,furniture-8256,furniture,10.72,292
8257,stationery-8257,stationery,12.09,299
8258,peripherals-8258,peripherals,13.46,306
8259,storage-8259,storage,14.83,313
8260,lighting-8260,lighting,16.20,320
8261,breakroom-8261,breakroom,17.57,327
8262,furniture-8262,furniture,18.94,334
8263,stationery-8263,stationery,20.31,341
8264,peripherals-8264,peripherals,21.68,348
8265,storage-8265,storage,23.05,355
8266,lighting-8266,lighting,24.42,362
8267,breakroom-8267,breakroom,25.79,369
8268,furniture-8268,furniture,27.16,376
8269,stationery-8269,stationery,28.53,383
8270,peripherals-8270,peripherals,29.90,390
8271,storage-8271,storage,31.27,397
8272,lighting-8272,lighting,32.64,404
8273,breakroom-8273,breakroom,34.01,411
8274,furniture-8274,furniture,35.38,418
8275,stationery-8275,stationery,36.75,425
8276,peripherals-8276,peripherals,38.12,432
8277,storage-8277,storage,39.49,439
8278,lighting-8278,lighting,40.86,446
8279,breakroom-8279,breakroom,42.23,453
8280,furniture-8280,furniture,43.60,460
8281,stationery-8281,stationery,44.97,467
8282,peripherals-8282,peripherals,46.34,474
8283,storage-8283,storage,47.71,481
8284,lighting-8284,lighting,49.08,488
8285,breakroom-8285,breakroom,50.45,495
8286,furniture-8286,furniture,51.82,2
8287,stationery-8287,stationery,53.19,9
8288,peripherals-8288,peripherals,54.56,16
8289,storage-8289,storage,55.93,23
8290,lighting-8290,lighting,57.30,30
8291,breakroom-8291,breakroom,58.67,37
8292,furniture-8292,furniture,60.04,44
8293,stationery-8293,stationery,61.41,51
8294,peripherals-8294,peripherals,62.78,58
8295,storage-8295,storage,64.15,65
8296,lighting-8296,lighting,65.52,72
8297,breakroom-8297,breakroom,66.89,79
8298,furniture-8298,furniture,68.26,86
8299,stationery-8299,stationery,69.63,93
8300,peripherals-8300,peripherals,71.00,100
8301,storage-8301,storage,72.37,107
8302,lighting-8302,lighting,73.74,114
8303,breakroom-8303,breakroom,75.11,121
8304,furniture-8304,furniture,76.48,128
8305,stationery-8305,stationery,77.85,135
8306,peripherals-8306,peripherals,79.22,142
8307,storage-8307,storage,80.59,149
8308,lighting-8308,lighting,81.96,156
8309,breakroom-8309,breakroom,83.33,163
8310,furniture-8310,furniture,84.70,170
8311,stationery-8311,stationery,86.07,177
8312,peripherals-8312,peripherals,87.44,184
8313,storage-8313,storage,88.81,191
8314,lighting-8314,lighting,90.18,198
8315,breakroom-8315,breakroom,91.55,205
8316,furniture-8316,furniture,92.92,212
8317,stationery-8317,stationery,94.29,219
8318,peripherals-8318,peripherals,95.66,226
8319,storage-8319,storage,97.03,233
8320,lighting-8320,lighting,98.40,240
8321,breakroom-8321,breakroom,99.77,247
8322,furniture-8322,furniture,1.14,254
8323,stationery-8323,stationery,2.51,261
8324,peripherals-8324,peripherals,3.88,268
8325,storage-8325,storage,5.25,275
8326,lighting-8326,lighting,6.62,282
8327,breakroom-8327,breakroom,7.99,289
8328,furniture-8328,furniture,9.36,296
8329,stationery-8329,stationery,10.73,303
8330,peripherals-8330,peripherals,12.10,310
8331,storage-8331,storage,13.47,317
8332,lighting-8332,lighting,14.84,324
8333,breakroom-8333,breakroom,16.21,331
8334,furniture-8334,furniture,17.58,338
8335,stationery-8335,stationery,18.95,345
8336,peripherals-8336,peripherals,20.32,352
8337,storage-8337,storage,21.69,359
8338,lighting-8338,lighting,23.06,366
8339,breakroom-8339,breakroom,24.43,373
8340,furniture-8340,furniture,25.80,380
8341,stationery-8341,stationery,27.17,387
8342,peripherals-8342,peripherals,28.54,394
8343,storage-8343,storage,29.91,401
8344,lighting-8344,lighting,31.28,408
8345,breakroom-8345,breakroom,32.65,415
8346,furniture-8346,furniture,34.02,422
8347,stationery-8347,stationery,35.39,429
8348,peripherals-8348,peripherals,36.76,436
8349,storage-8349,storage,38.13,443
8350,lighting-8350,lighting,39.50,450
8351,breakroom-8351,breakroom,40.87,457
8352,furniture-8352,furniture,42.24,464
8353,stationery-8353,stationery,43.61,471
8354,peripherals-8354,peripherals,44.98,478
8355,storage-8355,storage,46.35,485
8356,lighting-8356,lighting,47.72,492
8357,breakroom-8357,breakroom,49.09,499
8358,furniture-8358,furniture,50.46,6
8359,stationery-8359,stationery,51.83,13
8360,peripherals-8360,peripherals,53.20,20
8361,storage-8361,storage,54.57,27
8362,lighting-8362,lighting,55.94,34
8363,breakroom-8363,breakroom,57.31,41
8364,furniture-8364,furniture,58.68,48
8365,stationery-8365,stationery,60.05,55
8366,peripherals-8366,peripherals,61.42,62
8367,storage-8367,storage,62.79,69
8368,lighting-8368,lighting,64.16,76
8369,breakroom-8369,breakroom,65.53,83
8370,furniture-8370,furniture,66.90,90
8371,stationery-8371,stationery,68.27,97
8372,peripherals-8372,peripherals,69.64,104
8373,storage-8373,storage,71.01,111
8374,lighting-8374,lighting,72.38,118
8375,breakroom-8375,breakroom,73.75,125
8376,furniture-8376,furniture,75.12,132
8377,stationery-8377,stationery,76.49,139
8378,peripherals-8378,peripherals,77.86,146
8379,storage-8379,storage,79.23,153
8380,lighting-8380,lighting,80.60,160
8381,breakroom-8381,breakroom,81.97,167
8382,furniture-8382,furniture,83.34,174
8383,stationery-8383,stationery,84.71,181
8384,peripherals-8384,peripherals,86.08,188
8385,storage-8385,storage,87.45,195
8386,lighting-8386,lighting,88.82,202
8387,breakroom-8387,breakroom,90.19,209
8388,furniture-8388,furniture,91.56,216
8389,stationery-8389,stationery,92.93,223
8390,peripherals-8390,peripherals,94.30,230
8391,storage-8391,storage,95.67,237
8392,lighting-8392,lighting,97.04,244
8393,breakroom-8393,breakroom,98.41,251
8394,furniture-8394,furniture,99.78,258
8395,stationery-8395,stationery,1.15,265
8396,peripherals-8396,peripherals,2.52,272
8397,storage-8397,storage,3.89,279
8398,lighting-8398,lighting,5.26,286
8399,breakroom-8399,breakroom,6.63,293
8400,furniture-8400,furniture,8.00,300
8401,stationery-8401,stationery,9.37,307
8402,peripherals-8402,peripherals,10.74,314
8403,storage-8403,storage,12.11,321
8404,lighting-8404,lighting,13.48,328
8405,breakroom-8405,breakroom,14.85,335
8406,furniture-8406,furniture,16.22,342
8407,stationery-8407,stationery,17.59,349
8408,peripherals-8408,peripherals,18.96,356
8409,storage-8409,storage,20.33,363
8410,lighting-8410,lighting,21.70,370
8411,breakroom-8411,breakroom,23.07,377
8412,furniture-8412,furniture,24.44,384
8413,stationery-8413,stationery,25.81,391
8414,peripherals-8414,peripherals,27.18,398
8415,storage-8415,storage,28.55,405
8416,lighting-8416,lighting,29.92,412
8417,breakroom-8417,breakroom,31.29,419
8418,furniture-8418,furniture,32.66,426
8419,stationery-8419,stationery,34.03,433
8420,peripherals-8420,peripherals,35.40,440
8421,storage-8421,storage,36.77,447
8422,lighting-8422,lighting,38.14,454
8423,breakroom-8423,breakroom,39.51,461
8424,furniture-8424,furniture,40.88,468
8425,stationery-8425,stationery,42.25,475
8426,peripherals-8426,peripherals,43.62,482
8427,storage-8427,storage,44.99,489
8428,lighting-8428,lighting,46.36,496
8429,breakroom-8429,breakroom,47.73,3
8430,furniture-8430,furniture,49.10,10
8431,stationery-8431,stationery,50.47,17
8432,peripherals-8432,peripherals,51.84,24
8433,storage-8433,storage,53.21,31
8434,lighting-8434,lighting,54.58,38
8435,breakroom-8435,breakroom,55.95,45
8436,furniture-8436,furniture,57.32,52
8437,stationery-8437,stationery,58.69,59
8438,peripherals-8438,peripherals,60.06,66
8439,storage-8439,storage,61.43,73
8440,lighting-8440,lighting,62.80,80
8441,breakroom-8441,breakroom,64.17,87
8442,furniture-8442,furniture,65.54,94
8443,stationery-8443,stationery,66.91,101
8444,peripherals-8444,peripherals,68.28,108
8445,storage-8445,storage,69.65,115
8446,lighting-8446,lighting,71.02,122
8447,breakroom-8447,breakroom,72.39,129
8448,furniture-8448,furniture,73.76,136
8449,stationery-8449,stationery,75.13,143
8450,peripherals-8450,peripherals,76.50,150
8451,storage-8451,storage,77.87,157
8452,lighting-8452,lighting,79.24,164
8453,breakroom-8453,breakroom,80.61,171
8454,furniture-8454,furniture,81.98,178
8455,stationery-8455,stationery,83.35,185
8456,peripherals-8456,peripherals,84.72,192
8457,storage-8457,storage,86.09,199
8458,lighting-8458,lighting,87.46,206
8459,breakroom-8459,breakroom,88.83,213
8460,furniture-8460,furniture,90.20,220
8461,stationery-8461,stationery,91.57,227
8462,peripherals-8462,peripherals,92.94,234
8463,storage-8463,storage,94.31,241
8464,lighting-8464,lighting,95.68,248
8465,breakroom-8465,breakroom,97.05,255
8466,furniture-8466,furniture,98.42,262
8467,stationery-8467,stationery,99.79,269
8468,peripherals-8468,peripherals,1.16,276
8469,storage-8469,storage,2.53,283
8470,lighting-8470,lighting,3.90,290
8471,breakroom-8471,breakroom,5.27,297
8472,furniture-8472,furniture,6.64,304
8473,stationery-8473,stationery,8.01,311
8474,peripherals-8474,peripherals,9.38,318
8475,storage-8475,storage,10.75,325
8476,lighting-8476,lighting,12.12,332
8477,breakroom-8477,breakroom,13.49,339
8478,furniture-8478,furniture,14.86,346
8479,stationery-8479,stationery,16.23,353
8480,peripherals-8480,peripherals,17.60,360
8481,storage-8481,storage,18.97,367
8482,lighting-8482,lighting,20.34,374
8483,breakroom-8483,breakroom,21.71,381
8484,furniture-8484,furniture,23.08,388
8485,stationery-8485,stationery,24.45,395
8486,peripherals-8486,peripherals,25.82,402
8487,storage-8487,storage,27.19,409
8488,lighting-8488,lighting,28.56,416
8489,breakroom-8489,breakroom,29.93,423
8490,furniture-8490,furniture,31.30,430
8491,stationery-8491,stationery,32.67,437
8492,peripherals-8492,peripherals,34.04,444
8493,storage-8493,storage,35.41,451
8494,lighting-8494,lighting,36.78,458
8495,breakroom-8495,breakroom,38.15,465
8496,furniture-8496,furniture,39.52,472
8497,stationery-8497,stationery,40.89,479
8498,peripherals-8498,peripherals,42.26,486
8499,storage-8499,storage,43.63,493
8500,lighting-8500,lighting,45.00,0
8501,breakroom-8501,breakroom,46.37,7
8502,furniture-8502,furniture,47.74,14
8503,stationery-8503,stationery,49.11,21
8504,peripherals-8504,peripherals,50.48,28
8505,storage-8505,storage,51.85,35
8506,lighting-8506,lighting,53.22,42
8507,breakroom-8507,breakroom,54.59,49
8508,furniture-8508,furniture,55.96,56
8509,stationery-8509,stationery,57.33,63
8510,peripherals-8510,peripherals,58.70,70
8511,storage-8511,storage,60.07,77
8512,lighting-8512,lighting,61.44,84
8513,breakroom-8513,breakroom,62.81,91
8514,furniture-8514,furniture,64.18,98
8515,stationery-8515,stationery,65.55,105
8516,peripherals-8516,peripherals,66.92,112
8517,storage-8517,storage,68.29,119
8518,lighting-8518,lighting,69.66,126
8519,breakroom-8519,breakroom,71.03,133
8520,furniture-8520,furniture,72.40,140
8521,stationery-8521,stationery,73.77,147
8522,peripherals-8522,peripherals,75.14,154
8523,storage-8523,storage,76.51,161
8524,lighting-8524,lighting,77.88,168
8525,breakroom-8525,breakroom,79.25,175
8526,furniture-8526,furniture,80.62,182
8527,stationery-8527,stationery,81.99,189
8528,peripherals-8528,peripherals,83.36,196
8529,storage-8529,storage,84.73,203
8530,lighting-8530,lighting,86.10,210
8531,breakroom-8531,breakroom,87.47,217
8532,furniture-8532,furniture,88.84,224
8533,stationery-8533,stationery,90.21,231
8534,peripherals-8534,peripherals,91.58,238
8535,storage-8535,storage,92.95,245
8536,lighting-8536,lighting,94.32,252
8537,breakroom-8537,breakroom,95.69,259
8538,furniture-8538,furniture,97.06,266
8539,stationery-8539,stationery,98.43,273
8540,peripherals-8540,peripherals,99.80,280
8541,storage-8541,storage,1.17,287
8542,lighting-8542,lighting,2.54,294
8543,breakroom-8543,breakroom,3.91,301
8544,furniture-8544,furniture,5.28,308
8545,stationery-8545,stationery,6.65,315
8546,peripherals-8546,peripherals,8.02,322
8547,storage-8547,storage,9.39,329
8548,lighting-8548,lighting,10.76,336
8549,breakroom-8549,breakroom,12.13,343
8550,furniture-8550,furniture,13.50,350
8551,stationery-8551,stationery,14.87,357
8552,peripherals-8552,peripherals,16.24,364
8553,storage-8553,storage,17.61,371
8554,lighting-8554,lighting,18.98,378
8555,breakroom-8555,breakroom,20.35,385
8556,furniture-8556,furniture,21.72,392
8557,stationery-8557,stationery,23.09,399
8558,peripherals-8558,peripherals,24.46,406
8559,storage-8559,storage,25.83,413
8560,lighting-8560,lighting,27.20,420
8561,breakroom-8561,breakroom,28.57,427
8562,furniture-8562,furniture,29.94,434
8563,stationery-8563,stationery,31.31,441
8564,peripherals-8564,peripherals,32.68,448
8565,storage-8565,storage,34.05,455
8566,lighting-8566,lighting,35.42,462
8567,breakroom-8567,breakroom,36.79,469
8568,furniture-8568,furniture,38.16,476
8569,stationery-8569,stationery,39.53,483
8570,peripherals-8570,peripherals,40.90,490
8571,storage-8571,storage,42.27,497
8572,lighting-8572,lighting,43.64,4
8573,breakroom-8573,breakroom,45.01,11
8574,furniture-8574,furniture,46.38,18
8575,stationery-8575,stationery,47.75,25
8576,peripherals-8576,peripherals,49.12,32
8577,storage-8577,storage,50.49,39
8578,lighting-8578,lighting,51.86,46
8579,breakroom-8579,breakroom,53.23,53
8580,furniture-8580,furniture,54.60,60
8581,stationery-8581,stationery,55.97,67
8582,peripherals-8582,peripherals,57.34,74
8583,storage-8583,storage,58.71,81
8584,lighting-8584,lighting,60.08,88
8585,breakroom-8585,breakroom,61.45,95
8586,furniture-8586,furniture,62.82,102
8587,stationery-8587,stationery,64.19,109
8588,peripherals-8588,peripherals,65.56,116
8589,storage-8589,storage,66.93,123
8590,lighting-8590,lighting,68.30,130
8591,breakroom-8591,breakroom,69.67,137
8592,furniture-8592,furniture,71.04,144
8593,stationery-8593,stationery,72.41,151
8594,peripherals-8594,peripherals,73.78,158
8595,storage-8595,storage,75.15,165
8596,lighting-8596,lighting,76.52,172
8597,breakroom-8597,breakroom,77.89,179
8598,furniture-8598,furniture,79.26,186
8599,stationery-8599,stationery,80.63,193
8600,peripherals-8600,peripherals,82.00,200
8601,storage-8601,storage,83.37,207
8602,lighting-8602,lighting,84.74,214
8603,breakroom-8603,breakroom,86.11,221
8604,furniture-8604,furniture,87.48,228
8605,stationery-8605,stationery,88.85,235
8606,peripherals-8606,peripherals,90.22,242
8607,storage-8607,storage,91.59,249
8608,lighting-8608,lighting,92.96,256
8609,breakroom-8609,breakroom,94.33,263
8610,furniture-8610,furniture,95.70,270
8611,stationery-8611,stationery,97.07,277
8612,peripherals-8612,peripherals,98.44,284
8613,storage-8613,storage,99.81,291
8614,lighting-8614,lighting,1.18,298
8615,breakroom-8615,breakroom,2.55,305
8616,furniture-8616,furniture,3.92,312
8617,stationery-8617,stationery,5.29,319
8618,peripherals-8618,peripherals,6.66,326
8619,storage-8619,storage,8.03,333
8620,lighting-8620,lighting,9.40,340
8621,breakroom-8621,breakroom,10.77,347
8622,furniture-8622,furniture,12.14,354
8623,stationery-8623,stationery,13.51,361
8624,peripherals-8624,peripherals,14.88,368
8625,storage-8625,storage,16.25,375
8626,lighting-8626,lighting,17.62,382
8627,breakroom-8627,breakroom,18.99,389
8628,furniture-8628,furniture,20.36,396
8629,stationery-8629,stationery,21.73,403
8630,peripherals-8630,peripherals,23.10,410
8631,storage-8631,storage,24.47,417
8632,lighting-8632,lighting,25.84,424
8633,breakroom-8633,breakroom,27.21,431
8634,furniture-8634,furniture,28.58,438
8635,stationery-8635,stationery,29.95,445
8636,peripherals-8636,peripherals,31.32,452
8637,storage-8637,storage,32.69,459
8638,lighting-8638,lighting,34.06,466
8639,breakroom-8639,breakroom,35.43,473
8640,furniture-8640,furniture,36.80,480
8641,stationery-8641,stationery,38.17,487
8642,peripherals-8642,peripherals,39.54,494
8643,storage-8643,storage,40.91,1
8644,lighting-8644,lighting,42.28,8
8645,breakroom-8645,breakroom,43.65,15
8646,furniture-8646,furniture,45.02,22
8647,stationery-8647,stationery,46.39,29
8648,peripherals-8648,peripherals,47.76,36
8649,storage-8649,storage,49.13,43
8650,lighting-8650,lighting,50.50,50
8651,breakroom-8651,breakroom,51.87,57
8652,furniture-8652,furniture,53.24,64
8653,stationery-8653,stationery,54.61,71
8654,peripherals-8654,peripherals,55.98,78
8655,storage-8655,storage,57.35,85
8656,lighting-8656,lighting,58.72,92
8657,breakroom-8657,breakroom,60.09,99
8658,furniture-8658,furniture,61.46,106
8659,stationery-8659,stationery,62.83,113
8660,peripherals-8660,peripherals,64.20,120
8661,storage-8661,storage,65.57,127
8662,lighting-8662,lighting,66.94,134
8663,breakroom-8663,breakroom,68.31,141
8664,furniture-8664,furniture,69.68,148
8665,stationery-8665,stationery,71.05,155
8666,peripherals-8666,peripherals,72.42,162
8667,storage-8667,storage,73.79,169
8668,lighting-8668,lighting,75.16,176
8669,breakroom-8669,breakroom,76.53,183
8670,furniture-8670,furniture,77.90,190
8671,stationery-8671,stationery,79.27,197
8672,peripherals-8672,peripherals,80.64,204
8673,storage-8673,storage,82.01,211
8674,lighting-8674,lighting,83.38,218
8675,breakroom-8675,breakroom,84.75,225
8676,furniture-8676,furniture,86.12,232
8677,stationery-8677,stationery,87.49,239
8678,peripherals-8678,peripherals,88.86,246
8679,storage-8679,storage,90.23,253
8680,lighting-8680,lighting,91.60,260
8681,breakroom-8681,breakroom,92.97,267
8682,furniture-8682,furniture,94.34,274
8683,stationery-8683,stationery,95.71,281
8684,peripherals-8684,peripherals,97.08,288
8685,storage-8685,storage,98.45,295
8686,lighting-8686,lighting,99.82,302
8687,breakroom-8687,breakroom,1.19,309
8688,furniture-8688,furniture,2.56,316
8689,stationery-8689,stationery,3.93,323
8690,peripherals-8690,peripherals,5.30,330
8691,storage-8691,storage,6.67,337
8692,lighting-8692,lighting,8.04,344
8693,breakroom-8693,breakroom,9.41,351
8694,furniture-8694,furniture,10.78,358
8695,stationery-8695,stationery,12.15,365
8696,peripherals-8696,peripherals,13.52,372
8697,storage-8697,storage,14.89,379
8698,lighting-8698,lighting,16.26,386
8699,breakroom-8699,breakroom,17.63,393
8700,furniture-8700,furniture,19.00,400
8701,stationery-8701,stationery,20.37,407
8702,peripherals-8702,peripherals,21.74,414
8703,storage-8703,storage,23.11,421
8704,lighting-8704,lighting,24.48,428
8705,breakroom-8705,breakroom,25.85,435
8706,furniture-8706,furniture,27.22,442
8707,stationery-8707,stationery,28.59,449
8708,peripherals-8708,peripherals,29.96,456
8709,storage-8709,storage,31.33,463
8710,lighting-8710,lighting,32.70,470
8711,breakroom-8711,breakroom,34.07,477
8712,furniture-8712,furniture,35.44,484
8713,stationery-8713,stationery,36.81,491
8714,peripherals-8714,peripherals,38.18,498
8715,storage-8715,storage,39.55,5
8716,lighting-8716,lighting,40.92,12
8717,breakroom-8717,breakroom,42.29,19
8718,furniture-8718,furniture,43.66,26
8719,stationery-8719,stationery,45.03,33
8720,peripherals-8720,peripherals,46.40,40
8721,storage-8721,storage,47.77,47
8722,lighting-8722,lighting,49.14,54
8723,breakroom-8723,breakroom,50.51,61
8724,furniture-8724,furniture,51.88,68
8725,stationery-8725,stationery,53.25,75
8726,peripherals-8726,peripherals,54.62,82
8727,storage-8727,storage,55.99,89
8728,lighting-8728,lighting,57.36,96
8729,breakroom-8729,breakroom,58.73,103
8730,furniture-8730,furniture,60.10,110
8731,stationery-8731,stationery,61.47,117
8732,peripherals-8732,peripherals,62.84,124
8733,storage-8733,storage,64.21,131
8734,lighting-8734,lighting,65.58,138
8735,breakroom-8735,breakroom,66.95,145
8736,furniture-8736,furniture,68.32,152
8737,stationery-8737,stationery,69.69,159
8738,peripherals-8738,peripherals,71.06,166
8739,storage-8739,storage,72.43,173
8740,lighting-8740,lighting,73.80,180
8741,breakroom-8741,breakroom,75.17,187
8742,furniture-8742,furniture,76.54,194
8743,stationery-8743,stationery,77.91,201
8744,peripherals-8744,peripherals,79.28,208
8745,storage-8745,storage,80.65,215
8746,lighting-8746,lighting,82.02,222
8747,breakroom-8747,breakroom,83.39,229
8748,furniture-8748,furniture,84.76,236
8749,stationery-8749,stationery,86.13,243
8750,peripherals-8750,peripherals,87.50,250
8751,storage-8751,storage,88.87,257
8752,lighting-8752,lighting,90.24,264
8753,breakroom-8753,breakroom,91.61,271
8754,furniture-8754,furniture,92.98,278
8755,stationery-8755,stationery,94.35,285
8756,peripherals-8756,peripherals,95.72,292
8757,storage-8757,storage,97.09,299
8758,lighting-8758,lighting,98.46,306
8759,breakroom-8759,breakroom,99.83,313
8760,furniture-8760,furniture,1.20,320
8761,stationery-8761,stationery,2.57,327
8762,peripherals-8762,peripherals,3.94,334
8763,storage-8763,storage,5.31,341
8764,lighting-8764,lighting,6.68,348
8765,breakroom-8765,breakroom,8.05,355
8766,furniture-8766,furniture,9.42,362
8767,stationery-8767,stationery,10.79,369
8768,peripherals-8768,peripherals,12.16,376
8769,storage-8769,storage,13.53,383
8770,lighting-8770,lighting,14.90,390
8771,breakroom-8771,breakroom,16.27,397
8772,furniture-8772,furniture,17.64,404
8773,stationery-8773,stationery,19.01,411
8774,peripherals-8774,peripherals,20.38,418
8775,storage-8775,storage,21.75,425
8776,lighting-8776,lighting,23.12,432
8777,breakroom-8777,breakroom,24.49,439
8778,furniture-8778,furniture,25.86,446
8779,stationery-8779,stationery,27.23,453
8780,peripherals-8780,peripherals,28.60,460
8781,storage-8781,storage,29.97,467
8782,lighting-8782,lighting,31.34,474
8783,breakroom-8783,breakroom,32.71,481
8784,furniture-8784,furniture,34.08,488
8785,stationery-8785,stationery,35.45,495
8786,peripherals-8786,peripherals,36.82,2
8787,storage-8787,storage,38.19,9
8788,lighting-8788,lighting,39.56,16
8789,breakroom-8789,breakroom,40.93,23
8790,furniture-8790,furniture,42.30,30
8791,stationery-8791,stationery,43.67,37
8792,peripherals-8792,peripherals,45.04,44
8793,storage-8793,storage,46.41,51
8794,lighting-8794,lighting,47.78,58
8795,breakroom-8795,breakroom,49.15,65
8796,furniture-8796,furniture,50.52,72
8797,stationery-8797,stationery,51.89,79
8798,peripherals-8798,peripherals,53.26,86
8799,storage-8799,storage,54.63,93
8800,lighting-8800,lighting,56.00,100
8801,breakroom-8801,breakroom,57.37,107
8802,furniture-8802,furniture,58.74,114
8803,stationery-8803,stationery,60.11,121
8804,peripherals-8804,peripherals,61.48,128
8805,storage-8805,storage,62.85,135
8806,lighting-8806,lighting,64.22,142
8807,breakroom-8807,breakroom,65.59,149
8808,furniture-8808,furniture,66.96,156
8809,stationery-8809,stationery,68.33,163
8810,peripherals-8810,peripherals,69.70,170
8811,storage-8811,storage,71.07,177
8812,lighting-8812,lighting,72.44,184
8813,breakroom-8813,breakroom,73.81,191
8814,furniture-8814,furniture,75.18,198
8815,stationery-8815,stationery,76.55,205
8816,peripherals-8816,peripherals,77.92,212
8817,storage-8817,storage,79.29,219
8818,lighting-8818,lighting,80.66,226
8819,breakroom-8819,breakroom,82.03,233
8820,furniture-8820,furniture,83.40,240
8821,stationery-8821,stationery,84.77,247
8822,peripherals-8822,peripherals,86.14,254
8823,storage-8823,storage,87.51,261
8824,lighting-8824,lighting,88.88,268
8825,breakroom-8825,breakroom,90.25,275
8826,furniture-8826,furniture,91.62,282
8827,stationery-8827,stationery,92.99,289
8828,peripherals-8828,peripherals,94.36,296
8829,storage-8829,storage,95.73,303
8830,lighting-8830,lighting,97.10,310
8831,breakroom-8831,breakroom,98.47,317
8832,furniture-8832,furniture,99.84,324
8833,stationery-8833,stationery,1.21,331
8834,peripherals-8834,peripherals,2.58,338
8835,storage-8835,storage,3.95,345
8836,lighting-8836,lighting,5.32,352
8837,breakroom-8837,breakroom,6.69,359
8838,furniture-8838,furniture,8.06,366
8839,stationery-8839,stationery,9.43,373
8840,peripherals-8840,peripherals,10.80,380
8841,storage-8841,storage,12.17,387
8842,lighting-8842,lighting,13.54,394
8843,breakroom-8843,breakroom,14.91,401
8844,furniture-8844,furniture,16.28,408
8845,stationery-8845,stationery,17.65,415
8846,peripherals-8846,peripherals,19.02,422
8847,storage-8847,storage,20.39,429
8848,lighting-8848,lighting,21.76,436
8849,breakroom-8849,breakroom,23.13,443
8850,furniture-8850,furniture,24.50,450
8851,stationery-8851,stationery,25.87,457
8852,peripherals-8852,peripherals,27.24,464
8853,storage-8853,storage,28.61,471
8854,lighting-8854,lighting,29.98,478
8855,breakroom-8855,breakroom,31.35,485
8856,furniture-8856,furniture,32.72,492
8857,stationery-8857,stationery,34.09,499
8858,peripherals-8858,peripherals,35.46,6
8859,storage-8859,storage,36.83,13
8860,lighting-8860,lighting,38.20,20
8861,breakroom-8861,breakroom,39.57,27
8862,furniture-8862,furniture,40.94,34
8863,stationery-8863,stationery,42.31,41
8864,peripherals-8864,peripherals,43.68,48
8865,storage-8865,storage,45.05,55
8866,lighting-8866,lighting,46.42,62
8867,breakroom-8867,breakroom,47.79,69
8868,furniture-8868,furniture,49.16,76
8869,stationery-8869,stationery,50.53,83
8870,peripherals-8870,peripherals,51.90,90
8871,storage-8871,storage,53.27,97
8872,lighting-8872,lighting,54.64,104
8873,breakroom-8873,breakroom,56.01,111
8874,furniture-8874,furniture,57.38,118
8875,stationery-8875,stationery,58.75,125
8876,peripherals-8876,peripherals,60.12,132
8877,storage-8877,storage,61.49,139
8878,lighting-8878,lighting,62.86,146
8879,breakroom-8879,breakroom,64.23,153
8880,furniture-8880,furniture,65.60,160
8881,stationery-8881,stationery,66.97,167
8882,peripherals-8882,peripherals,68.34,174
8883,storage-8883,storage,69.71,181
8884,lighting-8884,lighting,71.08,188
8885,breakroom-8885,breakroom,72.45,195
8886,furniture-8886,furniture,73.82,202
8887,stationery-8887,stationery,75.19,209
8888,peripherals-8888,peripherals,76.56,216
8889,storage-8889,storage,77.93,223
8890,lighting-8890,lighting,79.30,230
8891,breakroom-8891,breakroom,80.67,237
8892,furniture-8892,furniture,82.04,244
8893,stationery-8893,stationery,83.41,251
8894,peripherals-8894,peripherals,84.78,258
8895,storage-8895,storage,86.15,265
8896,lighting-8896,lighting,87.52,272
8897,breakroom-8897,breakroom,88.89,279
8898,furniture-8898,furniture,90.26,286
8899,stationery-8899,stationery,91.63,293
8900,peripherals-8900,peripherals,93.00,300
8901,storage-8901,storage,94.37,307
8902,lighting-8902,lighting,95.74,314
8903,breakroom-8903,breakroom,97.11,321
8904,furniture-8904,furniture,98.48,328
8905,stationery-8905,stationery,99.85,335
8906,peripherals-8906,peripherals,1.22,342
8907,storage-8907,storage,2.59,349
8908,lighting-8908,lighting,3.96,356
8909,breakroom-8909,breakroom,5.33,363
8910,furniture-8910,furniture,6.70,370
8911,stationery-8911,stationery,8.07,377
8912,peripherals-8912,peripherals,9.44,384
8913,storage-8913,storage,10.81,391
8914,lighting-8914,lighting,12.18,398
8915,breakroom-8915,breakroom,13.55,405
8916,furniture-8916,furniture,14.92,412
8917,stationery-8917,stationery,16.29,419
8918,peripherals-8918,peripherals,17.66,426
8919,storage-8919,storage,19.03,433
8920,lighting-8920,lighting,20.40,440
8921,breakroom-8921,breakroom,21.77,447
8922,furniture-8922,furniture,23.14,454
8923,stationery-8923,stationery,24.51,461
8924,peripherals-8924,peripherals,25.88,468
8925,storage-8925,storage,27.25,475
8926,lighting-8926,lighting,28.62,482
8927,breakroom-8927,breakroom,29.99,489
8928,furniture-8928,furniture,31.36,496
8929,stationery-8929,stationery,32.73,3
8930,peripherals-8930,peripherals,34.10,10
8931,storage-8931,storage,35.47,17
8932,lighting-8932,lighting,36.84,24
8933,breakroom-8933,breakroom,38.21,31
8934,furniture-8934,furniture,39.58,38
8935,stationery-8935,stationery,40.95,45
8936,peripherals-8936,peripherals,42.32,52
8937,storage-8937,storage,43.69,59
8938,lighting-8938,lighting,45.06,66
8939,breakroom-8939,breakroom,46.43,73
8940,furniture-8940,furniture,47.80,80
8941,stationery-8941,stationery,49.17,87
8942,peripherals-8942,peripherals,50.54,94
8943,storage-8943,storage,51.91,101
8944,lighting-8944,lighting,53.28,108
8945,breakroom-8945,breakroom,54.65,115
8946,furniture-8946,furniture,56.02,122
8947,stationery-8947,stationery,57.39,129
8948,peripherals-8948,peripherals,58.76,136
8949,storage-8949,storage,60.13,143
8950,lighting-8950,lighting,61.50,150
8951,breakroom-8951,breakroom,62.87,157
8952,furniture-8952,furniture,64.24,164
8953,stationery-8953,stationery,65.61,171
8954,peripherals-8954,peripherals,66.98,178
8955,storage-8955,storage,68.35,185
8956,lighting-8956,lighting,69.72,192
8957,breakroom-8957,breakroom,71.09,199
8958,furniture-8958,furniture,72.46,206
8959,stationery-8959,stationery,73.83,213
8960,peripherals-8960,peripherals,75.20,220
8961,storage-8961,storage,76.57,227
8962,lighting-8962,lighting,77.94,234
8963,breakroom-8963,breakroom,79.31,241
8964,furniture-8964,furniture,80.68,248
8965,stationery-8965,stationery,82.05,255
8966,peripherals-8966,peripherals,83.42,262
8967,storage-8967,storage,84.79,269
8968,lighting-8968,lighting,86.16,276
8969,breakroom-8969,breakroom,87.53,283
8970,furniture-8970,furniture,88.90,290
8971,stationery-8971,stationery,90.27,297
8972,peripherals-8972,peripherals,91.64,304
8973,storage-8973,storage,93.01,311
8974,lighting-8974,lighting,94.38,318
8975,breakroom-8975,breakroom,95.75,325
8976,furniture-8976,furniture,97.12,332
8977,stationery-8977,stationery,98.49,339
8978,peripherals-8978,peripherals,99.86,346
8979,storage-8979,storage,1.23,353
8980,lighting-8980,lighting,2.60,360
8981,breakroom-8981,breakroom,3.97,367
8982,furniture-8982,furniture,5.34,374
8983,stationery-8983,stationery,6.71,381
8984,peripherals-8984,peripherals,8.08,388
8985,storage-8985,storage,9.45,395
8986,lighting-8986,lighting,10.82,402
8987,breakroom-8987,breakroom,12.19,409
8988,furniture-8988,furniture,13.56,416
8989,stationery-8989,stationery,14.93,423
8990,peripherals-8990,peripherals,16.30,430
8991,storage-8991,storage,17.67,437
8992,lighting-8992,lighting,19.04,444
8993,breakroom-8993,breakroom,20.41,451
8994,furniture-8994,furniture,21.78,458
8995,stationery-8995,stationery,23.15,465
8996,peripherals-8996,peripherals,24.52,472
8997,storage-8997,storage,25.89,479
8998,lighting-8998,lighting,27.26,486
8999,breakroom-8999,breakroom,28.63,493
9000,furniture-9000,furniture,30.00,0
9001,stationery-9001,stationery,31.37,7
9002,peripherals-9002,peripherals,32.74,14
9003,storage-9003,storage,34.11,21
9004,lighting-9004,lighting,35.48,28
9005,breakroom-9005,breakroom,36.85,35
9006,furniture-9006,furniture,38.22,42
9007,stationery-9007,stationery,39.59,49
9008,peripherals-9008,peripherals,40.96,56
9009,storage-9009,storage,42.33,63
9010,lighting-9010,lighting,43.70,70
9011,breakroom-9011,breakroom,45.07,77
9012,furniture-9012,furniture,46.44,84
9013,stationery-9013,stationery,47.81,91
9014,peripherals-9014,peripherals,49.18,98
9015,storage-9015,storage,50.55,105
9016,lighting-9016,lighting,51.92,112
9017,breakroom-9017,breakroom,53.29,119
9018,furniture-9018,furniture,54.66,126
9019,stationery-9019,stationery,56.03,133
9020,peripherals-9020,peripherals,57.40,140
9021,storage-9021,storage,58.77,147
9022,lighting-9022,lighting,60.14,154
9023,breakroom-9023,breakroom,61.51,161
9024,furniture-9024,furniture,62.88,168
9025,stationery-9025,stationery,64.25,175
9026,peripherals-9026,peripherals,65.62,182
9027,storage-9027,storage,66.99,189
9028,lighting-9028,lighting,68.36,196
9029,breakroom-9029,breakroom,69.73,203
9030,furniture-9030,furniture,71.10,210
9031,stationery-9031,stationery,72.47,217
9032,peripherals-9032,peripherals,73.84,224
9033,storage-9033,storage,75.21,231
9034,lighting-9034,lighting,76.58,238
9035,breakroom-9035,breakroom,77.95,245
9036,furniture-9036,furniture,79.32,252
9037,stationery-9037,stationery,80.69,259
9038,peripherals-9038,peripherals,82.06,266
9039,storage-9039,storage,83.43,273
9040,lighting-9040,lighting,84.80,280
9041,breakroom-9041,breakroom,86.17,287
9042,furniture-9042,furniture,87.54,294
9043,stationery-9043,stationery,88.91,301
9044,peripherals-9044,peripherals,90.28,308
9045,storage-9045,storage,91.65,315
9046,lighting-9046,lighting,93.02,322
9047,breakroom-9047,breakroom,94.39,329
9048,furniture-9048,furniture,95.76,336
9049,stationery-9049,stationery,97.13,343
9050,peripherals-9050,peripherals,98.50,350
9051,storage-9051,storage,99.87,357
9052,lighting-9052,lighting,1.24,364
9053,breakroom-9053,breakroom,2.61,371
9054,furniture-9054,furniture,3.98,378
9055,stationery-9055,stationery,5.35,385
9056,peripherals-9056,peripherals,6.72,392
9057,storage-9057,storage,8.09,399
9058,lighting-9058,lighting,9.46,406
9059,breakroom-9059,breakroom,10.83,413
9060,furniture-9060,furniture,12.20,420
9061,stationery-9061,stationery,13.57,427
9062,peripherals-9062,peripherals,14.94,434
9063,storage-9063,storage,16.31,441
9064,lighting-9064,lighting,17.68,448
9065,breakroom-9065,breakroom,19.05,455
9066,furniture-9066,furniture,20.42,462
9067,stationery-9067,stationery,21.79,469
9068,peripherals-9068,peripherals,23.16,476
9069,storage-9069,storage,24.53,483
9070,lighting-9070,lighting,25.90,490
9071,breakroom-9071,breakroom,27.27,497
9072,furniture-9072,furniture,28.64,4
9073,stationery-9073,stationery,30.01,11
9074,peripherals-9074,peripherals,31.38,18
9075,storage-9075,storage,32.75,25
9076,lighting-9076,lighting,34.12,32
9077,breakroom-9077,breakroom,35.49,39
9078,furniture-9078,furniture,36.86,46
9079,stationery-9079,stationery,38.23,53
9080,peripherals-9080,peripherals,39.60,60
9081,storage-9081,storage,40.97,67
9082,lighting-9082,lighting,42.34,74
9083,breakroom-9083,breakroom,43.71,81
9084,furniture-9084,furniture,45.08,88
9085,stationery-9085,stationery,46.45,95
9086,peripherals-9086,peripherals,47.82,102
9087,storage-9087,storage,49.19,109
9088,lighting-9088,lighting,50.56,116
9089,breakroom-9089,breakroom,51.93,123
9090,furniture-9090,furniture,53.30,130
9091,stationery-9091,stationery,54.67,137
9092,peripherals-9092,peripherals,56.04,144
9093,storage-9093,storage,57.41,151
9094,lighting-9094,lighting,58.78,158
9095,breakroom-9095,breakroom,60.15,165
9096,furniture-9096,furniture,61.52,172
9097,stationery-9097,stationery,62.89,179
9098,peripherals-9098,peripherals,64.26,186
9099,storage-9099,storage,65.63,193
9100,lighting-9100,lighting,67.00,200
9101,breakroom-9101,breakroom,68.37,207
9102,furniture-9102,furniture,69.74,214
9103,stationery-9103,stationery,71.11,221
9104,peripherals-9104,peripherals,72.48,228
9105,storage-9105,storage,73.85,235
9106,lighting-9106,lighting,75.22,242
9107,breakroom-9107,breakroom,76.59,249
9108,furniture-9108,furniture,77.96,256
9109,stationery-9109,stationery,79.33,263
9110,peripherals-9110,peripherals,80.70,270
9111,storage-9111,storage,82.07,277
9112,lighting-9112,lighting,83.44,284
9113,breakroom-9113,breakroom,84.81,291
9114,furniture-9114,furniture,86.18,298
9115,stationery-9115,stationery,87.55,305
9116,peripherals-9116,peripherals,88.92,312
9117,storage-9117,storage,90.29,319
9118,lighting-9118,lighting,91.66,326
9119,breakroom-9119,breakroom,93.03,333
9120,furniture-9120,furniture,94.40,340
9121,stationery-9121,stationery,95.77,347
9122,peripherals-9122,peripherals,97.14,354
9123,storage-9123,storage,98.51,361
9124,lighting-9124,lighting,99.88,368
9125,breakroom-9125,breakroom,1.25,375
9126,furniture-9126,furniture,2.62,382
9127,stationery-9127,stationery,3.99,389
9128,peripherals-9128,peripherals,5.36,396
9129,storage-9129,storage,6.73,403
9130,lighting-9130,lighting,8.10,410
9131,breakroom-9131,breakroom,9.47,417
9132,furniture-9132,furniture,10.84,424
9133,stationery-9133,stationery,12.21,431
9134,peripherals-9134,peripherals,13.58,438
9135,storage-9135,storage,14.95,445
9136,lighting-9136,lighting,16.32,452
9137,breakroom-9137,breakroom,17.69,459
9138,furniture-9138,furniture,19.06,466
9139,stationery-9139,stationery,20.43,473
9140,peripherals-9140,peripherals,21.80,480
9141,storage-9141,storage,23.17,487
9142,lighting-9142,lighting,24.54,494
9143,breakroom-9143,breakroom,25.91,1
9144,furniture-9144,furniture,27.28,8
9145,stationery-9145,stationery,28.65,15
9146,peripherals-9146,peripherals,30.02,22
9147,storage-9147,storage,31.39,29
9148,lighting-9148,lighting,32.76,36
9149,breakroom-9149,breakroom,34.13,43
9150,furniture-9150,furniture,35.50,50
9151,stationery-9151,stationery,36.87,57
9152,peripherals-9152,peripherals,38.24,64
9153,storage-9153,storage,39.61,71
9154,lighting-9154,lighting,40.98,78
9155,breakroom-9155,breakroom,42.35,85
9156,furniture-9156,furniture,43.72,92
9157,stationery-9157,stationery,45.09,99
9158,peripherals-9158,peripherals,46.46,106
9159,storage-9159,storage,47.83,113
9160,lighting-9160,lighting,49.20,120
9161,breakroom-9161,breakroom,50.57,127
9162,furniture-9162,furniture,51.94,134
9163,stationery-9163,stationery,53.31,141
9164,peripherals-9164,peripherals,54.68,148
9165,storage-9165,storage,56.05,155
9166,lighting-9166,lighting,57.42,162
9167,breakroom-9167,breakroom,58.79,169
9168,furniture-9168,furniture,60.16,176
9169,stationery-9169,stationery,61.53,183
9170,peripherals-9170,peripherals,62.90,190
9171,storage-9171,storage,64.27,197
9172,lighting-9172,lighting,65.64,204
9173,breakroom-9173,breakroom,67.01,211
9174,furniture-9174,furniture,68.38,218
9175,stationery-9175,stationery,69.75,225
9176,peripherals-9176,peripherals,71.12,232
9177,storage-9177,storage,72.49,239
9178,lighting-9178,lighting,73.86,246
9179,breakroom-9179,breakroom,75.23,253
9180,furniture-9180,furniture,76.60,260
9181,stationery-9181,stationery,77.97,267
9182,peripherals-9182,peripherals,79.34,274
9183,storage-9183,storage,80.71,281
9184,lighting-9184,lighting,82.08,288
9185,breakroom-9185,breakroom,83.45,295
9186,furniture-9186,furniture,84.82,302
9187,stationery-9187,stationery,86.19,309
9188,peripherals-9188,peripherals,87.56,316
9189,storage-9189,storage,88.93,323
9190,lighting-9190,lighting,90.30,330
9191,breakroom-9191,breakroom,91.67,337
9192,furniture-9192,furniture,93.04,344
9193,stationery-9193,stationery,94.41,351
9194,peripherals-9194,peripherals,95.78,358
9195,storage-9195,storage,97.15,365
9196,lighting-9196,lighting,98.52,372
9197,breakroom-9197,breakroom,99.89,379
9198,furniture-9198,furniture,1.26,386
9199,stationery-9199,stationery,2.63,393
9200,peripherals-9200,peripherals,4.00,400
9201,storage-9201,storage,5.37,407
9202,lighting-9202,lighting,6.74,414
9203,breakroom-9203,breakroom,8.11,421
9204,furniture-9204,furniture,9.48,428
9205,stationery-9205,stationery,10.85,435
9206,peripherals-9206,peripherals,12.22,442
9207,storage-9207,storage,13.59,449
9208,lighting-9208,lighting,14.96,456
9209,breakroom-9209,breakroom,16.33,463
9210,furniture-9210,furniture,17.70,470
9211,stationery-9211,stationery,19.07,477
9212,peripherals-9212,peripherals,20.44,484
9213,storage-9213,storage,21.81,491
9214,lighting-9214,lighting,23.18,498
9215,breakroom-9215,breakroom,24.55,5
9216,furniture-9216,furniture,25.92,12
9217,stationery-9217,stationery,27.29,19
9218,peripherals-9218,peripherals,28.66,26
9219,storage-9219,storage,30.03,33
9220,lighting-9220,lighting,31.40,40
9221,breakroom-9221,breakroom,32.77,47
9222,furniture-9222,furniture,34.14,54
9223,stationery-9223,stationery,35.51,61
9224,peripherals-9224,peripherals,36.88,68
9225,storage-9225,storage,38.25,75
9226,lighting-9226,lighting,39.62,82
9227,breakroom-9227,breakroom,40.99,89
9228,furniture-9228,furniture,42.36,96
9229,stationery-9229,stationery,43.73,103
9230,peripherals-9230,peripherals,45.10,110
9231,storage-9231,storage,46.47,117
9232,lighting-9232,lighting,47.84,124
9233,breakroom-9233,breakroom,49.21,131
9234,furniture-9234,furniture,50.58,138
9235,stationery-9235,stationery,51.95,145
9236,peripherals-9236,peripherals,53.32,152
9237,storage-9237,storage,54.69,159
9238,lighting-9238,lighting,56.06,166
9239,breakroom-9239,breakroom,57.43,173
9240,furniture-9240,furniture,58.80,180
9241,stationery-9241,stationery,60.17,187
9242,peripherals-9242,peripherals,61.54,194
9243,storage-9243,storage,62.91,201
9244,lighting-9244,lighting,64.28,208
9245,breakroom-9245,breakroom,65.65,215
9246,furniture-9246,furniture,67.02,222
9247,stationery-9247,stationery,68.39,229
9248,peripherals-9248,peripherals,69.76,236
9249,storage-9249,storage,71.13,243
9250,lighting-9250,lighting,72.50,250
9251,breakroom-9251,breakroom,73.87,257
9252,furniture-9252,furniture,75.24,264
9253,stationery-9253,stationery,76.61,271
9254,peripherals-9254,peripherals,77.98,278
9255,storage-9255,storage,79.35,285
9256,lighting-9256,lighting,80.72,292
9257,breakroom-9257,breakroom,82.09,299
9258,furniture-9258,furniture,83.46,306
9259,stationery-9259,stationery,84.83,313
9260,peripherals-9260,peripherals,86.20,320
9261,storage-9261,storage,87.57,327
9262,lighting-9262,lighting,88.94,334
9263,breakroom-9263,breakroom,90.31,341
9264,furniture-9264,furniture,91.68,348
9265,stationery-9265,stationery,93.05,355
9266,peripherals-9266,peripherals,94.42,362
9267,storage-9267,storage,95.79,369
9268,lighting-9268,lighting,97.16,376
9269,breakroom-9269,breakroom,98.53,383
9270,furniture-9270,furniture,99.90,390
9271,stationery-9271,stationery,1.27,397
9272,peripherals-9272,peripherals,2.64,404
9273,storage-9273,storage,4.01,411
9274,lighting-9274,lighting,5.38,418
9275,breakroom-9275,breakroom,6.75,425
9276,furniture-9276,furniture,8.12,432
9277,stationery-9277,stationery,9.49,439
9278,peripherals-9278,peripherals,10.86,446
9279,storage-9279,storage,12.23,453
9280,lighting-9280,lighting,13.60,460
9281,breakroom-9281,breakroom,14.97,467
9282,furniture-9282,furniture,16.34,474
9283,stationery-9283,stationery,17.71,481
9284,peripherals-9284,peripherals,19.08,488
9285,storage-9285,storage,20.45,495
9286,lighting-9286,lighting,21.82,2
9287,breakroom-9287,breakroom,23.19,9
9288,furniture-9288,furniture,24.56,16
9289,stationery-9289,stationery,25.93,23
9290,peripherals-9290,peripherals,27.30,30
9291,storage-9291,storage,28.67,37
9292,lighting-9292,lighting,30.04,44
9293,breakroom-9293,breakroom,31.41,51
9294,furniture-9294,furniture,32.78,58
9295,stationery-9295,stationery,34.15,65
9296,peripherals-9296,peripherals,35.52,72
9297,storage-9297,storage,36.89,79
9298,lighting-9298,lighting,38.26,86
9299,breakroom-9299,breakroom,39.63,93
9300,furniture-9300,furniture,41.00,100
9301,stationery-9301,stationery,42.37,107
9302,peripherals-9302,peripherals,43.74,114
9303,storage-9303,storage,45.11,121
9304,lighting-9304,lighting,46.48,128
9305,breakroom-9305,breakroom,47.85,135
9306,furniture-9306,furniture,49.22,142
9307,stationery-9307,stationery,50.59,149
9308,peripherals-9308,peripherals,51.96,156
9309,storage-9309,storage,53.33,163
9310,lighting-9310,lighting,54.70,170
9311,breakroom-9311,breakroom,56.07,177
9312,furniture-9312,furniture,57.44,184
9313,stationery-9313,stationery,58.81,191
9314,peripherals-9314,peripherals,60.18,198
9315,storage-9315,storage,61.55,205
9316,lighting-9316,lighting,62.92,212
9317,breakroom-9317,breakroom,64.29,219
9318,furniture-9318,furniture,65.66,226
9319,stationery-9319,stationery,67.03,233
9320,peripherals-9320,peripherals,68.40,240
9321,storage-9321,storage,69.77,247
9322,lighting-9322,lighting,71.14,254
9323,breakroom-9323,breakroom,72.51,261
9324,furniture-9324,furniture,73.88,268
9325,stationery-9325,stationery,75.25,275
9326,peripherals-9326,peripherals,76.62,282
9327,storage-9327,storage,77.99,289
9328,lighting-9328,lighting,79.36,296
9329,breakroom-9329,breakroom,80.73,303
9330,furniture-9330,furniture,82.10,310
9331,stationery-9331,stationery,83.47,317
9332,peripherals-9332,peripherals,84.84,324
9333,storage-9333,storage,86.21,331
9334,lighting-9334,lighting,87.58,338
9335,breakroom-9335,breakroom,88.95,345
9336,furniture-9336,furniture,90.32,352
9337,stationery-9337,stationery,91.69,359
9338,peripherals-9338,peripherals,93.06,366
9339,storage-9339,storage,94.43,373
9340,lighting-9340,lighting,95.80,380
9341,breakroom-9341,breakroom,97.17,387
9342,furniture-9342,furniture,98.54,394
9343,stationery-9343,stationery,99.91,401
9344,peripherals-9344,peripherals,1.28,408
9345,storage-9345,storage,2.65,415
9346,lighting-9346,lighting,4.02,422
9347,breakroom-9347,breakroom,5.39,429
9348,furniture-9348,furniture,6.76,436
9349,stationery-9349,stationery,8.13,443
9350,peripherals-9350,peripherals,9.50,450
9351,storage-9351,storage,10.87,457
9352,lighting-9352,lighting,12.24,464
9353,breakroom-9353,breakroom,13.61,471
9354,furniture-9354,furniture,14.98,478
9355,stationery-9355,stationery,16.35,485
9356,peripherals-9356,peripherals,17.72,492
9357,storage-9357,storage,19.09,499
9358,lighting-9358,lighting,20.46,6
9359,breakroom-9359,breakroom,21.83,13
9360,furniture-9360,furniture,23.20,20
9361,stationery-9361,stationery,24.57,27
9362,peripherals-9362,peripherals,25.94,34
9363,storage-9363,storage,27.31,41
9364,lighting-9364,lighting,28.68,48
9365,breakroom-9365,breakroom,30.05,55
9366,furniture-9366,furniture,31.42,62
9367,stationery-9367,stationery,32.79,69
9368,peripherals-9368,peripherals,34.16,76
9369,storage-9369,storage,35.53,83
9370,lighting-9370,lighting,36.90,90
9371,breakroom-9371,breakroom,38.27,97
9372,furniture-9372,furniture,39.64,104
9373,stationery-9373,stationery,41.01,111
9374,peripherals-9374,peripherals,42.38,118
9375,storage-9375,storage,43.75,125
9376,lighting-9376,lighting,45.12,132
9377,breakroom-9377,breakroom,46.49,139
9378,furniture-9378,furniture,47.86,146
9379,stationery-9379,stationery,49.23,153
9380,peripherals-9380,peripherals,50.60,160
9381,storage-9381,storage,51.97,167
9382,lighting-9382,lighting,53.34,174
9383,breakroom-9383,breakroom,54.71,181
9384,furniture-9384,furniture,56.08,188
9385,stationery-9385,stationery,57.45,195
9386,peripherals-9386,peripherals,58.82,202
9387,storage-9387,storage,60.19,209
9388,lighting-9388,lighting,61.56,216
9389,breakroom-9389,breakroom,62.93,223
9390,furniture-9390,furniture,64.30,230
9391,stationery-9391,stationery,65.67,237
9392,peripherals-9392,peripherals,67.04,244
9393,storage-9393,storage,68.41,251
9394,lighting-9394,lighting,69.78,258
9395,breakroom-9395,breakroom,71.15,265
9396,furniture-9396,furniture,72.52,272
9397,stationery-9397,stationery,73.89,279
9398,peripherals-9398,peripherals,75.26,286
9399,storage-9399,storage,76.63,293
9400,lighting-9400,lighting,78.00,300
9401,breakroom-9401,breakroom,79.37,307
9402,furniture-9402,furniture,80.74,314
9403,stationery-9403,stationery,82.11,321
9404,peripherals-9404,peripherals,83.48,328
9405,storage-9405,storage,84.85,335
9406,lighting-9406,lighting,86.22,342
9407,breakroom-9407,breakroom,87.59,349
9408,furniture-9408,furniture,88.96,356
9409,stationery-9409,stationery,90.33,363
9410,peripherals-9410,peripherals,91.70,370
9411,storage-9411,storage,93.07,377
9412,lighting-9412,lighting,94.44,384
9413,breakroom-9413,breakroom,95.81,391
9414,furniture-9414,furniture,97.18,398
9415,stationery-9415,stationery,98.55,405
9416,peripherals-9416,peripherals,99.92,412
9417,storage-9417,storage,1.29,419
9418,lighting-9418,lighting,2.66,426
9419,breakroom-9419,breakroom,4.03,433
9420,furniture-9420,furniture,5.40,440
9421,stationery-9421,stationery,6.77,447
9422,peripherals-9422,peripherals,8.14,454
9423,storage-9423,storage,9.51,461
9424,lighting-9424,lighting,10.88,468
9425,breakroom-9425,breakroom,12.25,475
9426,furniture-9426,furniture,13.62,482
9427,stationery-9427,stationery,14.99,489
9428,peripherals-9428,peripherals,16.36,496
9429,storage-9429,storage,17.73,3
9430,lighting-9430,lighting,19.10,10
9431,breakroom-9431,breakroom,20.47,17
9432,furniture-9432,furniture,21.84,24
9433,stationery-9433,stationery,23.21,31
9434,peripherals-9434,peripherals,24.58,38
9435,storage-9435,storage,25.95,45
9436,lighting-9436,lighting,27.32,52
9437,breakroom-9437,breakroom,28.69,59
9438,furniture-9438,furniture,30.06,66
9439,stationery-9439,stationery,31.43,73
9440,peripherals-9440,peripherals,32.80,80
9441,storage-9441,storage,34.17,87
9442,lighting-9442,lighting,35.54,94
9443,breakroom-9443,breakroom,36.91,101
9444,furniture-9444,furniture,38.28,108
9445,stationery-9445,stationery,39.65,115
9446,peripherals-9446,peripherals,41.02,122
9447,storage-9447,storage,42.39,129
9448,lighting-9448,lighting,43.76,136
9449,breakroom-9449,breakroom,45.13,143
9450,furniture-9450,furniture,46.50,150
9451,stationery-9451,stationery,47.87,157
9452,peripherals-9452,peripherals,49.24,164
9453,storage-9453,storage,50.61,171
9454,lighting-9454,lighting,51.98,178
9455,breakroom-9455,breakroom,53.35,185
9456,furniture-9456,furniture,54.72,192
9457,stationery-9457,stationery,56.09,199
9458,peripherals-9458,peripherals,57.46,206
9459,storage-9459,storage,58.83,213
9460,lighting-9460,lighting,60.20,220
9461,breakroom-9461,breakroom,61.57,227
9462,furniture-9462,furniture,62.94,234
9463,stationery-9463,stationery,64.31,241
9464,peripherals-9464,peripherals,65.68,248
9465,storage-9465,storage,67.05,255
9466,lighting-9466,lighting,68.42,262
9467,breakroom-9467,breakroom,69.79,269
9468,furniture-9468,furniture,71.16,276
9469,stationery-9469,stationery,72.53,283
9470,peripherals-9470,peripherals,73.90,290
9471,storage-9471,storage,75.27,297
9472,lighting-9472,lighting,76.64,304
9473,breakroom-9473,breakroom,78.01,311
9474,furniture-9474,furniture,79.38,318
9475,stationery-9475,stationery,80.75,325
9476,peripherals-9476,peripherals,82.12,332
9477,storage-9477,storage,83.49,339
9478,lighting-9478,lighting,84.86,346
9479,breakroom-9479,breakroom,86.23,353
9480,furniture-9480,furniture,87.60,360
9481,stationery-9481,stationery,88.97,367
9482,peripherals-9482,peripherals,90.34,374
9483,storage-9483,storage,91.71,381
9484,lighting-9484,lighting,93.08,388
9485,breakroom-9485,breakroom,94.45,395
9486,furniture-9486,furniture,95.82,402
9487,stationery-9487,stationery,97.19,409
9488,peripherals-9488,peripherals,98.56,416
9489,storage-9489,storage,99.93,423
9490,lighting-9490,lighting,1.30,430
9491,breakroom-9491,breakroom,2.67,437
9492,furniture-9492,furniture,4.04,444
9493,stationery-9493,stationery,5.41,451
9494,peripherals-9494,peripherals,6.78,458
9495,storage-9495,storage,8.15,465
9496,lighting-9496,lighting,9.52,472
9497,breakroom-9497,breakroom,10.89,479
9498,furniture-9498,furniture,12.26,486
9499,stationery-9499,stationery,13.63,493
9500,peripherals-9500,peripherals,15.00,0
9501,storage-9501,storage,16.37,7
9502,lighting-9502,lighting,17.74,14
9503,breakroom-9503,breakroom,19.11,21
9504,furniture-9504,furniture,20.48,28
9505,stationery-9505,stationery,21.85,35
9506,peripherals-9506,peripherals,23.22,42
9507,storage-9507,storage,24.59,49
9508,lighting-9508,lighting,25.96,56
9509,breakroom-9509,breakroom,27.33,63
9510,furniture-9510,furniture,28.70,70
9511,stationery-9511,stationery,30.07,77
9512,peripherals-9512,peripherals,31.44,84
9513,storage-9513,storage,32.81,91
9514,lighting-9514,lighting,34.18,98
9515,breakroom-9515,breakroom,35.55,105
9516,furniture-9516,furniture,36.92,112
9517,stationery-9517,stationery,38.29,119
9518,peripherals-9518,peripherals,39.66,126
9519,storage-9519,storage,41.03,133
9520,lighting-9520,lighting,42.40,140
9521,breakroom-9521,breakroom,43.77,147
9522,furniture-9522,furniture,45.14,154
9523,stationery-9523,stationery,46.51,161
9524,peripherals-9524,peripherals,47.88,168
9525,storage-9525,storage,49.25,175
9526,lighting-9526,lighting,50.62,182
9527,breakroom-9527,breakroom,51.99,189
9528,furniture-9528,furniture,53.36,196
9529,stationery-9529,stationery,54.73,203
9530,peripherals-9530,peripherals,56.10,210
9531,storage-9531,storage,57.47,217
9532,lighting-9532,lighting,58.84,224
9533,breakroom-9533,breakroom,60.21,231
9534,furniture-9534,furniture,61.58,238
9535,stationery-9535,stationery,62.95,245
9536,peripherals-9536,peripherals,64.32,252
9537,storage-9537,storage,65.69,259
9538,lighting-9538,lighting,67.06,266
9539,breakroom-9539,breakroom,68.43,273
9540,furniture-9540,furniture,69.80,280
9541,stationery-9541,stationery,71.17,287
9542,peripherals-9542,peripherals,72.54,294
9543,storage-9543,storage,73.91,301
9544,lighting-9544,lighting,75.28,308
9545,breakroom-9545,breakroom,76.65,315
9546,furniture-9546,furniture,78.02,322
9547,stationery-9547,stationery,79.39,329
9548,peripherals-9548,peripherals,80.76,336
9549,storage-9549,storage,82.13,343
9550,lighting-9550,lighting,83.50,350
9551,breakroom-9551,breakroom,84.87,357
9552,furniture-9552,furniture,86.24,364
9553,stationery-9553,stationery,87.61,371
9554,peripherals-9554,peripherals,88.98,378
9555,storage-9555,storage,90.35,385
9556,lighting-9556,lighting,91.72,392
9557,breakroom-9557,breakroom,93.09,399
9558,furniture-9558,furniture,94.46,406
9559,stationery-9559,stationery,95.83,413
9560,peripherals-9560,peripherals,97.20,420
9561,storage-9561,storage,98.57,427
9562,lighting-9562,lighting,99.94,434
9563,breakroom-9563,breakroom,1.31,441
9564,furniture-9564,furniture,2.68,448
9565,stationery-9565,stationery,4.05,455
9566,peripherals-9566,peripherals,5.42,462
9567,storage-9567,storage,6.79,469
9568,lighting-9568,lighting,8.16,476
9569,breakroom-9569,breakroom,9.53,483
9570,furniture-9570,furniture,10.90,490
9571,stationery-9571,stationery,12.27,497
9572,peripherals-9572,peripherals,13.64,4
9573,storage-9573,storage,15.01,11
9574,lighting-9574,lighting,16.38,18
9575,breakroom-9575,breakroom,17.75,25
9576,furniture-9576,furniture,19.12,32
9577,stationery-9577,stationery,20.49,39
9578,peripherals-9578,peripherals,21.86,46
9579,storage-9579,storage,23.23,53
9580,lighting-9580,lighting,24.60,60
9581,breakroom-9581,breakroom,25.97,67
9582,furniture-9582,furniture,27.34,74
9583,stationery-9583,stationery,28.71,81
9584,peripherals-9584,peripherals,30.08,88
9585,storage-9585,storage,31.45,95
9586,lighting-9586,lighting,32.82,102
9587,breakroom-9587,breakroom,34.19,109
9588,furniture-9588,furniture,35.56,116
9589,stationery-9589,stationery,36.93,123
9590,peripherals-9590,peripherals,38.30,130
9591,storage-9591,storage,39.67,137
9592,lighting-9592,lighting,41.04,144
9593,breakroom-9593,breakroom,42.41,151
9594,furniture-9594,furniture,43.78,158
9595,stationery-9595,stationery,45.15,165
9596,peripherals-9596,peripherals,46.52,172
9597,storage-9597,storage,47.89,179
9598,lighting-9598,lighting,49.26,186
9599,breakroom-9599,breakroom,50.63,193
9600,furniture-9600,furniture,52.00,200
9601,stationery-9601,stationery,53.37,207
9602,peripherals-9602,peripherals,54.74,214
9603,storage-9603,storage,56.11,221
9604,lighting-9604,lighting,57.48,228
9605,breakroom-9605,breakroom,58.85,235
9606,furniture-9606,furniture,60.22,242
9607,stationery-9607,stationery,61.59,249
9608,peripherals-9608,peripherals,62.96,256
9609,storage-9609,storage,64.33,263
9610,lighting-9610,lighting,65.70,270
9611,breakroom-9611,breakroom,67.07,277
9612,furniture-9612,furniture,68.44,284
9613,stationery-9613,stationery,69.81,291
9614,peripherals-9614,peripherals,71.18,298
9615,storage-9615,storage,72.55,305
9616,lighting-9616,lighting,73.92,312
9617,breakroom-9617,breakroom,75.29,319
9618,furniture-9618,furniture,76.66,326
9619,stationery-9619,stationery,78.03,333
9620,peripherals-9620,peripherals,79.40,340
9621,storage-9621,storage,80.77,347
9622,lighting-9622,lighting,82.14,354
9623,breakroom-9623,breakroom,83.51,361
9624,furniture-9624,furniture,84.88,368
9625,stationery-9625,stationery,86.25,375
9626,peripherals-9626,peripherals,87.62,382
9627,storage-9627,storage,88.99,389
9628,lighting-9628,lighting,90.36,396
9629,breakroom-9629,breakroom,91.73,403
9630,furniture-9630,furniture,93.10,410
9631,stationery-9631,stationery,94.47,417
9632,peripherals-9632,peripherals,95.84,424
9633,storage-9633,storage,97.21,431
9634,lighting-9634,lighting,98.58,438
9635,breakroom-9635,breakroom,99.95,445
9636,furniture-9636,furniture,1.32,452
9637,stationery-9637,stationery,2.69,459
9638,peripherals-9638,peripherals,4.06,466
9639,storage-9639,storage,5.43,473
9640,lighting-9640,lighting,6.80,480
9641,breakroom-9641,breakroom,8.17,487
9642,furniture-9642,furniture,9.54,494
9643,stationery-9643,stationery,10.91,1
9644,peripherals-9644,peripherals,12.28,8
9645,storage-9645,storage,13.65,15
9646,lighting-9646,lighting,15.02,22
9647,breakroom-9647,breakroom,16.39,29
9648,furniture-9648,furniture,17.76,36
9649,stationery-9649,stationery,19.13,43
9650,peripherals-9650,peripherals,20.50,50
9651,storage-9651,storage,21.87,57
9652,lighting-9652,lighting,23.24,64
9653,breakroom-9653,breakroom,24.61,71
9654,furniture-9654,furniture,25.98,78
9655,stationery-9655,stationery,27.35,85
9656,peripherals-9656,peripherals,28.72,92
9657,storage-9657,storage,30.09,99
9658,lighting-9658,lighting,31.46,106
9659,breakroom-9659,breakroom,32.83,113
9660,furniture-9660,furniture,34.20,120
9661,stationery-9661,stationery,35.57,127
9662,peripherals-9662,peripherals,36.94,134
9663,storage-9663,storage,38.31,141
9664,lighting-9664,lighting,39.68,148
9665,breakroom-9665,breakroom,41.05,155
9666,furniture-9666,furniture,42.42,162
9667,stationery-9667,stationery,43.79,169
9668,peripherals-9668,peripherals,45.16,176
9669,storage-9669,storage,46.53,183
9670,lighting-9670,lighting,47.90,190
9671,breakroom-9671,breakroom,49.27,197
9672,furniture-9672,furniture,50.64,204
9673,stationery-9673,stationery,52.01,211
9674,peripherals-9674,peripherals,53.38,218
9675,storage-9675,storage,54.75,225
9676,lighting-9676,lighting,56.12,232
9677,breakroom-9677,breakroom,57.49,239
9678,furniture-9678,furniture,58.86,246
9679,stationery-9679,stationery,60.23,253
9680,peripherals-9680,peripherals,61.60,260
9681,storage-9681,storage,62.97,267
9682,lighting-9682,lighting,64.34,274
9683,breakroom-9683,breakroom,65.71,281
9684,furniture-9684,furniture,67.08,288
9685,stationery-9685,stationery,68.45,295
9686,peripherals-9686,peripherals,69.82,302
9687,storage-9687,storage,71.19,309
9688,lighting-9688,lighting,72.56,316
9689,breakroom-9689,breakroom,73.93,323
9690,furniture-9690,furniture,75.30,330
9691,stationery-9691,stationery,76.67,337
9692,peripherals-9692,peripherals,78.04,344
9693,storage-9693,storage,79.41,351
9694,lighting-9694,lighting,80.78,358
9695,breakroom-9695,breakroom,82.15,365
9696,furniture-9696,furniture,83.52,372
9697,stationery-9697,stationery,84.89,379
9698,peripherals-9698,peripherals,86.26,386
9699,storage-9699,storage,87.63,393
9700,lighting-9700,lighting,89.00,400
9701,breakroom-9701,breakroom,90.37,407
9702,furniture-9702,furniture,91.74,414
9703,stationery-9703,stationery,93.11,421
9704,peripherals-9704,peripherals,94.48,428
9705,storage-9705,storage,95.85,435
9706,lighting-9706,lighting,97.22,442
9707,breakroom-9707,breakroom,98.59,449
9708,furniture-9708,furniture,99.96,456
9709,stationery-9709,stationery,1.33,463
9710,peripherals-9710,peripherals,2.70,470
9711,storage-9711,storage,4.07,477
9712,lighting-9712,lighting,5.44,484
9713,breakroom-9713,breakroom,6.81,491
9714,furniture-9714,furniture,8.18,498
9715,stationery-9715,stationery,9.55,5
9716,peripherals-9716,peripherals,10.92,12
9717,storage-9717,storage,12.29,19
9718,lighting-9718,lighting,13.66,26
9719,breakroom-9719,breakroom,15.03,33
9720,furniture-9720,furniture,16.40,40
9721,stationery-9721,stationery,17.77,47
9722,peripherals-9722,peripherals,19.14,54
9723,storage-9723,storage,20.51,61
9724,lighting-9724,lighting,21.88,68
9725,breakroom-9725,breakroom,23.25,75
9726,furniture-9726,furniture,24.62,82
9727,stationery-9727,stationery,25.99,89
9728,peripherals-9728,peripherals,27.36,96
9729,storage-9729,storage,28.73,103
9730,lighting-9730,lighting,30.10,110
9731,breakroom-9731,breakroom,31.47,117
9732,furniture-9732,furniture,32.84,124
9733,stationery-9733,stationery,34.21,131
9734,peripherals-9734,peripherals,35.58,138
9735,storage-9735,storage,36.95,145
9736,lighting-9736,lighting,38.32,152
9737,breakroom-9737,breakroom,39.69,159
9738,furniture-9738,furniture,41.06,166
9739,stationery-9739,stationery,42.43,173
9740,peripherals-9740,peripherals,43.80,180
9741,storage-9741,storage,45.17,187
9742,lighting-9742,lighting,46.54,194
9743,breakroom-9743,breakroom,47.91,201
9744,furniture-9744,furniture,49.28,208
9745,stationery-9745,stationery,50.65,215
9746,peripherals-9746,peripherals,52.02,222
9747,storage-9747,storage,53.39,229
9748,lighting-9748,lighting,54.76,236
9749,breakroom-9749,breakroom,56.13,243
9750,furniture-9750,furniture,57.50,250
9751,stationery-9751,stationery,58.87,257
9752,peripherals-9752,peripherals,60.24,264
9753,storage-9753,storage,61.61,271
9754,lighting-9754,lighting,62.98,278
9755,breakroom-9755,breakroom,64.35,285
9756,furniture-9756,furniture,65.72,292
9757,stationery-9757,stationery,67.09,299
9758,peripherals-9758,peripherals,68.46,306
9759,storage-9759,storage,69.83,313
9760,lighting-9760,lighting,71.20,320
9761,breakroom-9761,breakroom,72.57,327
9762,furniture-9762,furniture,73.94,334
9763,stationery-9763,stationery,75.31,341
9764,peripherals-9764,peripherals,76.68,348
9765,storage-9765,storage,78.05,355
9766,lighting-9766,lighting,79.42,362
9767,breakroom-9767,breakroom,80.79,369
9768,furniture-9768,furniture,82.16,376
9769,stationery-9769,stationery,83.53,383
9770,peripherals-9770,peripherals,84.90,390
9771,storage-9771,storage,86.27,397
9772,lighting-9772,lighting,87.64,404
9773,breakroom-9773,breakroom,89.01,411
9774,furniture-9774,furniture,90.38,418
9775,stationery-9775,stationery,91.75,425
9776,peripherals-9776,peripherals,93.12,432
9777,storage-9777,storage,94.49,439
9778,lighting-9778,lighting,95.86,446
9779,breakroom-9779,breakroom,97.23,453
9780,furniture-9780,furniture,98.60,460
9781,stationery-9781,stationery,99.97,467
9782,peripherals-9782,peripherals,1.34,474
9783,storage-9783,storage,2.71,481
9784,lighting-9784,lighting,4.08,488
9785,breakroom-9785,breakroom,5.45,495
9786,furniture-9786,furniture,6.82,2
9787,stationery-9787,stationery,8.19,9
9788,peripherals-9788,peripherals,9.56,16
9789,storage-9789,storage,10.93,23
9790,lighting-9790,lighting,12.30,30
9791,breakroom-9791,breakroom,13.67,37
9792,furniture-9792,furniture,15.04,44
9793,stationery-9793,stationery,16.41,51
9794,peripherals-9794,peripherals,17.78,58
9795,storage-9795,storage,19.15,65
9796,lighting-9796,lighting,20.52,72
9797,breakroom-9797,breakroom,21.89,79
9798,furniture-9798,furniture,23.26,86
9799,stationery-9799,stationery,24.63,93
9800,peripherals-9800,peripherals,26.00,100
9801,storage-9801,storage,27.37,107
9802,lighting-9802,lighting,28.74,114
9803,breakroom-9803,breakroom,30.11,121
9804,furniture-9804,furniture,31.48,128
9805,stationery-9805,stationery,32.85,135
9806,peripherals-9806,peripherals,34.22,142
9807,storage-9807,storage,35.59,149
9808,lighting-9808,lighting,36.96,156
9809,breakroom-9809,breakroom,38.33,163
9810,furniture-9810,furniture,39.70,170
9811,stationery-9811,stationery,41.07,177
9812,peripherals-9812,peripherals,42.44,184
9813,storage-9813,storage,43.81,191
9814,lighting-9814,lighting,45.18,198
9815,breakroom-9815,breakroom,46.55,205
9816,furniture-9816,furniture,47.92,212
9817,stationery-9817,stationery,49.29,219
9818,peripherals-9818,peripherals,50.66,226
9819,storage-9819,storage,52.03,233
9820,lighting-9820,lighting,53.40,240
9821,breakroom-9821,breakroom,54.77,247
9822,furniture-9822,furniture,56.14,254
9823,stationery-9823,stationery,57.51,261
9824,peripherals-9824,peripherals,58.88,268
9825,storage-9825,storage,60.25,275
9826,lighting-9826,lighting,61.62,282
9827,breakroom-9827,breakroom,62.99,289
9828,furniture-9828,furniture,64.36,296
9829,stationery-9829,stationery,65.73,303
9830,peripherals-9830,peripherals,67.10,310
9831,storage-9831,storage,68.47,317
9832,lighting-9832,lighting,69.84,324
9833,breakroom-9833,breakroom,71.21,331
9834,furniture-9834,furniture,72.58,338
9835,stationery-9835,stationery,73.95,345
9836,peripherals-9836,peripherals,75.32,352
9837,storage-9837,storage,76.69,359
9838,lighting-9838,lighting,78.06,366
9839,breakroom-9839,breakroom,79.43,373
9840,furniture-9840,furniture,80.80,380
9841,stationery-9841,stationery,82.17,387
9842,peripherals-9842,peripherals,83.54,394
9843,storage-9843,storage,84.91,401
9844,lighting-9844,lighting,86.28,408
9845,breakroom-9845,breakroom,87.65,415
9846,furniture-9846,furniture,89.02,422
9847,stationery-9847,stationery,90.39,429
9848,peripherals-9848,peripherals,91.76,436
9849,storage-9849,storage,93.13,443
9850,lighting-9850,lighting,94.50,450
9851,breakroom-9851,breakroom,95.87,457
9852,furniture-9852,furniture,97.24,464
9853,stationery-9853,stationery,98.61,471
9854,peripherals-9854,peripherals,99.98,478
9855,storage-9855,storage,1.35,485
9856,lighting-9856,lighting,2.72,492
9857,breakroom-9857,breakroom,4.09,499
9858,furniture-9858,furniture,5.46,6
9859,stationery-9859,stationery,6.83,13
9860,peripherals-9860,peripherals,8.20,20
9861,storage-9861,storage,9.57,27
9862,lighting-9862,lighting,10.94,34
9863,breakroom-9863,breakroom,12.31,41
9864,furniture-9864,furniture,13.68,48
9865,stationery-9865,stationery,15.05,55
9866,peripherals-9866,peripherals,16.42,62
9867,storage-9867,storage,17.79,69
9868,lighting-9868,lighting,19.16,76
9869,breakroom-9869,breakroom,20.53,83
9870,furniture-9870,furniture,21.90,90
9871,stationery-9871,stationery,23.27,97
9872,peripherals-9872,peripherals,24.64,104
9873,storage-9873,storage,26.01,111
9874,lighting-9874,lighting,27.38,118
9875,breakroom-9875,breakroom,28.75,125
9876,furniture-9876,furniture,30.12,132
9877,stationery-9877,stationery,31.49,139
9878,peripherals-9878,peripherals,32.86,146
9879,storage-9879,storage,34.23,153
9880,lighting-9880,lighting,35.60,160
9881,breakroom-9881,breakroom,36.97,167
9882,furniture-9882,furniture,38.34,174
9883,stationery-9883,stationery,39.71,181
9884,peripherals-9884,peripherals,41.08,188
9885,storage-9885,storage,42.45,195
9886,lighting-9886,lighting,43.82,202
9887,breakroom-9887,breakroom,45.19,209
9888,furniture-9888,furniture,46.56,216
9889,stationery-9889,stationery,47.93,223
9890,peripherals-9890,peripherals,49.30,230
9891,storage-9891,storage,50.67,237
9892,lighting-9892,lighting,52.04,244
9893,breakroom-9893,breakroom,53.41,251
9894,furniture-9894,furniture,54.78,258
9895,stationery-9895,stationery,56.15,265
9896,peripherals-9896,peripherals,57.52,272
9897,storage-9897,storage,58.89,279
9898,lighting-9898,lighting,60.26,286
9899,breakroom-9899,breakroom,61.63,293
9900,furniture-9900,furniture,63.00,300
9901,stationery-9901,stationery,64.37,307
9902,peripherals-9902,peripherals,65.74,314
9903,storage-9903,storage,67.11,321
9904,lighting-9904,lighting,68.48,328
9905,breakroom-9905,breakroom,69.85,335
9906,furniture-9906,furniture,71.22,342
9907,stationery-9907,stationery,72.59,349
9908,peripherals-9908,peripherals,73.96,356
9909,storage-9909,storage,75.33,363
9910,lighting-9910,lighting,76.70,370
9911,breakroom-9911,breakroom,78.07,377
9912,furniture-9912,furniture,79.44,384
9913,stationery-9913,stationery,80.81,391
9914,peripherals-9914,peripherals,82.18,398
9915,storage-9915,storage,83.55,405
9916,lighting-9916,lighting,84.92,412
9917,breakroom-9917,breakroom,86.29,419
9918,furniture-9918,furniture,87.66,426
9919,stationery-9919,stationery,89.03,433
9920,peripherals-9920,peripherals,90.40,440
9921,storage-9921,storage,91.77,447
9922,lighting-9922,lighting,93.14,454
9923,breakroom-9923,breakroom,94.51,461
9924,furniture-9924,furniture,95.88,468
9925,stationery-9925,stationery,97.25,475
9926,peripherals-9926,peripherals,98.62,482
9927,storage-9927,storage,99.99,489
9928,lighting-9928,lighting,1.36,496
9929,breakroom-9929,breakroom,2.73,3
9930,furniture-9930,furniture,4.10,10
9931,stationery-9931,stationery,5.47,17
9932,peripherals-9932,peripherals,6.84,24
9933,storage-9933,storage,8.21,31
9934,lighting-9934,lighting,9.58,38
9935,breakroom-9935,breakroom,10.95,45
9936,furniture-9936,furniture,12.32,52
9937,stationery-9937,stationery,13.69,59
9938,peripherals-9938,peripherals,15.06,66
9939,storage-9939,storage,16.43,73
9940,lighting-9940,lighting,17.80,80
9941,breakroom-9941,breakroom,19.17,87
9942,furniture-9942,furniture,20.54,94
9943,stationery-9943,stationery,21.91,101
9944,peripherals-9944,peripherals,23.28,108
9945,storage-9945,storage,24.65,115
9946,lighting-9946,lighting,26.02,122
9947,breakroom-9947,breakroom,27.39,129
9948,furniture-9948,furniture,28.76,136
9949,stationery-9949,stationery,30.13,143
9950,peripherals-9950,peripherals,31.50,150
9951,storage-9951,storage,32.87,157
9952,lighting-9952,lighting,34.24,164
9953,breakroom-9953,breakroom,35.61,171
9954,furniture-9954,furniture,36.98,178
9955,stationery-9955,stationery,38.35,185
9956,peripherals-9956,peripherals,39.72,192
9957,storage-9957,storage,41.09,199
9958,lighting-9958,lighting,42.46,206
9959,breakroom-9959,breakroom,43.83,213
9960,furniture-9960,furniture,45.20,220
9961,stationery-9961,stationery,46.57,227
9962,peripherals-9962,peripherals,47.94,234
9963,storage-9963,storage,49.31,241
9964,lighting-9964,lighting,50.68,248
9965,breakroom-9965,breakroom,52.05,255
9966,furniture-9966,furniture,53.42,262
9967,stationery-9967,stationery,54.79,269
9968,peripherals-9968,peripherals,56.16,276
9969,storage-9969,storage,57.53,283
9970,lighting-9970,lighting,58.90,290
9971,breakroom-9971,breakroom,60.27,297
9972,furniture-9972,furniture,61.64,304
9973,stationery-9973,stationery,63.01,311
9974,peripherals-9974,peripherals,64.38,318
9975,storage-9975,storage,65.75,325
9976,lighting-9976,lighting,67.12,332
9977,breakroom-9977,breakroom,68.49,339
9978,furniture-9978,furniture,69.86,346
9979,stationery-9979,stationery,71.23,353
9980,peripherals-9980,peripherals,72.60,360
9981,storage-9981,storage,73.97,367
9982,lighting-9982,lighting,75.34,374
9983,breakroom-9983,breakroom,76.71,381
9984,furniture-9984,furniture,78.08,388
9985,stationery-9985,stationery,79.45,395
9986,peripherals-9986,peripherals,80.82,402
9987,storage-9987,storage,82.19,409
9988,lighting-9988,lighting,83.56,416
9989,breakroom-9989,breakroom,84.93,423
9990,furniture-9990,furniture,86.30,430
9991,stationery-9991,stationery,87.67,437
9992,peripherals-9992,peripherals,89.04,444
9993,storage-9993,storage,90.41,451
9994,lighting-9994,lighting,91.78,458
9995,breakroom-9995,breakroom,93.15,465
9996,furniture-9996,furniture,94.52,472
9997,stationery-9997,stationery,95.89,479
9998,peripherals-9998,peripherals,97.26,486
9999,storage-9999,storage,98.63,493
10000,lighting-10000,lighting,0.00,0